-- phpMyAdmin SQL Dump
-- version 5.1.1
-- https://www.phpmyadmin.net/
--
-- Host: 127.0.0.1
-- Generation Time: Mar 28, 2022 at 05:33 AM
-- Server version: 10.4.22-MariaDB
-- PHP Version: 8.0.13

SET SQL_MODE = "NO_AUTO_VALUE_ON_ZERO";
START TRANSACTION;
SET time_zone = "+00:00";


/*!40101 SET @OLD_CHARACTER_SET_CLIENT=@@CHARACTER_SET_CLIENT */;
/*!40101 SET @OLD_CHARACTER_SET_RESULTS=@@CHARACTER_SET_RESULTS */;
/*!40101 SET @OLD_COLLATION_CONNECTION=@@COLLATION_CONNECTION */;
/*!40101 SET NAMES utf8mb4 */;

--
-- Database: `titanstone`
--

-- --------------------------------------------------------

--
-- Table structure for table `banner`
--

CREATE TABLE `banner` (
  `id` int(11) NOT NULL,
  `ten` text DEFAULT NULL,
  `link` text DEFAULT NULL,
  `thutu` int(11) DEFAULT NULL,
  `mobile` text DEFAULT NULL,
  `desktop` text DEFAULT NULL
) ENGINE=MyISAM DEFAULT CHARSET=utf8;

--
-- Dumping data for table `banner`
--

INSERT INTO `banner` (`id`, `ten`, `link`, `thutu`, `mobile`, `desktop`) VALUES
(1, 'Sàn đá tự nhiên', 'tranh-da', 0, '2021-12-06-14-36-10-Untitled-7.png', '2021-12-06-14-36-10-Untitled-8.png'),
(2, 'Sàn đá tự nhiên', 'tranh-da', 1, '2021-12-06-14-31-52-Untitled-5.png', '2021-12-06-14-31-52-Untitled-6.png'),
(3, 'Đá tự nhiên phòng khách', 'tranh-da', 2, '2021-12-06-14-28-14-Untitled-3.png', '2021-12-06-14-28-14-Untitled-4.png'),
(4, 'Tranh đá tự nhiên', 'tranh-da', 3, '2021-11-25-15-16-18-3.jpg', '2021-11-25-15-27-56-4.jpg'),
(5, 'Cầu thang đá tự nhiên', 'tranh-da', 4, '2021-11-25-15-16-39-4.jpg', '2021-11-25-15-28-01-5.jpg');

-- --------------------------------------------------------

--
-- Table structure for table `bannerdanhmuc`
--

CREATE TABLE `bannerdanhmuc` (
  `id` int(11) NOT NULL,
  `ten` text DEFAULT NULL,
  `hinh` text DEFAULT NULL,
  `link` text DEFAULT NULL,
  `danhmuc` int(11) NOT NULL
) ENGINE=MyISAM DEFAULT CHARSET=utf8;

--
-- Dumping data for table `bannerdanhmuc`
--

INSERT INTO `bannerdanhmuc` (`id`, `ten`, `hinh`, `link`, `danhmuc`) VALUES
(1, 'Banner', '2022-03-27-09-37-31-1.png', 'dsds', 2),
(2, 'Banner 2', '2022-03-27-09-39-29-3.png', 'sá', 4);

-- --------------------------------------------------------

--
-- Table structure for table `catalog`
--

CREATE TABLE `catalog` (
  `id` int(11) NOT NULL,
  `ten` text DEFAULT NULL,
  `hinh` text DEFAULT NULL
) ENGINE=InnoDB DEFAULT CHARSET=utf8;

--
-- Dumping data for table `catalog`
--

INSERT INTO `catalog` (`id`, `ten`, `hinh`) VALUES
(1, 'Hình 1', '2021-06-19-08-42-221.jpg'),
(2, 'Hình 2', '2021-06-19-08-42-292.jpg'),
(3, 'Hình 3', '2021-06-19-08-42-373.jpg'),
(4, 'Hình  4', '2021-06-19-08-42-454.jpg'),
(5, 'Hình 5', '2021-06-19-08-42-525.jpg'),
(6, 'Hình 6', '2021-06-19-08-42-596.jpg'),
(7, 'Hình 7', '2021-06-19-08-43-067.jpg'),
(8, 'Hình 8', '2021-06-19-08-43-138.jpg'),
(9, 'Hình 9', '2021-06-19-08-43-209.jpg'),
(10, 'Hình 10', '2021-06-19-08-43-2810.jpg'),
(11, 'Hình 11', '2021-06-19-08-43-3611.jpg'),
(12, 'Hình 12', '2021-06-19-08-43-4212.jpg'),
(13, 'Hình 13', '2021-06-19-08-43-4913.jpg'),
(14, 'Hình 14', '2021-06-19-08-43-5714.jpg'),
(15, 'Hình 15', '2021-06-19-08-44-0415.jpg'),
(16, 'Hình 16', '2021-06-19-08-44-1116.jpg'),
(17, 'Hình 17', '2021-06-19-08-44-1817.jpg'),
(18, 'Hình 18', '2021-06-19-08-44-2618.jpg'),
(19, 'Hình 19', '2021-06-19-08-44-3419.jpg'),
(20, 'Hình 20', '2021-06-19-08-44-4520.jpg'),
(21, 'Hình 21', '2021-06-19-08-45-0521.jpg');

-- --------------------------------------------------------

--
-- Table structure for table `chinhsach`
--

CREATE TABLE `chinhsach` (
  `id` int(11) NOT NULL,
  `ten` text DEFAULT NULL,
  `hinh` text DEFAULT NULL,
  `mota` text DEFAULT NULL,
  `noidung` text DEFAULT NULL,
  `ngay` date DEFAULT NULL,
  `slug` text DEFAULT NULL
) ENGINE=InnoDB DEFAULT CHARSET=utf8;

--
-- Dumping data for table `chinhsach`
--

INSERT INTO `chinhsach` (`id`, `ten`, `hinh`, `mota`, `noidung`, `ngay`, `slug`) VALUES
(1, 'Mua hàng tại Alva', '2021-06-22-16-32-32mua-hang.jpg', 'Chính sách mua sản phẩm', '<p>C&ocirc;ng ty TNHH ALVA&nbsp; tự h&agrave;o mang đến cho qu&yacute; kh&aacute;ch h&agrave;ng đ&aacute; tự nhi&ecirc;n chất lượng tốt nhất, gi&aacute; cả cạnh tranh nhất. ALVA xin gửi đến qu&yacute; kh&aacute;ch h&agrave;ng hướng dẫn mua h&agrave;ng cụ thể như sau:</p>\r\n\r\n<h2>Đặt h&agrave;ng qua điện thoại</h2>\r\n\r\n<p>Gọi điện đến số hotline: 0766698883 từ 7h00 đến 19h00 c&aacute;c ng&agrave;y trong tuần từ thứ hai đến thứ 7 để được hỗ trợ nhanh nhất.</p>\r\n\r\n<h2>Đặt h&agrave;ng qua website v&agrave; fanpage</h2>\r\n\r\n<p>Đặt h&agrave;ng tr&ecirc;n website: <a href=\"https://daxuyensang.vn\">daxuyensang.vn</a>&nbsp;hoặc Facebook: <a href=\"https://www.facebook.com/daxuyensangALVA\">Đ&aacute; Xuy&ecirc;n S&aacute;ng ALVA</a> hoặc để lại th&ocirc;ng tin số điện thoại ALVA sẽ gọi điện tư vấn v&agrave; hướng dẫn qu&yacute; kh&aacute;ch h&agrave;ng mua h&agrave;ng được nhanh nhất.</p>\r\n', '2021-06-22', 'chinh-sach-mua-hang'),
(2, 'Chính sách vận chuyển', '2021-06-22-16-59-23van-chuyen.jpg', 'Chính sách vận chuyển sản phẩm đá Alva', '<h2>Đối tượng &aacute;p dụng</h2>\r\n\r\n<p>D&agrave;nh cho tất cả kh&aacute;ch h&agrave;ng mua h&agrave;ng online hoặc offline của c&ocirc;ng ty TNHH ALVA.</p>\r\n\r\n<h2>H&igrave;nh thức &aacute;p dụng</h2>\r\n\r\n<p>Miễn ph&iacute; cước vận chuyển cho nh&agrave; ph&acirc;n phối, đại l&yacute; cấp 1 trong khu vực Miền Bắc.</p>\r\n\r\n<p>Thu ph&iacute; cước vận chuyển đối với nh&agrave; ph&acirc;n phối, đại l&yacute; cấp 1 khi vận chuyển h&agrave;ng đi c&aacute;c tỉnh miền Trung v&agrave; miền Nam. Đơn gi&aacute; cước vận chuyển sẽ được t&iacute;nh theo bảng gi&aacute; của đơn vị vận chuyển. Qu&yacute; kh&aacute;ch h&agrave;ng sẽ được th&ocirc;ng b&aacute;o r&otilde; r&agrave;ng về chi ph&iacute; vận chuyển n&agrave;y</p>\r\n\r\n<h2>Thời gian giao h&agrave;ng</h2>\r\n\r\n<p>T&ugrave;y thuộc v&agrave;o khoảng c&aacute;ch vận chuyển sẽ từ 17 ng&agrave;y.</p>\r\n\r\n<p>Một số trường hợp ALVA c&oacute; thể giao h&agrave;ng chậm trễ do những điều kiện bất khả kh&aacute;ng như thời tiết, điều kiện giao th&ocirc;ng, dịch bệnh, xe hỏng h&oacute;c tr&ecirc;n đường giao h&agrave;ng hoặc trục trặc khi xuất h&agrave;ng.</p>\r\n\r\n<h2>Tr&aacute;ch nhiệm với h&agrave;ng h&oacute;a</h2>\r\n\r\n<p>Ch&uacute;ng t&ocirc;i sẽ chịu tr&aacute;ch nhiệm với h&agrave;ng h&oacute;a v&agrave; c&aacute;c rủi ro như mất m&aacute;t hoặc hư hại gẫy vỡ của h&agrave;ng h&oacute;a trong suốt qu&aacute; tr&igrave;nh vận chuyển từ kho h&agrave;ng của ALVA đến qu&yacute; kh&aacute;ch h&agrave;ng.</p>\r\n\r\n<p>Khi nhận h&agrave;ng h&oacute;a qu&yacute; kh&aacute;ch h&agrave;ng c&oacute; tr&aacute;ch nhiệm kiểm tra h&agrave;ng h&oacute;a trước khi k&yacute; nhận v&agrave; th&ocirc;ng b&aacute;o với ALVA khi ph&aacute;t hiện h&agrave;ng h&oacute;a bị g&atilde;y, vỡ, hoặc h&agrave;ng h&oacute;a sai quy c&aacute;ch với đơn h&agrave;ng đ&atilde; đặt.</p>\r\n\r\n<p>Sau khi kh&aacute;ch h&agrave;ng đ&atilde; k&yacute; nhận v&agrave;o bi&ecirc;n bản b&agrave;n giao h&agrave;ng h&oacute;a, ALVA kh&ocirc;ng chịu tr&aacute;ch nhiệm với những y&ecirc;u cầu đổi, trả v&igrave; g&atilde;y, vỡ, sai quy c&aacute;ch, ... từ ph&iacute;a qu&yacute; kh&aacute;ch h&agrave;ng.</p>\r\n\r\n<h2>C&aacute;c điều kiện kh&aacute;c</h2>\r\n\r\n<p>Trong c&aacute;c trường hợp bất khả kh&aacute;ng, do thi&ecirc;n tai, lũ lụt, hỏng h&oacute;c cầu ph&agrave; &hellip;, ch&uacute;ng t&ocirc;i kh&ocirc;ng chịu tr&aacute;ch nhiệm bồi thường thiệt hại ph&aacute;t sinh do giao h&agrave;ng kh&ocirc;ng đ&uacute;ng thời gian hoặc kh&ocirc;ng vận chuyển h&agrave;ng h&oacute;a đến đ&uacute;ng địa điểm như đ&atilde; thỏa thuận với kh&aacute;ch h&agrave;ng.</p>\r\n\r\n<p>Trường hợp ch&uacute;ng t&ocirc;i đ&atilde; vận chuyển h&agrave;ng đến địa điểm giao nhận như thỏa thuận mua h&agrave;ng, nhưng v&igrave; một l&yacute; do n&agrave;o đ&oacute; kh&aacute;ch h&agrave;ng y&ecirc;u cầu trả lại h&agrave;ng th&igrave; l&uacute;c đ&oacute; kh&aacute;ch h&agrave;ng phải chịu chi ph&iacute; vận chuyển theo biểu gi&aacute; quy định của ch&uacute;ng t&ocirc;i.</p>\r\n\r\n<p>Trong những ng&agrave;y đặc biệt hoặc c&aacute;c ng&agrave;y Lễ hội do ch&iacute;nh s&aacute;ch giao th&ocirc;ng chung bị hạn chế (cấm đường đối với một số phương tiện&hellip;) thời gian giao h&agrave;ng c&oacute; thể sẽ thay đổi, Ch&uacute;ng t&ocirc;i sẽ gọi điện cho kh&aacute;ch h&agrave;ng để thống nhất thời gian giao nhận.</p>\r\n', '2021-06-22', 'chinh-sach-van-chuyen'),
(3, 'Chính sách bảo hành', '2021-06-23-08-24-11bao-hanh.png', 'Chính sách bảo hành', '<h2>Đối tượng &aacute;p dụng</h2>\r\n\r\n<p>&Aacute;p dụng bảo h&agrave;nh c&aacute;c sản phẩm đ&aacute; tự nhi&ecirc;n xuy&ecirc;n s&aacute;ng, đ&aacute; trắng muối, đ&aacute; đen tia chớp.</p>\r\n\r\n<p style=\"text-align:justify\">Bảo h&agrave;nh 01 năm kể từ ng&agrave;y nghiệm thu sản phẩm đối với c&aacute;c lỗi s&agrave;n, tranh đ&aacute; hoặc cầu thang bị bong tr&oacute;c, nứt vỡ hư hỏng bề mặt do lỗi kỹ thuật thi c&ocirc;ng kh&ocirc;ng đ&uacute;ng g&acirc;y ra.</p>\r\n\r\n<h2>Phạm vi kh&ocirc;ng bảo h&agrave;nh</h2>\r\n\r\n<p>C&oacute; sự sai kh&aacute;c nhau về độ đậm nhạt của m&agrave;u đ&aacute; tự nhi&ecirc;n. Độ đậm nhạt của m&agrave;u đ&aacute; tự nhi&ecirc;n tr&ecirc;n c&ugrave;ng một hạng mục hay c&aacute;c hạng mục kh&aacute;c nhau kh&ocirc;ng được xem l&agrave; một lỗi của sản phẩm.</p>\r\n\r\n<p>Hao m&ograve;n th&ocirc;ng thường trong qu&aacute; tr&igrave;nh sử dụng (c&aacute;c m&eacute;p cạnh kh&ocirc;ng c&ograve;n sắc n&eacute;t, trầy xước do qu&aacute; tr&igrave;nh sử dụng, độ b&oacute;ng v&agrave; m&agrave;u sắc mờ dần)</p>\r\n\r\n<p>Sản phẩm bị hư hỏng do sử dụng kh&ocirc;ng đ&uacute;ng c&aacute;ch theo quy định của ALVA</p>\r\n\r\n<p>Sản phẩm đ&aacute; hư hỏng do lỗi người sử dụng hoặc b&ecirc;n thứ ba cố t&igrave;nh hay v&ocirc; t&igrave;nh g&acirc;y hỏng, sử dụng c&aacute;c h&oacute;a chất kh&ocirc;ng đ&uacute;ng với hướng dẫn, người sử dụng tự &yacute; chỉnh sửa sản phẩm.</p>\r\n\r\n<p>C&aacute;c hư hại xảy ra trong c&aacute;c trường hợp bất khả kh&aacute;ng do thi&ecirc;n tai, b&atilde;o lụt, hỏa hoạn, động đất, ... d&ugrave;ng sai mục đ&iacute;ch v&agrave; hướng dẫn sử dụng.</p>\r\n', '2021-06-23', 'chinh-sach-bao-hanh'),
(4, 'An toàn bảo mật thông tin', '2021-10-19-16-52-02an-toan.png', 'Chính sách về an toàn bảo mật thông tin khi sử dụng website daxuyensang.vn', '<p><strong>AN TO&Agrave;N V&Agrave; BẢO MẬT TẠI WEBSITE ALVA</strong></p>\r\n\r\n<p>ALVA lu&ocirc;n hiểu rằng khi truy cập v&agrave; sử dụng website của ALVA, Qu&yacute; kh&aacute;ch lu&ocirc;n quan t&acirc;m v&agrave; c&acirc;n nhắc vấn đề bảo mật th&ocirc;ng tin c&aacute; nh&acirc;n khi truy cập v&agrave;o Trang Web. ALVA sẽ thực hiện việc bảo mật c&aacute;c th&ocirc;ng tin c&aacute; nh&acirc;n của Qu&yacute; kh&aacute;ch với sự tu&acirc;n thủ c&aacute;c quy định của ph&aacute;p luật Việt Nam v&agrave; nỗ lực cao nhất đảm bảo an to&agrave;n bảo mật th&ocirc;ng tin kh&aacute;ch h&agrave;ng.</p>\r\n\r\n<p><strong>1. NGUY&Ecirc;N TẮC BẢO MẬT</strong></p>\r\n\r\n<p>Những th&ocirc;ng tin ALVA y&ecirc;u cầu Qu&yacute; kh&aacute;ch cung cấp chỉ để hiểu r&otilde; hơn nhu cầu cung cấp c&aacute;c sản phẩm, dịch vụ ph&ugrave; hợp với y&ecirc;u cầu của Qu&yacute; kh&aacute;ch v&agrave; ALVA c&oacute; quyền sử dụng th&ocirc;ng tin m&agrave; Qu&yacute; kh&aacute;ch cung cấp qua Trang Web để sử dụng cho hoạt động của ALVA.</p>\r\n\r\n<p>ALVA&nbsp;kh&ocirc;ng tiết lộ th&ocirc;ng tin của Qu&yacute; kh&aacute;ch cho bất kỳ c&aacute; nh&acirc;n, tổ chức n&agrave;o trừ khi đ&atilde; c&oacute; th&ocirc;ng b&aacute;o v&agrave; nhận được đồng &yacute; của Qu&yacute; kh&aacute;ch hoặc theo quy định của ph&aacute;p luật.</p>\r\n\r\n<p>Tại những trường hợp cụ thể, ALVA c&oacute; thể phải cung cấp th&ocirc;ng tin của Qu&yacute; kh&aacute;ch cho cơ quan c&oacute; thẩm quyền theo quy định của ph&aacute;p luật. Tuy nhi&ecirc;n, Alva bảo đảm việc cung cấp đ&oacute; được thực hiện theo đ&uacute;ng quy định của ph&aacute;p luật.</p>\r\n\r\n<p>Việc truy cập th&ocirc;ng tin của Qu&yacute; kh&aacute;ch thực hiện bởi ALVA, nh&acirc;n vi&ecirc;n của Alva v&agrave;/hoặc c&aacute; nh&acirc;n n&agrave;o được ph&eacute;p đều phải tu&acirc;n thủ theo đ&uacute;ng quy định về bảo mật của Alva.</p>\r\n\r\n<p><strong>2. PHƯƠNG THỨC BẢO MẬT</strong></p>\r\n\r\n<p>ALVA&nbsp;sẽ thực hiện tất cả c&aacute;c phương thức bảo vệ an to&agrave;n v&agrave; hợp l&yacute; nhất để bảo đảm th&ocirc;ng tin c&aacute; nh&acirc;n của Qu&yacute; kh&aacute;ch v&agrave; lu&ocirc;n tu&acirc;n thủ c&aacute;c quy định của ph&aacute;p luật Việt Nam li&ecirc;n quan đến việc lưu trữ v&agrave; sử dụng th&ocirc;ng tin.</p>\r\n\r\n<p><strong>Tối ưu h&oacute;a bảo mật website TMĐT daxuyensang.vn</strong></p>\r\n\r\n<p>- Website được update code PHP phi&ecirc;n bản mới nhất, nhằm tận dụng sức mạnh của phi&ecirc;n bản mới đồng thời gi&uacute;p tối ưu h&oacute;a bảo mật hơn với truy vấn PDO truy cập v&agrave;o database.</p>\r\n\r\n<p>- Loại bỏ ho&agrave;n to&agrave;n MySQL tr&aacute;nh tấn c&ocirc;ng SQL injection. Hệ thống sử dụng kiểu kết nối PDO an to&agrave;n.</p>\r\n\r\n<p>- T&iacute;ch hợp chứng chỉ SSL V3.0 m&atilde; h&oacute;a th&ocirc;ng tin truyền tải trong qu&aacute; tr&igrave;nh gửi li&ecirc;n hệ, gửi đơn đặt h&agrave;ng, đăng k&yacute; th&agrave;nh vi&ecirc;n.</p>\r\n\r\n<p>- Mật khẩu được m&atilde; h&oacute;a 1 chiều MD5 128 bit, Mật khẩu kh&ocirc;ng thể giải m&atilde; trong trường hợp xấu nhất bị đ&aacute;nh c&aacute;p th&ocirc;ng tin người d&ugrave;ng.</p>\r\n\r\n<p>- Gi&aacute;m s&aacute;t 100% c&aacute;c ứng dụng được c&agrave;i đặt tr&ecirc;n m&aacute;y chủ Linux Server</p>\r\n\r\n<p>- T&iacute;ch hợp Firewall mềm gi&uacute;p lọc c&aacute;c truy vấn độc hại g&acirc;y ảnh hưởng đến website trong qu&aacute; tr&igrave;nh truy cập.</p>\r\n\r\n<p>- ALVA&nbsp;kh&ocirc;ng&nbsp;&aacute;p dụng h&igrave;nh thức thanh to&aacute;n trực tuyến. Website Alva&nbsp;kh&ocirc;ng li&ecirc;n kết với t&agrave;i khoản thẻ của kh&aacute;ch h&agrave;ng.</p>\r\n\r\n<p><strong>3. THU THẬP NHỮNG TH&Ocirc;NG TIN C&Aacute; NH&Acirc;N</strong></p>\r\n\r\n<p>Việc truy cập trang web n&agrave;y của Qu&yacute; kh&aacute;ch c&oacute; thể được ghi nhận lại cho mục đ&iacute;ch ph&acirc;n t&iacute;ch dữ liệu truy cập trang web v&agrave; m&ocirc; h&igrave;nh sử dụng phổ biến. Th&ocirc;ng qua việc thu thập c&aacute;c th&ocirc;ng tin c&aacute; nh&acirc;n n&agrave;y, ch&uacute;ng t&ocirc;i mong muốn cung cấp dịch vụ tốt hơn v&agrave; gần gũi hơn tới kh&aacute;ch h&agrave;ng v&agrave; hoạt động hiệu quả hơn.</p>\r\n\r\n<p>Một số th&ocirc;ng tin truy cập trang web của Qu&yacute; kh&aacute;ch sẽ được thu thập th&ocirc;ng qua việc sử dụng &ldquo;cookies&rdquo;. (Cookies l&agrave; một tập tin dữ liệu nhỏ tự động lưu số lần lướt web của một c&aacute; nh&acirc;n tr&ecirc;n m&aacute;y t&iacute;nh của họ v&agrave; c&oacute; thể d&ugrave;ng cookies để kh&ocirc;i phục lại truy cập.) Nếu Qu&yacute; kh&aacute;ch muốn v&ocirc; hiệu h&oacute;a những cookies n&agrave;y, Qu&yacute; kh&aacute;ch c&oacute; thể thay đổi c&agrave;i đặt tr&ecirc;n tr&igrave;nh duyệt của m&igrave;nh. Tuy nhi&ecirc;n, c&oacute; thể Qu&yacute; kh&aacute;ch sẽ kh&ocirc;ng thể truy cập một số phần của trang web ch&uacute;ng t&ocirc;i.</p>\r\n\r\n<p>ALVA&nbsp;c&oacute; thể sử dụng th&ocirc;ng tin từ việc truy cập trang Web n&agrave;y của Kh&aacute;ch h&agrave;ng để giới thiệu th&ocirc;ng b&aacute;o v&agrave; giới thiệu những sản phẩm, dịch vụ v&agrave; c&aacute;c t&agrave;i liệu tiếp thị kh&aacute;c m&agrave; ch&uacute;ng t&ocirc;i cho l&agrave; ph&ugrave; hợp với sở th&iacute;ch v&agrave; nhu cầu của kh&aacute;ch h&agrave;ng. Ch&uacute;ng t&ocirc;i cũng c&oacute; thể mời những người truy cập trang web n&agrave;y tham gia v&agrave;o nghi&ecirc;n cứu v&agrave; khảo s&aacute;t thị trường v&agrave; c&aacute;c hoạt động tương tự kh&aacute;c.</p>\r\n\r\n<p><strong>4. HƯỚNG DẪN VỀ C&Aacute;C NGUY&Ecirc;N TẮC BẢO MẬT</strong></p>\r\n\r\n<p>ALVA&nbsp;lu&ocirc;n cố gắng bảo vệ th&ocirc;ng tin của Qu&yacute; kh&aacute;ch bằng những nỗ lực cao nhất. Tuy nhi&ecirc;n, Alva hiểu rằng Qu&yacute; kh&aacute;ch sẽ chịu to&agrave;n bộ tổn thất tương đương với gi&aacute; trị giao dịch kh&ocirc;ng được ủy quyền trong trường hợp những giao dịch kh&ocirc;ng được ủy quyền thực hiện bằng t&agrave;i khoản của Qu&yacute; kh&aacute;ch m&agrave; kh&ocirc;ng c&oacute; sự sai s&oacute;t hoặc v&ocirc; &yacute; từ ph&iacute;a Qu&yacute; kh&aacute;ch.</p>\r\n\r\n<p>Để bảo mật T&ecirc;n sử dụng/T&ecirc;n đăng nhập v&agrave;/hoặc Mật khẩu, Qu&yacute; kh&aacute;ch n&ecirc;n thận trọng v&agrave; tu&acirc;n thủ theo c&aacute;c nguy&ecirc;n tắc:</p>\r\n\r\n<p>- Kh&ocirc;ng tiết lộ T&ecirc;n sử dụng/T&ecirc;n đăng nhập v&agrave;/hoặc Mật khẩu với bất kỳ ai, viết hoặc sử dụng ở nơi m&agrave; mọi người c&oacute; thể nhận biết v&agrave; nh&igrave;n thấy được.</p>\r\n\r\n<p>- Khi chọn mật khẩu Qu&yacute; kh&aacute;ch kh&ocirc;ng n&ecirc;n chọn những th&ocirc;ng tin dễ x&aacute;c định như họ t&ecirc;n, ng&agrave;y sinh, số điện thoại hoặc một số k&yacute; tự, con số dễ nhận biết từ t&ecirc;n, ng&agrave;y sinh, số điện thoại của Qu&yacute; kh&aacute;ch.</p>\r\n\r\n<p>- Tho&aacute;t khỏi hệ thống v&agrave; tr&igrave;nh duyệt khi rời khỏi m&aacute;y t&iacute;nh.</p>\r\n\r\n<p>- Khi nghi ngờ mật khẩu đ&atilde; bị lộ, Qu&yacute; kh&aacute;ch thay đổi mật khẩu ngay lập tức, trong trường hợp cần thiết Qu&yacute; kh&aacute;ch lập tức th&ocirc;ng b&aacute;o v&agrave; đề nghị được hỗ trợ từ ALVA qua số điện thoại: (+84) 7.6669.8883.</p>\r\n\r\n<p><strong>5. MỤC Đ&Iacute;CH V&Agrave; PHẠM VI THU THẬP</strong></p>\r\n\r\n<p>Việc thu thập dữ liệu chủ yếu tr&ecirc;n website bao gồm: Họ t&ecirc;n, email, điện thoại, địa chỉ kh&aacute;ch h&agrave;ng trong mục li&ecirc;n hệ. Đ&acirc;y l&agrave; c&aacute;c th&ocirc;ng tin m&agrave; ch&uacute;ng t&ocirc;i&nbsp;cần th&agrave;nh vi&ecirc;n cung cấp bắt buộc khi gửi th&ocirc;ng tin nhờ tư vấn sản phẩm v&agrave; để ch&uacute;ng t&ocirc;i&nbsp;li&ecirc;n hệ x&aacute;c nhận lại với kh&aacute;ch h&agrave;ng tr&ecirc;n website nhằm đảm bảo quyền lợi cho cho người ti&ecirc;u d&ugrave;ng.</p>\r\n\r\n<p>C&aacute;c th&agrave;nh vi&ecirc;n sẽ tự chịu tr&aacute;ch nhiệm về bảo mật v&agrave; lưu giữ mọi hoạt động sử dụng dịch vụ dưới th&ocirc;ng tin m&agrave; m&igrave;nh cung cấp v&agrave; hộp thư điện tử của m&igrave;nh. Ngo&agrave;i ra, th&agrave;nh vi&ecirc;n c&oacute; tr&aacute;ch nhiệm th&ocirc;ng b&aacute;o kịp thời cho webiste ch&uacute;ng t&ocirc;i&nbsp; về những h&agrave;nh vi sử dụng tr&aacute;i ph&eacute;p, lạm dụng, vi phạm bảo mật, lưu giữ t&ecirc;n đăng k&yacute; v&agrave; mật khẩu của b&ecirc;n thứ ba để c&oacute; biện ph&aacute;p giải quyết ph&ugrave; hợp.</p>\r\n\r\n<p><strong>6. PHẠM VI SỬ DỤNG TH&Ocirc;NG TIN</strong></p>\r\n\r\n<p>Ch&uacute;ng t&ocirc;i sử dụng th&ocirc;ng tin th&agrave;nh vi&ecirc;n cung cấp để:</p>\r\n\r\n<p>- Li&ecirc;n hệ x&aacute;c nhận đơn h&agrave;ng v&agrave; giao h&agrave;ng cho th&agrave;nh vi&ecirc;n khi nhận được y&ecirc;u cầu từ th&agrave;nh vi&ecirc;n</p>\r\n\r\n<p>- Cung cấp th&ocirc;ng tin về sản phẩm đến kh&aacute;ch h&agrave;ng nếu c&oacute; y&ecirc;u cầu từ kh&aacute;ch h&agrave;ng</p>\r\n\r\n<p>- Gửi email tiếp thị, khuyến mại về h&agrave;ng h&oacute;a do ch&uacute;ng t&ocirc;i cung cấp</p>\r\n\r\n<p>- Gửi c&aacute;c th&ocirc;ng b&aacute;o về c&aacute;c hoạt động tr&ecirc;n website</p>\r\n\r\n<p>- Li&ecirc;n lạc v&agrave; giải quyết với người d&ugrave;ng trong những trường hợp đặc biệt</p>\r\n\r\n<p>- Kh&ocirc;ng sử dụng th&ocirc;ng tin c&aacute; nh&acirc;n của người d&ugrave;ng ngo&agrave;i mục đ&iacute;ch x&aacute;c nhận v&agrave; li&ecirc;n hệ c&oacute; li&ecirc;n quan đến giao dịch</p>\r\n\r\n<p>- Khi c&oacute; y&ecirc;u cầu của cơ quan tư ph&aacute;p bao gồm: Viện kiểm s&aacute;t, t&ograve;a &aacute;n, cơ quan c&ocirc;ng an điều tra li&ecirc;n quan đến h&agrave;nh vi vi phạm ph&aacute;p luật n&agrave;o đ&oacute; của kh&aacute;ch h&agrave;ng</p>\r\n\r\n<p><strong>7. THỜI GIAN LƯU TRỮ TH&Ocirc;NG TIN</strong></p>\r\n\r\n<p>Dữ liệu c&aacute; nh&acirc;n của th&agrave;nh vi&ecirc;n sẽ được lưu trữ cho đến khi c&oacute; y&ecirc;u cầu ban quản trị hủy bỏ. C&ograve;n lại trong mọi trường hợp th&ocirc;ng tin c&aacute; nh&acirc;n th&agrave;nh vi&ecirc;n sẽ được bảo mật tr&ecirc;n m&aacute;y chủ của ch&uacute;ng t&ocirc;i.</p>\r\n\r\n<p><strong>8. NHỮNG NGƯỜI HOẶC TỔ CHỨC C&Oacute; THỂ ĐƯỢC TIẾP CẬN VỚI TH&Ocirc;NG TIN C&Aacute; NH&Acirc;N</strong></p>\r\n\r\n<p>Đối tượng được tiếp cận với th&ocirc;ng tin c&aacute; nh&acirc;n của kh&aacute;ch h&agrave;ng thuộc một trong những trường hợp sau:</p>\r\n\r\n<p>- Nh&acirc;n vi&ecirc;n của c&ocirc;ng ty</p>\r\n\r\n<p>- C&aacute;c đối t&aacute;c c&oacute; k&yacute; hợp động thực hiện 1 phần dịch vụ của C&ocirc;ng Ty. C&aacute;c đối t&aacute;c n&agrave;y sẽ nhận được những th&ocirc;ng tin theo thỏa thuận hợp đồng (c&oacute; thể 1 phần hoặc to&agrave;n bộ th&ocirc;ng tin tuy theo điều khoản hợp đồng) để tiến h&agrave;nh hỗ trợ người d&ugrave;ng sử dụng dịch vụ do C&ocirc;ng ty cung cấp.</p>\r\n\r\n<p><strong>9. ĐỊA CHỈ CỦA ĐƠN VỊ THU THẬP V&Agrave; QUẢN L&Yacute; TH&Ocirc;NG TIN C&Aacute; NH&Acirc;N</strong></p>\r\n\r\n<p>C&ocirc;ng Ty TNTT ALVA</p>\r\n\r\n<p>Địa chỉ: 132/58 Phố Khương Trung - Thanh Xu&acirc;n - TP.H&agrave; Nội</p>\r\n\r\n<p>Tel: (+84) 7.6669.8883</p>\r\n\r\n<p>Email: contyalva@gmail.com</p>\r\n\r\n<p><strong>10. PHƯƠNG TIỆN V&Agrave; C&Ocirc;NG CỤ ĐỂ NGƯỜI D&Ugrave;NG TIẾP CẬN V&Agrave; CHỈNH SỬA DỮ LIỆU C&Aacute; NH&Acirc;N CỦA M&Igrave;NH</strong></p>\r\n\r\n<p>Th&agrave;nh vi&ecirc;n c&oacute; quyền tự kiểm tra, cập nhật, điều chỉnh hoặc hủy bỏ th&ocirc;ng tin c&aacute; nh&acirc;n của m&igrave;nh bằng c&aacute;ch li&ecirc;n hệ với ban quản trị website thực hiện việc n&agrave;y.</p>\r\n\r\n<p>Th&agrave;nh vi&ecirc;n c&oacute; quyền gửi khiếu nại về nội dung bảo mật th&ocirc;ng tin đề nghị li&ecirc;n hệ Ban quản trị của website. Khi tiếp nhận những phản hồi n&agrave;y, ch&uacute;ng t&ocirc;i sẽ x&aacute;c nhận lại th&ocirc;ng tin, trường hợp đ&uacute;ng như phản &aacute;nh của th&agrave;nh vi&ecirc;n t&ugrave;y theo mức độ, ch&uacute;ng t&ocirc;i sẽ c&oacute; những biện ph&aacute;p xử l&yacute; kịp thời.</p>\r\n\r\n<p><strong>11. CAM KẾT BẢO MẬT TH&Ocirc;NG TIN C&Aacute; NH&Acirc;N KH&Aacute;CH H&Agrave;NG</strong></p>\r\n\r\n<p>Th&ocirc;ng tin c&aacute; nh&acirc;n của th&agrave;nh vi&ecirc;n được cam kết bảo mật tuyệt đối theo ch&iacute;nh s&aacute;ch bảo vệ th&ocirc;ng tin c&aacute; nh&acirc;n. Việc thu thập v&agrave; sử dụng th&ocirc;ng tin của mỗi th&agrave;nh vi&ecirc;n chỉ được thực hiện khi c&oacute; sự đồng &yacute; của kh&aacute;ch h&agrave;ng đ&oacute; trừ những trường hợp ph&aacute;p luật c&oacute; quy định kh&aacute;c.</p>\r\n\r\n<p>Kh&ocirc;ng sử dụng, kh&ocirc;ng chuyển giao, cung cấp hay tiết lộ cho b&ecirc;n thứ 3 n&agrave;o về th&ocirc;ng tin c&aacute; nh&acirc;n của th&agrave;nh vi&ecirc;n khi kh&ocirc;ng c&oacute; sự cho ph&eacute;p đồng &yacute; từ th&agrave;nh vi&ecirc;n.</p>\r\n\r\n<p>Trong trường hợp m&aacute;y chủ lưu trữ th&ocirc;ng tin bị hacker tấn c&ocirc;ng dẫn đến mất m&aacute;t dữ liệu c&aacute; nh&acirc;n th&agrave;nh vi&ecirc;n, ch&uacute;ng t&ocirc;i sẽ c&oacute; tr&aacute;ch nhiệm th&ocirc;ng b&aacute;o vụ việc cho cơ quan chức năng điều tra xử l&yacute; kịp thời v&agrave; th&ocirc;ng b&aacute;o cho th&agrave;nh vi&ecirc;n được biết.</p>\r\n\r\n<p>Ban quản l&yacute; y&ecirc;u cầu c&aacute;c c&aacute; nh&acirc;n khi đăng k&yacute;/mua h&agrave;ng phải cung cấp đầy đủ th&ocirc;ng tin c&aacute; nh&acirc;n c&oacute; li&ecirc;n quan như: Họ v&agrave; t&ecirc;n, địa chỉ li&ecirc;n lạc, email, điện thoại v&agrave; chịu tr&aacute;ch nhiệm về t&iacute;nh ph&aacute;p l&yacute; của những th&ocirc;ng tin tr&ecirc;n. Ban quản l&yacute; kh&ocirc;ng chịu tr&aacute;ch nhiệm cũng như kh&ocirc;ng giải quyết mọi khiếu nại c&oacute; li&ecirc;n quan đến quyền lợi của th&agrave;nh vi&ecirc;n đ&oacute; nếu x&eacute;t thấy tất cả th&ocirc;ng tin c&aacute; nh&acirc;n của th&agrave;nh vi&ecirc;n đ&oacute; cung cấp khi đăng k&yacute; ban đầu l&agrave; kh&ocirc;ng ch&iacute;nh x&aacute;c.</p>\r\n', '2021-10-19', 'an-toan-bao-mat-thong-tin');

-- --------------------------------------------------------

--
-- Table structure for table `company`
--

CREATE TABLE `company` (
  `id` int(11) NOT NULL,
  `ten` text DEFAULT NULL,
  `dienthoai` text DEFAULT NULL,
  `email` text DEFAULT NULL,
  `diachi` text DEFAULT NULL,
  `tongkho` text DEFAULT NULL,
  `mo` text DEFAULT NULL,
  `facebook` text DEFAULT NULL,
  `youtube` text DEFAULT NULL,
  `danhmuc` text NOT NULL,
  `loaitin` text DEFAULT NULL,
  `landing` text DEFAULT NULL,
  `des` text DEFAULT NULL,
  `keyword` text DEFAULT NULL,
  `banner` text DEFAULT NULL,
  `tintuc` text DEFAULT NULL,
  `sanpham` text DEFAULT NULL,
  `bannerdanhmuc` text DEFAULT NULL
) ENGINE=InnoDB DEFAULT CHARSET=utf8;

--
-- Dumping data for table `company`
--

INSERT INTO `company` (`id`, `ten`, `dienthoai`, `email`, `diachi`, `tongkho`, `mo`, `facebook`, `youtube`, `danhmuc`, `loaitin`, `landing`, `des`, `keyword`, `banner`, `tintuc`, `sanpham`, `bannerdanhmuc`) VALUES
(1, 'Titan Stone cung cấp đá tự nhiên, tranh đá và đá ốp lát', '0868461868', 'titanstone9@gmail.com', 'Số 9 lô 6 PG An Đồng, An Dương, Hải Phòng', 'Anh Dũng, Dương Kinh, Hải Phòng', 'Lục Yên, Yên Bái', 'https://www.facebook.com/daxuyensangtitanstoneHP', 'https://www.youtube.com/channel/UCyGiQz4pEQjVIq7nhJVUNNw', '{\"tranh-da\":[\"1\",\"Tranh \\u0111\\u00e1\",\"tranh-da\"],\"da-op-lat\":[\"2\",\"\\u0110\\u00e1 \\u1ed1p l\\u00e1t\",\"da-op-lat\"],\"cot-da\":[\"4\",\"C\\u1ed9t \\u0111\\u00e1\",\"cot-da\"],\"lavabo\":[\"5\",\"Lavabo\",\"lavabo\"]}', '{\"tin-tuc\":[\"1\",\"Tin t\\u1ee9c\"],\"vat-lieu-xay-dung\":[\"2\",\"V\\u1eadt li\\u1ec7u x\\u00e2y d\\u1ef1ng\"],\"khai-truong-showroom\":[\"3\",\"Khai tr\\u01b0\\u01a1ng showroom\"]}', '{\"da-alva-tinh-hoa-da-viet\":[\"2\",\"Tinh hoa \\u0111\\u00e1 Vi\\u1ec7t\"],\"da-ngoc-tu-nhien-alva\":[\"1\",\"\\u0110\\u00e1 ng\\u1ecdc Alva\"]}', 'Titan Stone đơn vị thi công - cung cấp đá tự nhiên, tranh đá và đá ốp lát tại Hải Phòng', 'Đá tự nhiên, tranh đá tự nhiên, đá ốp lát tại Hải Phòng', '[{\"id\":\"1\",\"ten\":\"S\\u00e0n \\u0111\\u00e1 t\\u1ef1 nhi\\u00ean\",\"link\":\"tranh-da\",\"thutu\":\"0\",\"mobile\":\"2021-12-06-14-36-10-Untitled-7.png\",\"desktop\":\"2021-12-06-14-36-10-Untitled-8.png\"},{\"id\":\"2\",\"ten\":\"S\\u00e0n \\u0111\\u00e1 t\\u1ef1 nhi\\u00ean\",\"link\":\"tranh-da\",\"thutu\":\"1\",\"mobile\":\"2021-12-06-14-31-52-Untitled-5.png\",\"desktop\":\"2021-12-06-14-31-52-Untitled-6.png\"},{\"id\":\"3\",\"ten\":\"\\u0110\\u00e1 t\\u1ef1 nhi\\u00ean ph\\u00f2ng kh\\u00e1ch\",\"link\":\"tranh-da\",\"thutu\":\"2\",\"mobile\":\"2021-12-06-14-28-14-Untitled-3.png\",\"desktop\":\"2021-12-06-14-28-14-Untitled-4.png\"},{\"id\":\"4\",\"ten\":\"Tranh \\u0111\\u00e1 t\\u1ef1 nhi\\u00ean\",\"link\":\"tranh-da\",\"thutu\":\"3\",\"mobile\":\"2021-11-25-15-16-18-3.jpg\",\"desktop\":\"2021-11-25-15-27-56-4.jpg\"},{\"id\":\"5\",\"ten\":\"C\\u1ea7u thang \\u0111\\u00e1 t\\u1ef1 nhi\\u00ean\",\"link\":\"tranh-da\",\"thutu\":\"4\",\"mobile\":\"2021-11-25-15-16-39-4.jpg\",\"desktop\":\"2021-11-25-15-28-01-5.jpg\"}]', '[{\"ten\":\"D\\u1ef1 \\u00e1n tranh \\u0111\\u00e1 Vin H\\u1ea3i Ph\\u00f2ng\",\"vuong\":\"2022-03-09-09-20-26vuong.png\",\"mota\":\"<p>Tranh \\u0111&aacute; t\\u1ef1 nhi&ecirc;n xuy&ecirc;n s&aacute;ng t\\u1ea1i Vin con<\\/p>\\r\\n\",\"ngay\":\"2022-03-09\",\"slug\":\"tranh-da-vin-tai-hai-phong\"},{\"ten\":\"Thi C\\u00f4ng \\u0110\\u00e1 Xuy\\u00ean S\\u00e1ng T\\u1ea1i H\\u1ea3i Ph\\u00f2ng & H\\u00e0 N\\u1ed9i\",\"vuong\":\"2022-02-26-16-25-27untitled-1.png\",\"mota\":\"<p>Titan Stone - \\u0110\\u01a1n v\\u1ecb thi c&ocirc;ng \\u0111&aacute; xuy&ecirc;n s&aacute;ng t\\u1ea1i H\\u1ea3i Ph&ograve;ng &amp; H&agrave; N\\u1ed9i. V\\u1edbi h\\u01a1n 100+ m\\u1eabu \\u0111&aacute; t\\u1ef1 t\\u1ef1 nhi&ecirc;n \\u0111a d\\u1ea1ng v\\u1ec1 k&iacute;ch th\\u01b0\\u1edbc, v&acirc;n \\u0111&aacute;. Titan Stone \\u0111ang s\\u1edf h\\u1eefu \\u0111\\u1ed9i thi c&ocirc;ng c&oacute; kinh nghi\\u1ec7m nhi\\u1ec1u n\\u0103m trong ng&agrave;nh \\u0111&aacute; v&agrave; \\u0111&atilde; \\u0111\\u01b0\\u1ee3c ch\\u1ee9ng th\\u1ef1c qua nhi\\u1ec1u c&ocirc;ng tr&igrave;nh. H&atilde;y li&ecirc;n h\\u1ec7 \\u0111\\u1ebfn Titan Stone \\u0111\\u1ec3 nh\\u1eadn t\\u01b0 v\\u1ea5n v&agrave; b&aacute;o gi&aacute; ch&iacute;nh x&aacute;c nh\\u1ea5t.<\\/p>\\r\\n\",\"ngay\":\"2022-02-26\",\"slug\":\"thi-cong-da-xuyen-sang-tai-hai-phong-ha-noi\"},{\"ten\":\"M\\u1eabu \\u0110\\u00e1 Ng\\u1ecdc ATV27 M\\u1edbi N\\u0103m 2022 \",\"vuong\":\"2022-02-17-19-03-001.png\",\"mota\":\"<p>Titan Stone - \\u0110\\u01a1n v\\u1ecb thi c&ocirc;ng \\u0111&aacute; t\\u1ef1 nhi&ecirc;n xuy&ecirc;n s&aacute;ng uy t&iacute;n t\\u1ea1i H\\u1ea3i Ph&ograve;ng. V\\u1edbi \\u0111\\u1ed9i ng\\u0169 nh&acirc;n vi&ecirc;n nhi\\u1ec1u n\\u0103m kinh nghi\\u1ec7m trong ng&agrave;nh \\u0111&aacute; c&ugrave;ng h\\u01a1n 100+ m\\u1eabu \\u0111&aacute; \\u0111a d\\u1ea1ng k&iacute;ch th\\u01b0\\u1edbc, v&acirc;n \\u0111&aacute;. Titan Stone lu&ocirc;n l&agrave;m h&agrave;i l&ograve;ng m\\u1ecdi qu&yacute; kh&aacute;ch h&agrave;ng.<\\/p>\\r\\n\",\"ngay\":\"2022-02-17\",\"slug\":\"mau-da-ngoc-atv27-nam-2022\"}]', '[{\"ten\":\"\\u0110\\u00c1 NG\\u1eccC T\\u1ef0 NHI\\u00caN XUY\\u00caN S\\u00c1NG ANN\",\"vuong\":\"{\\\"dm-1\\\":\\\"2021-12-14-08-28-36ann.png\\\",\\\"dm-2\\\":null,\\\"dm-4\\\":null}\",\"mota\":\"\",\"slug\":\"da-ngoc-tu-nhien-xuyen-sang-ann\",\"danhmuc\":\"1\"},{\"ten\":\"\\u0110\\u00e1 Ng\\u1ecdc T\\u1ef1 Nhi\\u00ean Xuy\\u00ean S\\u00e1ng AVB11\",\"vuong\":\"{\\\"dm-1\\\":\\\"2021-12-14-08-28-29avb11.png\\\",\\\"dm-2\\\":\\\"2021-12-15-15-12-451.png\\\",\\\"dm-4\\\":\\\"2021-12-20-09-55-47g2.png\\\"}\",\"mota\":\"\",\"slug\":\"da-ngoc-tu-nhien-xuyen-sang-avb11\",\"danhmuc\":\"1,2,4\"},{\"ten\":\"\\u0110\\u00e1 Ng\\u1ecdc T\\u1ef1 Nhi\\u00ean Xuy\\u00ean S\\u00e1ng AVANB\",\"vuong\":\"{\\\"dm-1\\\":\\\"2021-12-15-15-04-26untitled-1.png\\\",\\\"dm-2\\\":\\\"2021-12-15-15-04-26untitled-2.png\\\",\\\"dm-4\\\":\\\"2021-12-20-09-52-04g2.png\\\"}\",\"mota\":\"\",\"slug\":\"da-ngoc-tu-nhien-xuyen-sang-avanb\",\"danhmuc\":\"1,2,4\"},{\"ten\":\"\\u0110\\u00e1 Ng\\u1ecdc T\\u1ef1 Nhi\\u00ean Xuy\\u00ean S\\u00e1ng AVB38-M5\",\"vuong\":\"{\\\"dm-1\\\":\\\"2021-12-14-08-28-10avb38-m5.png\\\",\\\"dm-2\\\":null,\\\"dm-4\\\":\\\"2021-12-20-09-54-25122.png\\\"}\",\"mota\":\"\",\"slug\":\"da-ngoc-tu-nhien-xuyen-sang-avb38\",\"danhmuc\":\"1,4\"},{\"ten\":\"\\u0110\\u00e1 T\\u1ef1 Nhi\\u00ean Marble Tr\\u1eafng Mu\\u1ed1i AVC10\",\"vuong\":\"{\\\"dm-1\\\":\\\"2021-12-14-08-27-49avc10.png\\\",\\\"dm-2\\\":\\\"2021-12-15-14-50-493.png\\\",\\\"dm-4\\\":\\\"2021-12-20-09-50-42g2.png\\\"}\",\"mota\":\"\",\"slug\":\"da-marble-trang-muoi-avc10\",\"danhmuc\":\"1,2,4\"},{\"ten\":\"\\u0110\\u00e1 Ng\\u1ecdc T\\u1ef1 Nhi\\u00ean Xuy\\u00ean S\\u00e1ng AVB38-M4\",\"vuong\":\"{\\\"dm-1\\\":\\\"2021-12-14-08-27-39avb38-m4.png\\\",\\\"dm-2\\\":null,\\\"dm-4\\\":\\\"2021-12-20-09-48-55g3.png\\\"}\",\"mota\":\"\",\"slug\":\"da-ngoc-tu-nhien-xuyen-sang-avb38-m4\",\"danhmuc\":\"1,4\"},{\"ten\":\"\\u0110\\u00e1 T\\u1ef1 Nhi\\u00ean Marble Tr\\u1eafng Mu\\u1ed1i AVC3\",\"vuong\":\"{\\\"dm-1\\\":\\\"2021-12-14-08-27-30avc3.png\\\",\\\"dm-2\\\":\\\"2021-12-15-14-54-47untitled-s.png\\\",\\\"dm-4\\\":\\\"2021-12-20-09-47-20g2.png\\\"}\",\"mota\":\"\",\"slug\":\"da-marble-trang-muoi-avc3\",\"danhmuc\":\"1,2,4\"},{\"ten\":\"\\u0110\\u00e1 Ng\\u1ecdc T\\u1ef1 Nhi\\u00ean Xuy\\u00ean S\\u00e1ng AVB06\",\"vuong\":\"{\\\"dm-1\\\":\\\"2021-12-14-08-27-20avb06.png\\\",\\\"dm-2\\\":null,\\\"dm-4\\\":\\\"2021-12-20-09-46-11g2.png\\\"}\",\"mota\":\"\",\"slug\":\"da-ngoc-tu-nhien-xuyen-sang-avb06\",\"danhmuc\":\"1,4\"},{\"ten\":\"\\u0110\\u00e1 Ng\\u1ecdc T\\u1ef1 Nhi\\u00ean Xuy\\u00ean S\\u00e1ng AVB16\",\"vuong\":\"{\\\"dm-1\\\":\\\"2021-12-14-08-27-10avb16.png\\\",\\\"dm-2\\\":\\\"2021-12-18-08-57-21g1.png\\\",\\\"dm-4\\\":\\\"2021-12-29-16-16-43g3.1.png\\\"}\",\"mota\":\"\",\"slug\":\"da-ngoc-tu-nhien-xuyen-sang-avb16\",\"danhmuc\":\"1,2,4\"},{\"ten\":\"\\u0110\\u00e1 Ng\\u1ecdc T\\u1ef1 Nhi\\u00ean Xuy\\u00ean S\\u00e1ng AVB09\",\"vuong\":\"{\\\"dm-1\\\":\\\"2021-12-14-08-27-02avb09.png\\\",\\\"dm-2\\\":\\\"2021-12-15-16-03-241.png\\\",\\\"dm-4\\\":\\\"2021-12-20-09-43-18g2.png\\\"}\",\"mota\":\"\",\"slug\":\"da-ngoc-tu-nhien-xuyen-sang-avb09\",\"danhmuc\":\"1,2,4\"},{\"ten\":\"\\u0110\\u00e1 Ng\\u1ecdc T\\u1ef1 Nhi\\u00ean Xuy\\u00ean S\\u00e1ng ATB32\",\"vuong\":\"{\\\"dm-1\\\":\\\"2022-02-19-23-44-204.png\\\",\\\"dm-2\\\":\\\"2022-02-19-23-44-203.png\\\",\\\"dm-4\\\":\\\"2022-02-19-23-44-201.png\\\",\\\"dm-5\\\":\\\"2022-02-19-23-44-202.png\\\"}\",\"mota\":\"\",\"slug\":\"da-ngoc-tu-nhien-xuyen-sang-atb32\",\"danhmuc\":\"1,2,4,5\"},{\"ten\":\"\\u0110\\u00e1 Ng\\u1ecdc T\\u1ef1 Nhi\\u00ean Xuy\\u00ean S\\u00e1ng AT23\",\"vuong\":\"{\\\"dm-1\\\":\\\"2022-02-19-23-52-454.png\\\",\\\"dm-2\\\":\\\"2022-02-19-23-52-453.png\\\",\\\"dm-4\\\":\\\"2022-02-19-23-52-451.png\\\",\\\"dm-5\\\":\\\"2022-02-19-23-52-452.png\\\"}\",\"mota\":\"\",\"slug\":\"da-ngoc-tu-nhien-xuyen-sang-at23\",\"danhmuc\":\"1,2,4,5\"},{\"ten\":\"\\u0110\\u00e1 Ng\\u1ecdc T\\u1ef1 Nhi\\u00ean Xuy\\u00ean S\\u00e1ng ATB23\",\"vuong\":\"{\\\"dm-1\\\":\\\"2022-02-23-13-31-05untitled-1.png\\\",\\\"dm-2\\\":\\\"2022-02-23-13-31-05untitled-4.png\\\",\\\"dm-4\\\":\\\"2022-02-23-13-31-05untitled-2.png\\\",\\\"dm-5\\\":\\\"2022-02-23-13-31-05untitled-3.png\\\"}\",\"mota\":\"\",\"slug\":\"da-ngoc-tu-nhien-xuyen-sang-atb23\",\"danhmuc\":\"1,2,4,5\"},{\"ten\":\"\\u0110\\u00e1 Ng\\u1ecdc T\\u1ef1 Nhi\\u00ean Xuy\\u00ean S\\u00e1ng AT22\",\"vuong\":\"{\\\"dm-1\\\":\\\"2022-02-26-16-04-331.png\\\",\\\"dm-2\\\":\\\"2022-02-26-16-04-332.png\\\",\\\"dm-4\\\":\\\"2022-02-26-16-04-334.png\\\",\\\"dm-5\\\":\\\"2022-02-26-16-04-333.png\\\"}\",\"mota\":\"\",\"slug\":\"da-ngoc-tu-nhien-xuyen-sang-at22\",\"danhmuc\":\"1,2,4,5\"}]', '[{\"id\":\"1\",\"ten\":\"Banner\",\"hinh\":\"2022-03-27-09-37-31-1.png\",\"link\":\"dsds\",\"danhmuc\":\"2\"},{\"id\":\"2\",\"ten\":\"Banner 2\",\"hinh\":\"2022-03-27-09-39-29-3.png\",\"link\":\"s\\u00e1\",\"danhmuc\":\"4\"}]');

-- --------------------------------------------------------

--
-- Table structure for table `da`
--

CREATE TABLE `da` (
  `id` int(11) NOT NULL,
  `ten` text DEFAULT NULL,
  `vuong` text DEFAULT NULL,
  `album` text DEFAULT NULL,
  `gioithieu` text DEFAULT NULL,
  `noidung` text DEFAULT NULL,
  `danhmuc` text DEFAULT NULL,
  `xuatxu` text DEFAULT NULL,
  `slug` text NOT NULL,
  `noibat` int(11) NOT NULL,
  `mota` text DEFAULT NULL,
  `banngay` text DEFAULT NULL,
  `bandem` text DEFAULT NULL,
  `latsan` text DEFAULT NULL,
  `cauthang` text DEFAULT NULL,
  `doday` text DEFAULT NULL,
  `kichthuoc` float DEFAULT NULL,
  `thucte` text DEFAULT NULL
) ENGINE=InnoDB DEFAULT CHARSET=utf8;

--
-- Dumping data for table `da`
--

INSERT INTO `da` (`id`, `ten`, `vuong`, `album`, `gioithieu`, `noidung`, `danhmuc`, `xuatxu`, `slug`, `noibat`, `mota`, `banngay`, `bandem`, `latsan`, `cauthang`, `doday`, `kichthuoc`, `thucte`) VALUES
(43, 'ĐÁ NGỌC TỰ NHIÊN XUYÊN SÁNG ANN', '{\"dm-1\":\"2021-12-14-08-28-36ann.png\",\"dm-2\":null,\"dm-4\":null}', '2021-12-25-08-43-191.1.jpg,2021-12-25-08-43-191.2.png,2021-12-25-08-43-192.jpg,2021-12-25-08-43-193.jpg,2021-12-25-08-43-194.jpg,2021-12-25-08-43-195.jpg,2021-12-25-08-43-196.jpg,2021-12-25-08-43-197.jpg,2021-12-25-08-43-198.jpg,2021-12-25-08-43-19anh_viber_2021-12-24_15-18-51-571.jpg', '<p>Tranh đ&aacute;, ốp s&agrave;n</p>\r\n\r\n<p>K&iacute;ch thước: 2960 x 1880</p>\r\n\r\n<p>Độ d&agrave;y: 2</p>\r\n\r\n<p>Đơn vị: cm</p>\r\n\r\n<p>V&acirc;n đ&aacute;: V&acirc;n hồng</p>\r\n', '<h2>Đ&aacute; ngọc tự nhi&ecirc;n xuy&ecirc;n s&aacute;ng ANN - Titan Stone</h2>\r\n\r\n<p>Titan Stone l&agrave; Đơn vị thi c&ocirc;ng v&agrave; lắp đặt&nbsp;đ&aacute; tự nhi&ecirc;n. Từ việc&nbsp;tư vấn sản phẩm, thiết kế, đến gia c&ocirc;ng sản xuất, thi c&ocirc;ng lắp đặt ho&agrave;n thiện. Với đội ngũ nh&acirc;n sự chuy&ecirc;n nghiệp gồm c&aacute;c kỹ sư thiết kế &amp; thi c&ocirc;ng c&oacute; bề d&agrave;y kinh nghiệm, đội ngũ c&ocirc;ng nh&acirc;n l&agrave;nh nghề, trang thiết bị m&aacute;y m&oacute;c, nh&agrave; xưởng hiện đại.</p>\r\n\r\n<p>Đ&aacute; ngọc xuy&ecirc;n s&aacute;ng ANN thuộc Titan Stone được khai th&aacute;c từ mỏ đ&aacute; tự nhi&ecirc;n v&agrave; được m&agrave;i giũa từ những tay thợ l&agrave;nh nghề nhiều năm trong ng&agrave;nh để tạo n&ecirc;n một tấm tranh đ&aacute; tuyệt mỹ cho kh&ocirc;ng gian ng&ocirc;i nh&agrave; của bạn.</p>\r\n\r\n<p><img alt=\"đá ngọc xuyên sáng ANN - Titan Stone\" src=\"/uploads/images/hieu/ANN/5.png\" style=\"height:800px; width:800px\" /></p>\r\n\r\n<p style=\"text-align:center\"><em>H&igrave;nh ảnh tranh đ&aacute; xuy&ecirc;n s&aacute;ng ANN v&agrave;o ban đ&ecirc;m thuộc Titan Stone</em></p>\r\n\r\n<h2>Gi&aacute; trị tranh đ&aacute; xuy&ecirc;n s&aacute;ng ANN</h2>\r\n\r\n<p>Ngo&agrave;i về gi&aacute; trị về thẩm mỹ m&agrave; tranh đ&aacute; xuy&ecirc;n s&aacute;ng đem lại, gia chủ khi sử dụng đ&aacute; xuy&ecirc;n s&aacute;ng trong c&ocirc;ng tr&igrave;nh nh&agrave; ở sẽ hưởng lợi &iacute;ch từ mặt về sức khỏe. V&igrave; l&agrave; đ&aacute; tự nhi&ecirc;n n&ecirc;n đ&aacute; xuy&ecirc;n s&aacute;ng c&oacute; gi&aacute; trị lợi &iacute;ch về sức khỏe cho gia chủ sử dụng rất cao.</p>\r\n\r\n<p><img alt=\"Đá xuyên sáng Ann - Titan Stone\" src=\"/uploads/images/hieu/ANN/4.png\" style=\"height:800px; width:800px\" /></p>\r\n\r\n<p style=\"text-align:center\"><em>H&igrave;nh ảnh tranh đ&aacute; xuy&ecirc;n s&aacute;ng ANN v&agrave;o ban ng&agrave;y thuộc Titan Stone</em></p>\r\n\r\n<p>Với đội ngũ gi&agrave;u kinh nghiệm trong việc thi c&ocirc;ng lắp đặt đ&aacute; tự nhi&ecirc;n xuy&ecirc;n s&aacute;ng Titan Stone đang dần trở th&agrave;nh một phần tất yếu trong ng&agrave;nh nội thất đ&aacute; tự nhi&ecirc;n tại Hải Ph&ograve;ng.</p>\r\n\r\n<p><img alt=\"Đá xuyên sáng titan stone\" src=\"/uploads/images/hieu/ANN/6.png\" style=\"height:800px; width:800px\" /></p>\r\n\r\n<p style=\"text-align:center\"><em>H&igrave;nh ảnh tấm đ&aacute; ANN chưa thi c&ocirc;ng thuộc Titan Stone</em></p>\r\n\r\n<p>H&atilde;y li&ecirc;n hệ với Titan Stone để nhận b&aacute;o gi&aacute; ch&iacute;nh x&aacute;c cho sản phẩm đ&aacute; ANN!</p>\r\n', '1', 'Titan Stone', 'da-ngoc-tu-nhien-xuyen-sang-ann', 1, '', NULL, NULL, NULL, NULL, NULL, NULL, NULL),
(44, 'Đá Ngọc Tự Nhiên Xuyên Sáng AVB11', '{\"dm-1\":\"2021-12-14-08-28-29avb11.png\",\"dm-2\":\"2021-12-15-15-12-451.png\",\"dm-4\":\"2021-12-20-09-55-47g2.png\"}', '2021-12-20-09-55-47a1.png,2021-12-20-09-55-47a2.png,2021-12-20-09-55-47a3..png,2021-12-20-09-55-47a3.jpg,2021-12-20-09-55-47a4.jpg,2021-12-20-09-55-47a5.jpg,2021-12-20-09-55-47a6.jpg,2021-12-20-09-55-47a7.jpg', '<p>Tranh đ&aacute;, ốp s&agrave;n, trụ cột</p>\r\n\r\n<p>K&iacute;ch thước: 2960 x 1880</p>\r\n\r\n<p>Độ d&agrave;y: 2</p>\r\n\r\n<p>Đơn vị: cm</p>\r\n\r\n<p>V&acirc;n đ&aacute;: V&acirc;n hồng</p>\r\n', '<h2>Đ&aacute; ngọc tự nhi&ecirc;n xuy&ecirc;n s&aacute;ng AVB11 Titan Stone</h2>\r\n\r\n<p>Đ&aacute; ngọc tự nhi&ecirc;n xuy&ecirc;n s&aacute;ng AVB11 được khai th&aacute;c từ tự nhi&ecirc;n tại mỏ. Sau khi được khai th&aacute;c th&igrave; sẽ được đội ngũ kỹ thuật xử l&yacute; c&aacute;c bước như: cắt đ&aacute;, gọt đ&aacute;, m&agrave;i đ&aacute;,... Để tạo n&ecirc;n những tấm tranh đ&aacute; tự nhi&ecirc;n c&oacute; gi&aacute; trị về mặt thẩm mỹ chất lượng cao.</p>\r\n\r\n<p><img alt=\"Tranh đá AVB11 - Titan Stone\" src=\"/uploads/images/hieu/AVB11/Untitled-2.png\" style=\"height:500px; width:500px\" /></p>\r\n\r\n<p style=\"text-align:center\"><em>H&igrave;nh ảnh tranh đ&aacute; xuy&ecirc;n s&aacute;ng AVB11 thuộc Titan Stone</em></p>\r\n\r\n<h2>Tại sao đ&aacute; ngọc AVB11 lại xuy&ecirc;n s&aacute;ng được?</h2>\r\n\r\n<p>V&igrave; Đ&aacute; ngọc&nbsp;tự nhi&ecirc;n xuy&ecirc;n s&aacute;ng l&agrave; đ&aacute;&nbsp;tự nhi&ecirc;n onyx thuộc họ đ&aacute; thạch anh qu&yacute; hiếm, c&oacute; khả năng bắt s&aacute;ng tốt. Với khả năng xuy&ecirc;n s&aacute;ng l&ecirc;n đến 90%, đ&aacute; onyx gi&uacute;p cho c&ocirc;ng tr&igrave;nh kiến tr&uacute;c to&aacute;t l&ecirc;n một vẻ đep lung linh, b&iacute; ẩn, sang trọng v&agrave; v&ocirc; c&ugrave;ng độc đ&aacute;o.</p>\r\n\r\n<p><img alt=\"Tấm tranh đá ghép 2 - Titan Stone\" src=\"/uploads/images/hieu/AVB11/Untitled-4.png\" style=\"height:500px; width:500px\" /></p>\r\n\r\n<p style=\"text-align:center\"><em>H&igrave;nh ảnh tranh đ&aacute; của Titan Stone</em></p>\r\n\r\n<p>Những tấm đ&aacute; được cắt ra v&igrave; l&agrave; v&acirc;n đ&aacute; tự nhi&ecirc;n n&ecirc;n chỉ c&oacute; 2 tấm đ&aacute; giống nhau với tỉ lệ 9-10. C&oacute; những vi&ecirc;n đ&aacute; c&oacute; thể c&oacute; 4 tấm đ&aacute; khi gia c&ocirc;ng giống nhau 9-10 nhưng rất hiếm.</p>\r\n\r\n<p><img alt=\"Titan Stone\" src=\"/uploads/images/hieu/AVB11/Untitled-5.png\" style=\"height:500px; width:500px\" /></p>\r\n\r\n<p style=\"text-align:center\"><em>H&igrave;nh ảnh tấm đ&aacute; đ&atilde; qua xử l&yacute; của Titan Stone</em></p>\r\n\r\n<p>H&atilde;y li&ecirc;n hệ với Titan Stone để nhận tư vấn v&agrave; b&aacute;o gi&aacute; cho sản phẩm AVB11!</p>\r\n', '1,2,4', 'Titan Stone', 'da-ngoc-tu-nhien-xuyen-sang-avb11', 1, '', NULL, NULL, NULL, NULL, NULL, NULL, NULL),
(45, 'Đá Ngọc Tự Nhiên Xuyên Sáng AVANB', '{\"dm-1\":\"2021-12-15-15-04-26untitled-1.png\",\"dm-2\":\"2021-12-15-15-04-26untitled-2.png\",\"dm-4\":\"2021-12-20-09-52-04g2.png\"}', '2021-12-20-10-11-551.png,2021-12-20-10-11-552.png,2021-12-20-10-11-553.1.png,2021-12-20-10-11-553.png,2021-12-20-10-11-5515.1.jpg,2021-12-20-10-11-5515.2.jpg,2021-12-20-10-11-5515.3.jpg,2021-12-20-10-11-5515.4.jpg,2021-12-20-10-11-5515.5.png,2021-12-20-10-11-5515.6.png,2021-12-20-10-11-5515.7.png,2021-12-20-10-11-5515.8.png,2021-12-20-10-11-5515.9.jpg', '<p>Tranh đ&aacute;, ốp s&agrave;n, trụ cột</p>\r\n\r\n<p>K&iacute;ch thước: 2960 x 1880</p>\r\n\r\n<p>Độ d&agrave;y: 2</p>\r\n\r\n<p>Đơn vị: cm</p>\r\n\r\n<p>V&acirc;n đ&aacute;: V&acirc;n hồng</p>\r\n', '<h2>Đ&aacute; ngọc tự nhi&ecirc;n xuy&ecirc;n s&aacute;ng AVANB Titan Stone</h2>\r\n\r\n<p>Đ&aacute; xuy&ecirc;n s&aacute;ng AVANB được khai th&aacute;c từ c&aacute;c mỏ đ&aacute; tự nhi&ecirc;n v&agrave; qua những qu&aacute; tr&igrave;nh sơ chế đ&aacute;, tạo h&igrave;nh để th&agrave;nh những tấm đ&aacute; c&oacute; gi&aacute; trị thẩm mỹ cao. Titan Stone l&agrave; đại l&yacute; chuy&ecirc;n thi c&ocirc;ng v&agrave; lắp đặt đ&aacute; tự nhi&ecirc;n xuy&ecirc;n s&aacute;ng tại Hải Ph&ograve;ng với nhiều mẫu m&atilde; đ&aacute; đa dạng như: Đ&aacute; ngọc, đ&aacute; Marble, đ&aacute; trắng muối,...</p>\r\n\r\n<p><img alt=\"Tranh đá ngọc xuyên sáng AVANB - Titan Stone\" src=\"/uploads/images/hieu/ANB/Untitled-2.png\" style=\"height:500px; width:500px\" /></p>\r\n\r\n<p style=\"text-align:center\"><em>H&igrave;nh ảnh minh họa bức tranh đ&aacute; AVANB thuộc Titan Stone</em></p>\r\n\r\n<p>Ngo&agrave;i gi&aacute; trị về mặt thẩm mỹ, đ&aacute; ngọc tự nhi&ecirc;n thuộc Titan Stone c&ograve;n c&oacute; gi&aacute; trị cao về mặt sức khỏe cho người d&ugrave;ng.</p>\r\n\r\n<p><img alt=\"Đá xuyên sáng tại Hải Phòng - Titan Stone\" src=\"/uploads/images/hieu/ANB/Untitled-3.png\" style=\"height:500px; width:500px\" /></p>\r\n\r\n<p style=\"text-align:center\"><em>H&igrave;nh ảnh 2 tấm tranh gh&eacute;p tạo h&igrave;nh - Titan Stone</em></p>\r\n\r\n<p>Với nhiều mẫu m&atilde; đ&aacute; đa dạng v&agrave; đội ngũ nh&acirc;n vi&ecirc;n chuy&ecirc;n nghiệp nhiều năm trong ng&agrave;nh đ&aacute;. Titan Stone sẽ mang đến bạn nhiều cung bậc cảm x&uacute;c qua những bức tranh đ&aacute; tuyệt mỹ.</p>\r\n\r\n<p><img alt=\"Đá xuyên sáng titan stone \" src=\"/uploads/images/hieu/ANB/Untitled-4.png\" style=\"height:500px; width:500px\" /></p>\r\n\r\n<p style=\"text-align:center\"><em>H&igrave;nh ảnh tấm đ&aacute; thuộc Titan Stone</em></p>\r\n\r\n<p>H&atilde;y li&ecirc;n hệ ngay với TTS để nhận tư vấn v&agrave; b&aacute;o gi&aacute; ch&iacute;nh x&aacute;c cho sản phẩm đ&aacute; xuy&ecirc;n s&aacute;ng ANB</p>\r\n', '1,2,4', 'Titan Stone', 'da-ngoc-tu-nhien-xuyen-sang-avanb', 1, '', NULL, NULL, NULL, NULL, NULL, NULL, NULL),
(46, 'Đá Ngọc Tự Nhiên Xuyên Sáng AVB38-M5', '{\"dm-1\":\"2021-12-14-08-28-10avb38-m5.png\",\"dm-2\":null,\"dm-4\":\"2021-12-20-09-54-25122.png\"}', '2021-12-20-09-54-24v21.png,2021-12-20-09-54-24v22.png,2021-12-20-09-54-25v23.png,2021-12-20-09-54-25v24..png,2021-12-20-09-54-25v24.1.png,2021-12-20-09-54-25v26.jpg,2021-12-20-09-54-25v27.png,2021-12-20-09-54-25v33.jpg,2021-12-20-09-54-25v36.jpg,2021-12-20-09-54-25v37.jpg,2021-12-20-09-54-25v38.jpg,2021-12-20-09-54-25v251.jpg,2021-12-20-09-54-25v252.png,2021-12-20-09-54-25v253.jpg,2021-12-20-09-54-25v254.jpg,2021-12-20-09-54-25v255.jpg,2021-12-20-09-54-25v256.jpg', '<p>Tranh đ&aacute;, ốp s&agrave;n, trụ cột</p>\r\n\r\n<p>K&iacute;ch thước: 2100 x 1600</p>\r\n\r\n<p>Độ d&agrave;y: 2</p>\r\n\r\n<p>Đơn vị: cm</p>\r\n\r\n<p>V&acirc;n đ&aacute;: V&acirc;n hồng</p>\r\n', '<h2>Đ&aacute; xuy&ecirc;n s&aacute;ng l&agrave; g&igrave;?</h2>\r\n\r\n<p>L&agrave; loại đ&aacute; thuộc d&ograve;ng đ&aacute; thạch anh, c&oacute; hoa văn đa dạng, m&agrave;u sắc tự nhi&ecirc;n. C&aacute;c v&acirc;n đ&aacute; được h&igrave;nh th&agrave;nh một c&aacute;ch ngẫu nhi&ecirc;n n&ecirc;n kh&ocirc;ng tồn tại hai vi&ecirc;n giống nhau. Dưới &aacute;nh s&aacute;ng mặt trời hay &aacute;nh s&aacute;ng đ&egrave;n, c&aacute;c đường v&acirc;n trở n&ecirc;n sắc n&eacute;t v&agrave; c&oacute; chiều s&acirc;u hơn, tạo ra những bức tranh với mảng m&agrave;u sắc độc đ&aacute;o đầy t&iacute;nh trừu tượng.</p>\r\n\r\n<p><img alt=\"Đá xuyên sáng AVB38 - Titan Stone\" src=\"/uploads/images/hieu/B38/v251.jpg\" style=\"height:960px; width:1280px\" /></p>\r\n\r\n<p style=\"text-align:center\"><em>H&igrave;nh ảnh tấm đ&aacute; tự nhi&ecirc;n xuy&ecirc;n s&aacute;ng AVB38</em></p>\r\n\r\n<p>Đ&aacute; xuy&ecirc;n s&aacute;ng Titan Stone được khai th&aacute;c từ tự nhi&ecirc;n n&ecirc;n&nbsp;c&oacute; tỷ lệ ngọc cao, c&oacute; khả năng xuy&ecirc;n s&aacute;ng l&ecirc;n đến 90%, v&acirc;n đ&aacute; đa m&agrave;u sắc v&agrave; trừu tượng độc đ&aacute;o, rất th&iacute;ch hợp l&agrave;m tranh đ&aacute;.</p>\r\n\r\n<p><img alt=\"Đá xuyên sáng AVB38 - Titan Stone\" src=\"/uploads/images/hieu/B38/v1.png\" style=\"height:500px; width:500px\" /></p>\r\n\r\n<p style=\"text-align:center\"><em>H&igrave;nh ảnh tranh đ&aacute; tự nhi&ecirc;n xuy&ecirc;n s&aacute;ng AVB38 ban đ&ecirc;m</em></p>\r\n\r\n<p><em><img alt=\"tranh đá xuyên sáng ban ngày AVB38 - Titan Stone\" src=\"/uploads/images/hieu/B38/v21.png\" style=\"height:500px; width:500px\" /></em></p>\r\n\r\n<p style=\"text-align:center\"><em>H&igrave;nh ảnh tranh đ&aacute; tự nhi&ecirc;nxuy&ecirc;n s&aacute;ng AVB38 ban ng&agrave;y</em></p>\r\n\r\n<p>H&atilde;y li&ecirc;n hệ với Titan Stone để nhận tư vấn v&agrave; b&aacute;o gi&aacute; cho sản phẩm đ&aacute; AVB38</p>\r\n', '1,4', 'Titan Stone', 'da-ngoc-tu-nhien-xuyen-sang-avb38', 1, '', NULL, NULL, NULL, NULL, NULL, NULL, NULL),
(47, 'Đá Tự Nhiên Marble Trắng Muối AVC10', '{\"dm-1\":\"2021-12-14-08-27-49avc10.png\",\"dm-2\":\"2021-12-15-14-50-493.png\",\"dm-4\":\"2021-12-20-09-50-42g2.png\"}', '2021-12-20-09-50-42untitled-2.png,2021-12-20-09-50-42untitled-3.png,2021-12-20-09-50-42untitled-4..png,2021-12-20-09-50-42untitled-4.png,2021-12-20-09-50-42untitled-5.png,2021-12-20-09-50-42untitled-6.jpg,2021-12-20-09-50-42untitled-7.jpg,2021-12-20-09-50-42untitled-8.jpg', '<p>Tranh đ&aacute;, ốp s&agrave;n, trụ cột</p>\r\n\r\n<p>K&iacute;ch thước: 2600 x 1870</p>\r\n\r\n<p>Độ d&agrave;y: 2</p>\r\n\r\n<p>Đơn vị: cm</p>\r\n\r\n<p>V&acirc;n đ&aacute;: Đen Trắng</p>\r\n', '<h2>Đ&aacute; Marble trắng muối AVC10 l&agrave; g&igrave;?</h2>\r\n\r\n<p>Đ&aacute; Marble trắng muối hay c&ograve;n gọi tắt l&agrave; đ&aacute; trắng muối tự nhi&ecirc;n l&agrave; một loại đ&aacute; v&ocirc;i biến thể, được tạo th&agrave;nh trong qu&aacute; tr&igrave;nh kiến tạo của vỏ tr&aacute;i đất.</p>\r\n\r\n<p><img alt=\"Đá marble trắng muối AVC10 - Titan Stone\" src=\"/uploads/images/hieu/AVC10/Untitled-2.png\" style=\"height:500px; width:500px\" /></p>\r\n\r\n<p style=\"text-align:center\"><em>H&igrave;nh ảnh đ&aacute; Marble trắng muối AVC10 thuộc Titan Stone</em></p>\r\n\r\n<p>Những tấm đ&aacute; trắng muối với bề mặt nhẵn b&oacute;ng v&agrave; độ bền cao n&ecirc;n được sử dụng trong ốp l&aacute;t mặt tiền, cầu thang, mặt b&agrave;n bếp, ốp tường, quầy bar... Bởi v&igrave; đ&aacute; Marble trắng muối được sử dụng đa dạng cho mọi c&ocirc;ng tr&igrave;nh n&ecirc;n rất được người ti&ecirc;u d&ugrave;ng ưa chuộng.</p>\r\n\r\n<p><img alt=\"đá marble trắng muối tự nhiên - Titan Stone\" src=\"/uploads/images/hieu/AVC10/Untitled-3.png\" style=\"height:500px; width:500px\" /></p>\r\n\r\n<p style=\"text-align:center\"><em>H&igrave;nh ảnh đ&aacute; Marble trắng muối gh&eacute;p th&agrave;nh h&igrave;nh AVC10</em></p>\r\n\r\n<h2>Đơn vị thi c&ocirc;ng đ&aacute; tự nhi&ecirc;n xuy&ecirc;n s&aacute;ng tại Hải Ph&ograve;ng</h2>\r\n\r\n<p>Titan Stone đơn vị thi c&ocirc;ng đ&aacute; tự nhi&ecirc;n xuy&ecirc;n s&aacute;ng uy t&iacute;n tại Hải Ph&ograve;ng. Với đội ngũ thi c&ocirc;ng - lắp đặt với nhiều năm kinh nghiệm trong ng&agrave;nh đ&aacute; v&agrave; đặc biệt đ&aacute; tự nhi&ecirc;n của Titan Stone rất đa dạng phong ph&uacute;, ph&ugrave; hợp cho mọi c&ocirc;ng tr&igrave;nh.</p>\r\n\r\n<p><img alt=\"Đơn vị thi công đá tại Hải Phòng - Titan Stone\" src=\"/uploads/images/hieu/AVC10/2.png\" style=\"height:1200px; width:1600px\" /></p>\r\n\r\n<p style=\"text-align:center\"><em>H&igrave;nh ảnh một g&oacute;c nhỏ kho đ&aacute; thực tế tại Titan Stone</em></p>\r\n\r\n<p>H&atilde;y li&ecirc;n hệ Titan Stone để nhận tư vấn v&agrave; b&aacute;o gi&aacute; cho sản phẩm đ&aacute; Marble trắng muối AVC10</p>\r\n', '1,2,4', 'Titan Stone', 'da-marble-trang-muoi-avc10', 1, '', NULL, NULL, NULL, NULL, NULL, NULL, NULL),
(48, 'Đá Ngọc Tự Nhiên Xuyên Sáng AVB38-M4', '{\"dm-1\":\"2021-12-14-08-27-39avb38-m4.png\",\"dm-2\":null,\"dm-4\":\"2021-12-20-09-48-55g3.png\"}', '2021-12-20-09-48-55untitled-2.png,2021-12-20-09-48-55untitled-3.png,2021-12-20-09-48-55untitled-4.png,2021-12-20-09-48-55untitled-5.jpg,2021-12-20-09-48-55untitled-6.png,2021-12-20-09-48-55untitled-8.jpg,2021-12-20-09-48-55untitled-9.png', '<p>Tranh đ&aacute;, ốp s&agrave;n</p>\r\n\r\n<p>K&iacute;ch thước: 2100 x 1600</p>\r\n\r\n<p>Độ d&agrave;y: 2</p>\r\n\r\n<p>Đơn vị: cm</p>\r\n\r\n<p>V&acirc;n đ&aacute;: V&acirc;n hồng</p>\r\n', '<h2>Đ&aacute; Ngọc Tự Nhi&ecirc;n Xuy&ecirc;n S&aacute;ng AVB38-M4 l&agrave; g&igrave;?</h2>\r\n\r\n<p>L&agrave; loại đ&aacute; thuộc d&ograve;ng đ&aacute; thạch anh, c&oacute; hoa văn đa dạng, m&agrave;u sắc tự nhi&ecirc;n. C&aacute;c v&acirc;n đ&aacute; được h&igrave;nh th&agrave;nh một c&aacute;ch ngẫu nhi&ecirc;n n&ecirc;n kh&ocirc;ng tồn tại hai vi&ecirc;n giống nhau. Dưới &aacute;nh s&aacute;ng mặt trời hay &aacute;nh s&aacute;ng đ&egrave;n, c&aacute;c đường v&acirc;n trở n&ecirc;n sắc n&eacute;t v&agrave; c&oacute; chiều s&acirc;u hơn, tạo ra những bức tranh với mảng m&agrave;u sắc độc đ&aacute;o đầy t&iacute;nh trừu tượng.</p>\r\n\r\n<p><img alt=\"đá xuyên sáng Titan Stone \" src=\"/uploads/images/hieu/AVB38-4/Untitled-2.png\" style=\"height:500px; width:800px\" /></p>\r\n\r\n<p style=\"text-align:center\"><em>H&igrave;nh ảnh tranh đ&aacute; ban đ&ecirc;m đ&aacute; xuy&ecirc;n s&aacute;ng AVB38-M4 thuộc Titan Stone</em></p>\r\n\r\n<p>Đặc biệt, c&aacute;c d&ograve;ng đ&aacute; n&agrave;y c&oacute; độ xuy&ecirc;n s&aacute;ng l&ecirc;n đến 90%.</p>\r\n\r\n<p><img alt=\"đá xuyên sáng Titan Stone Hải Phòng\" src=\"/uploads/images/hieu/AVB38-4/Untitled-3.png\" style=\"height:500px; width:800px\" /></p>\r\n\r\n<p style=\"text-align:center\"><em>H&igrave;nh ảnh tranh đ&aacute; ban ng&agrave;y&nbsp;đ&aacute; xuy&ecirc;n s&aacute;ng AVB38-M4 thuộc Titan Stone</em></p>\r\n\r\n<h2>Lợi &Iacute;ch Khi Sử Dụng Sản Phẩm Đ&aacute; Xuy&ecirc;n S&aacute;ng AVB38-M4</h2>\r\n\r\n<p>Được biết đến l&agrave; sản phẩm đ&aacute; tự nhi&ecirc;n xuy&ecirc;n s&aacute;ng n&ecirc;n d&ograve;ng đ&aacute; n&agrave;y thường c&oacute; v&acirc;n đ&aacute; độc v&agrave; kh&ocirc;ng c&oacute; tấm thứ 2 c&oacute; v&acirc;n đ&aacute; giống như vậy. Ngo&agrave;i gi&aacute; trị về mặt thẩm mĩ th&igrave; d&ograve;ng đ&aacute; n&agrave;y được biết đến về gi&aacute; trị sức khỏe cho gia chủ khi sử dụng cao.</p>\r\n\r\n<p><img alt=\"đá xuyên sáng Titan Stone\" src=\"/uploads/images/hieu/B38-M4/Untitled-8.jpg\" style=\"height:960px; width:1280px\" /></p>\r\n\r\n<p style=\"text-align:center\"><em>H&igrave;nh ảnh tấm đ&aacute; ban ng&agrave;y đ&aacute; xuy&ecirc;n s&aacute;ng AVB38-M4 thuộc Titan Stone</em></p>\r\n\r\n<p><img alt=\"Đá xuyên sáng Titan Stone\" src=\"/uploads/images/hieu/B38-M4/Untitled-5.jpg\" style=\"height:960px; width:1280px\" /></p>\r\n\r\n<p style=\"text-align:center\"><em>H&igrave;nh ảnh tấm đ&aacute; ban đ&ecirc;m đ&aacute; xuy&ecirc;n s&aacute;ng AVB38-M4 thuộc Titan Stone</em></p>\r\n\r\n<p>H&atilde;y li&ecirc;n hệ Titan Stone để nhận tư vấn v&agrave; b&aacute;o gi&aacute; ch&iacute;nh x&aacute;c cho sản phẩm đ&aacute; xuy&ecirc;n s&aacute;ng AVB38-M4</p>\r\n', '1,4', 'Titan Stone', 'da-ngoc-tu-nhien-xuyen-sang-avb38-m4', 1, '', NULL, NULL, NULL, NULL, NULL, NULL, NULL),
(49, 'Đá Tự Nhiên Marble Trắng Muối AVC3', '{\"dm-1\":\"2021-12-14-08-27-30avc3.png\",\"dm-2\":\"2021-12-15-14-54-47untitled-s.png\",\"dm-4\":\"2021-12-20-09-47-20g2.png\"}', '2021-12-20-09-47-201.png,2021-12-20-09-47-202.png,2021-12-20-09-47-203..png,2021-12-20-09-47-203.png,2021-12-20-09-47-205.jpg,2021-12-20-09-47-206.jpg,2021-12-20-09-47-207.jpg,2021-12-20-09-47-208.jpg,2021-12-20-09-47-209.png', '<p>Tranh đ&aacute;, ốp s&agrave;n, trụ cột</p>\r\n\r\n<p>K&iacute;ch thước: 3000 x 1700</p>\r\n\r\n<p>Độ d&agrave;y: 2</p>\r\n\r\n<p>Đơn vị: cm</p>\r\n\r\n<p>V&acirc;n đ&aacute;: Trắng đen</p>\r\n', '<h2>Đ&aacute; Marble Trắng Muối AVC13 l&agrave; g&igrave;?</h2>\r\n\r\n<p>Đ&aacute; Marble trắng muối hay c&ograve;n gọi tắt l&agrave; đ&aacute; trắng muối tự nhi&ecirc;n l&agrave; một loại đ&aacute; v&ocirc;i biến thể, được tạo th&agrave;nh trong qu&aacute; tr&igrave;nh kiến tạo của vỏ tr&aacute;i đất.</p>\r\n\r\n<p><img alt=\"đá trắng muối AVC03 - Tian Stone\" src=\"/uploads/images/c%E1%BB%A7a%20hi%E1%BA%BFu/Marble%20tr%E1%BA%AFng%20mu%E1%BB%91i/AVC03/Untitled-2.png\" style=\"height:800px; width:800px\" /></p>\r\n\r\n<p style=\"text-align:center\"><em>H&igrave;nh ảnh tranh đ&aacute; trắng muối AVC03 thuộc Titan Stone</em></p>\r\n\r\n<h2>Địa Chỉ Mua Đ&aacute; Marble Trắng Muối Uy T&iacute;n Ở Đ&acirc;u?</h2>\r\n\r\n<p>Titan Stone - Đơn vị thi c&ocirc;ng v&agrave; cung cấp đ&aacute; Marble trắng muối uy t&iacute;n tại Hải Ph&ograve;ng.&nbsp;Với đội ngũ gi&agrave;u kinh nghiệm trong việc thi c&ocirc;ng lắp đặt đ&aacute; tự nhi&ecirc;n xuy&ecirc;n s&aacute;ng Titan Stone đang dần trở th&agrave;nh một phần tất yếu trong ng&agrave;nh nội thất đ&aacute; tự nhi&ecirc;n tr&ecirc;n thị trường.</p>\r\n\r\n<p><img alt=\"Cung cấp đá trắng muối tại Hải Phòng - Titan Stone\" src=\"/uploads/images/c%E1%BB%A7a%20hi%E1%BA%BFu/Marble%20tr%E1%BA%AFng%20mu%E1%BB%91i/AVC03/Untitled-4.jpg\" style=\"height:956px; width:1276px\" /></p>\r\n\r\n<p style=\"text-align:center\"><em>H&igrave;nh ảnh đ&aacute; Marble trắng muối tại kho đ&aacute; thuộc Titan Stone</em></p>\r\n\r\n<h2>Đ&aacute; Marble Trắng Muối AVC03 Được D&ugrave;ng Trong C&ocirc;ng Tr&igrave;nh N&agrave;o?</h2>\r\n\r\n<p>Với bề mặt nhẵn b&oacute;ng v&agrave; độ bền cao n&ecirc;n được sử dụng trong ốp l&aacute;t mặt tiền, cầu thang, mặt b&agrave;n bếp, ốp tường, quầy bar...</p>\r\n\r\n<p><img alt=\"đá trắng muối tại Hải phòng\" src=\"/uploads/images/c%E1%BB%A7a%20hi%E1%BA%BFu/Marble%20tr%E1%BA%AFng%20mu%E1%BB%91i/AVC03/Untitled-3.png\" style=\"height:908px; width:976px\" /></p>\r\n\r\n<p style=\"text-align:center\"><em>H&igrave;nh ảnh gh&eacute;p tranh đ&aacute; Marble trắng muối AVC03</em></p>\r\n\r\n<p>H&atilde;y li&ecirc;n hệ ngay Titan Stone để nhận b&aacute;o gi&aacute; ch&iacute;nh x&aacute;c cho sản phẩm đ&aacute; AVC03</p>\r\n', '1,2,4', 'Titan Stone', 'da-marble-trang-muoi-avc3', 1, '', NULL, NULL, NULL, NULL, NULL, NULL, NULL),
(50, 'Đá Ngọc Tự Nhiên Xuyên Sáng AVB06', '{\"dm-1\":\"2021-12-14-08-27-20avb06.png\",\"dm-2\":null,\"dm-4\":\"2021-12-20-09-46-11g2.png\"}', '2021-12-20-09-46-11untitled-2.png,2021-12-20-09-46-11untitled-3..png,2021-12-20-09-46-11untitled-3.png,2021-12-20-09-46-11untitled-4.jpg,2021-12-20-09-46-11untitled-5.jpg,2021-12-20-09-46-11untitled-6.jpg,2021-12-20-09-46-11untitled-7.jpg,2021-12-20-09-46-11untitled-8.jpg', '<p>Tranh đ&aacute;, trụ cột</p>\r\n\r\n<p>K&iacute;ch thước: 2810 x 1820</p>\r\n\r\n<p>Độ d&agrave;y: 2</p>\r\n\r\n<p>Đơn vị: cm</p>\r\n\r\n<p>V&acirc;n đ&aacute;: V&acirc;n hồng</p>\r\n', '<h2>Đ&aacute; Ngọc Tự Nhi&ecirc;n Xuy&ecirc;n S&aacute;ng AVB06 l&agrave; g&igrave;?</h2>\r\n\r\n<p>L&agrave; loại đ&aacute; thuộc d&ograve;ng đ&aacute; thạch anh, c&oacute; hoa văn đa dạng, m&agrave;u sắc tự nhi&ecirc;n. C&aacute;c v&acirc;n đ&aacute; được h&igrave;nh th&agrave;nh một c&aacute;ch ngẫu nhi&ecirc;n n&ecirc;n kh&ocirc;ng tồn tại hai vi&ecirc;n giống nhau. Dưới &aacute;nh s&aacute;ng mặt trời hay &aacute;nh s&aacute;ng đ&egrave;n, c&aacute;c đường v&acirc;n trở n&ecirc;n sắc n&eacute;t v&agrave; c&oacute; chiều s&acirc;u hơn, tạo ra những bức tranh với mảng m&agrave;u sắc độc đ&aacute;o đầy t&iacute;nh trừu tượng. Đặc biệt l&agrave; c&oacute; thể xuy&ecirc;n s&aacute;ng l&ecirc;n đến 90%.</p>\r\n\r\n<p><img alt=\"Đá tự nhiên xuyên sáng AVB06 - Titan Stone\" src=\"/uploads/images/hieu/AVB06/Untitled-2.png\" style=\"height:800px; width:800px\" /></p>\r\n\r\n<p style=\"text-align:center\"><em>H&igrave;nh ảnh tranh đ&aacute; sản phẩm đ&aacute; xuy&ecirc;n s&aacute;ng AVB06 thuộc Titan Stone</em></p>\r\n\r\n<h2>Đ&aacute; Ngọc Tự Nhi&ecirc;n Xuy&ecirc;n S&aacute;ng AVB06 Thường Sử Dụng Cho C&ocirc;ng Tr&igrave;nh G&igrave;?</h2>\r\n\r\n<p>Được biết đến độ xuy&ecirc;n s&aacute;ng của c&aacute;c loại đ&aacute; tự nhi&ecirc;n xuy&ecirc;n s&aacute;ng l&ecirc;n đến 90% n&ecirc;n thường được ưa d&ugrave;ng cho việc kết hợp 2 v&agrave; 4 tấm đ&aacute; để l&agrave;m tranh ban ng&agrave;y - ban đ&ecirc;m. Ngo&agrave;i ra những d&ograve;ng đ&aacute; n&agrave;y c&oacute; thể sử dụng để l&agrave;m cột, b&agrave;n ghế, nền nh&agrave;,...</p>\r\n\r\n<p><img alt=\"đá xuyên sáng Titan Stone\" src=\"/uploads/images/hieu/AVB06/Untitled-4.jpg\" style=\"height:956px; width:1276px\" /></p>\r\n\r\n<p style=\"text-align:center\"><em>H&igrave;nh ảnh tấm đ&aacute; tại kho đ&aacute; Titan Stone</em></p>\r\n\r\n<h2>Mua Đ&aacute; Tự Nhi&ecirc;n Xuy&ecirc;n S&aacute;ng AVB06 Ở Đ&acirc;u?</h2>\r\n\r\n<p>Titan Stone - Đơn vị thi c&ocirc;ng v&agrave; lắp đặt đ&aacute; tự nhi&ecirc;n xuy&ecirc;n s&aacute;ng uy t&iacute;n số một tại Hải Ph&ograve;ng.&nbsp;Với đội ngũ gi&agrave;u kinh nghiệm trong việc thi c&ocirc;ng lắp đặt đ&aacute; tự nhi&ecirc;n xuy&ecirc;n s&aacute;ng Titan Stone đang dần trở th&agrave;nh một phần tất yếu trong ng&agrave;nh nội thất đ&aacute; tự nhi&ecirc;n tr&ecirc;n thị trường.</p>\r\n\r\n<p><img alt=\"đá xuyên sáng Titan Stone\" src=\"/uploads/images/hieu/AVB06/Untitled-3.png\" style=\"height:1144px; width:1600px\" /></p>\r\n\r\n<p style=\"text-align:center\"><em>H&igrave;nh ảnh gh&eacute;p tranh sản phẩm tranh đ&aacute; xuy&ecirc;n s&aacute;ng AVB06</em></p>\r\n\r\n<p>H&atilde;y li&ecirc;n hệ Titan Stone để nhận tư vấn v&agrave; b&aacute;o gi&aacute; cho sản phẩm đ&aacute; xuy&ecirc;n s&aacute;ng AVB06</p>\r\n', '1,4', 'Titan Stone', 'da-ngoc-tu-nhien-xuyen-sang-avb06', 1, '', NULL, NULL, NULL, NULL, NULL, NULL, NULL),
(51, 'Đá Ngọc Tự Nhiên Xuyên Sáng AVB16', '{\"dm-1\":\"2021-12-14-08-27-10avb16.png\",\"dm-2\":\"2021-12-18-08-57-21g1.png\",\"dm-4\":\"2021-12-29-16-16-43g3.1.png\"}', '2021-12-30-15-15-00untitled-1.png,2021-12-30-15-15-00untitled-2.png,2021-12-30-15-15-00untitled-2a.png,2021-12-30-15-15-00untitled-3.png,2021-12-30-15-15-00untitled-5.jpg,2021-12-30-15-15-00untitled-6.jpg,2021-12-30-15-15-00untitled-7.jpg,2021-12-30-15-15-00untitled-8.jpg,2021-12-30-15-15-00untitled-9.jpg', '<p>Tranh đ&aacute;, ốp s&agrave;n, trụ cột</p>\r\n\r\n<p>K&iacute;ch thước: 2500 x 1900</p>\r\n\r\n<p>Độ d&agrave;y: 2</p>\r\n\r\n<p>Đơn vị: cm</p>\r\n\r\n<p>V&acirc;n đ&aacute;: V&acirc;n hồng</p>\r\n', '<h2>Đ&aacute; Ngọc Tự Nhi&ecirc;n Xuy&ecirc;n S&aacute;ng AVB16 l&agrave; g&igrave;?</h2>\r\n\r\n<p>L&agrave; loại đ&aacute; thuộc d&ograve;ng đ&aacute; thạch anh, c&oacute; hoa văn đa dạng, m&agrave;u sắc tự nhi&ecirc;n. C&aacute;c v&acirc;n đ&aacute; được h&igrave;nh th&agrave;nh một c&aacute;ch ngẫu nhi&ecirc;n n&ecirc;n kh&ocirc;ng tồn tại hai vi&ecirc;n giống nhau. Dưới &aacute;nh s&aacute;ng mặt trời hay &aacute;nh s&aacute;ng đ&egrave;n, c&aacute;c đường v&acirc;n trở n&ecirc;n sắc n&eacute;t v&agrave; c&oacute; chiều s&acirc;u hơn, tạo ra những bức tranh với mảng m&agrave;u sắc độc đ&aacute;o đầy t&iacute;nh trừu tượng.</p>\r\n\r\n<p><img alt=\"Đá ngọc AVB16 - Titan Stone\" src=\"/uploads/images/c%E1%BB%A7a%20hi%E1%BA%BFu/AVB16/Untitled-2.png\" style=\"height:800px; width:800px\" /></p>\r\n\r\n<p style=\"text-align:center\"><em>Tranh ngọc tự nhi&ecirc;n xuy&ecirc;n s&aacute;ng AVB16 thuộc Titan Stone</em></p>\r\n\r\n<h2>N&ecirc;n Mua Đ&aacute; Ngọc Tự Nhi&ecirc;n Xuy&ecirc;n S&aacute;ng AVB16 Ở Đ&acirc;u?</h2>\r\n\r\n<p>Titan Stone - Đơn vị thi c&ocirc;ng v&agrave; cung cấp đ&aacute; tự nhi&ecirc;n&nbsp;xuy&ecirc;n s&aacute;ng uy t&iacute;n tại Hải Ph&ograve;ng.&nbsp;Với đội ngũ gi&agrave;u kinh nghiệm trong việc thi c&ocirc;ng lắp đặt đ&aacute; tự nhi&ecirc;n xuy&ecirc;n s&aacute;ng Titan Stone đang dần trở th&agrave;nh một phần tất yếu trong ng&agrave;nh nội thất đ&aacute; tự nhi&ecirc;n tr&ecirc;n thị trường.</p>\r\n\r\n<p><img alt=\"Đá ngọc tự nhiên xuyên sáng avb16 - Titan Stone\" src=\"/uploads/images/c%E1%BB%A7a%20hi%E1%BA%BFu/AVB16/Untitled-4.jpg\" style=\"height:956px; width:1276px\" /></p>\r\n\r\n<p style=\"text-align:center\"><em>H&igrave;nh ảnh tấm đ&aacute;&nbsp;v&agrave; k&iacute;ch thước của sản phẩm AVB16</em></p>\r\n\r\n<p>Hiện nay, Titan Stone đ&atilde; c&oacute; kho đ&aacute; tại Dương Kinh - Hải Ph&ograve;ng rộng hơn 10.000m2 để cung cấp v&agrave; thi c&ocirc;ng đ&aacute; tự nhi&ecirc;n xuy&ecirc;n s&aacute;ng cho thị trường Hải Ph&ograve;ng.</p>\r\n\r\n<p><img alt=\"Đá xuyên sáng tại Hải Phòng - Titan Stone\" src=\"/uploads/images/c%E1%BB%A7a%20hi%E1%BA%BFu/AVB16/Untitled-3.png\" style=\"height:1089px; width:1600px\" /></p>\r\n\r\n<p style=\"text-align:center\"><em>H&igrave;nh ảnh gh&eacute;p đ&aacute; th&agrave;nh tranh sản phẩm AVB16</em></p>\r\n\r\n<p>H&atilde;y li&ecirc;n hệ Titan Stone để nhận tư vấn v&agrave; b&aacute;o gi&aacute; ch&iacute;nh x&aacute;c</p>\r\n', '1,2,4', 'Titan Stone', 'da-ngoc-tu-nhien-xuyen-sang-avb16', 1, '', NULL, NULL, NULL, NULL, NULL, NULL, NULL),
(52, 'Đá Ngọc Tự Nhiên Xuyên Sáng AVB09', '{\"dm-1\":\"2021-12-14-08-27-02avb09.png\",\"dm-2\":\"2021-12-15-16-03-241.png\",\"dm-4\":\"2021-12-20-09-43-18g2.png\"}', '2021-12-20-09-59-061.1.png,2021-12-20-09-59-071.2.png,2021-12-20-09-59-071.3.png,2021-12-20-09-59-072.1.jpg,2021-12-20-09-59-072.2.jpg,2021-12-20-09-59-072.3.jpg,2021-12-20-09-59-072.4.jpg,2021-12-20-09-59-072.5.jpg,2021-12-20-09-59-072.7.jpg,2021-12-20-09-59-072.8.jpg,2021-12-20-09-59-07untitled-4.jpg', '<p>Tranh đ&aacute;, ốp s&agrave;n, trụ cột</p>\r\n\r\n<p>K&iacute;ch thước: 2050 x 1720</p>\r\n\r\n<p>Độ d&agrave;y: 2</p>\r\n\r\n<p>Đơn vị: cm</p>\r\n\r\n<p>V&acirc;n đ&aacute;: V&acirc;n hồng</p>\r\n', '<h2>Đ&aacute;&nbsp;Ngọc Tự Nhi&ecirc;n Xuy&ecirc;n S&aacute;ng AVB09</h2>\r\n\r\n<p>Được sinh ra từ tự nhi&ecirc;n n&ecirc;n đ&aacute; ngọc AVB09 thường c&oacute; v&acirc;n đ&aacute; độc lạ v&agrave; duy nhất kh&ocirc;ng c&oacute; sản phẩm thứ 2 giống nhau. Ngo&agrave;i ra, đ&aacute; ngọc tự nhi&ecirc;n AVB09 c&ograve;n được biết đến gi&aacute; trị lợi &iacute;ch về sức khỏe cho gia chủ khi sử dụng.</p>\r\n\r\n<p><img alt=\"đá xuyên sáng avb09 - Titan Stone\" src=\"/uploads/images/c%E1%BB%A7a%20hi%E1%BA%BFu/AVB09/Untitled-2.png\" style=\"height:800px; width:800px\" /></p>\r\n\r\n<p style=\"text-align:center\"><em>Tranh đ&aacute; viền v&agrave;ng sang trọng AVB09 thuộc Titan Stone</em></p>\r\n\r\n<h2>Đ&aacute; Xuy&ecirc;n S&aacute;ng L&agrave; G&igrave;?</h2>\r\n\r\n<p>L&agrave; loại đ&aacute; thuộc d&ograve;ng đ&aacute; thạch anh, c&oacute; hoa văn đa dạng, m&agrave;u sắc tự nhi&ecirc;n. C&aacute;c v&acirc;n đ&aacute; được h&igrave;nh th&agrave;nh một c&aacute;ch ngẫu nhi&ecirc;n n&ecirc;n kh&ocirc;ng tồn tại hai vi&ecirc;n giống nhau. Dưới &aacute;nh s&aacute;ng mặt trời hay &aacute;nh s&aacute;ng đ&egrave;n, c&aacute;c đường v&acirc;n trở n&ecirc;n sắc n&eacute;t v&agrave; c&oacute; chiều s&acirc;u hơn, tạo ra những bức tranh với mảng m&agrave;u sắc độc đ&aacute;o đầy t&iacute;nh trừu tượng.</p>\r\n\r\n<p><img alt=\"đá ngọc tự nhiên xuyên sáng avb09\" src=\"/uploads/images/c%E1%BB%A7a%20hi%E1%BA%BFu/AVB09/1.jpg\" style=\"height:956px; width:1276px\" /></p>\r\n\r\n<p style=\"text-align:center\"><em>Đ&aacute; tự nhi&ecirc;n xuy&ecirc;n s&aacute;ng AVB09 thuộc Titan Stone</em></p>\r\n\r\n<h2>Mua Đ&aacute; Tự Nhi&ecirc;n Xuy&ecirc;n S&aacute;ng AVB09 Ở Đ&acirc;u?</h2>\r\n\r\n<p>Titan Stone - Đơn vị thi c&ocirc;ng v&agrave; lắp đặt đ&aacute; tự nhi&ecirc;n xuy&ecirc;n s&aacute;ng uy t&iacute;n số một tại Hải Ph&ograve;ng.&nbsp;Với đội ngũ gi&agrave;u kinh nghiệm trong việc thi c&ocirc;ng lắp đặt đ&aacute; tự nhi&ecirc;n xuy&ecirc;n s&aacute;ng Titan Stone đang dần trở th&agrave;nh một phần tất yếu trong ng&agrave;nh nội thất đ&aacute; tự nhi&ecirc;n tr&ecirc;n thị trường.</p>\r\n\r\n<p><img alt=\"vân đá AVB09\" src=\"/uploads/images/c%E1%BB%A7a%20hi%E1%BA%BFu/AVB09/13.png\" style=\"height:800px; width:800px\" /></p>\r\n\r\n<p style=\"text-align:center\"><em>V&acirc;n đ&aacute; xuy&ecirc;n s&aacute;ng AVB09 thuộc Titan Stone</em></p>\r\n\r\n<p>&nbsp;</p>\r\n', '1,2,4', 'Titan Stone', 'da-ngoc-tu-nhien-xuyen-sang-avb09', 1, '', NULL, NULL, NULL, NULL, NULL, NULL, NULL),
(53, 'Đá Ngọc Tự Nhiên Xuyên Sáng AVACN', '{\"dm-1\":\"2021-12-20-10-05-061.png\",\"dm-2\":null,\"dm-4\":\"2021-12-20-10-05-061.11.png\"}', '2021-12-20-10-05-061.1.png,2021-12-20-10-05-061.2.png,2021-12-20-10-05-067.1.jpg,2021-12-20-10-05-067.2.jpg,2021-12-20-10-05-067.3.jpg,2021-12-20-10-05-067.4.jpg,2021-12-20-10-05-067.5.png,2021-12-20-10-05-067.6.png,2021-12-20-10-05-067.7.png,2021-12-20-10-05-067.8.png,2021-12-20-10-05-060062639358b390edc9a2.jpg', '<p>Tranh đ&aacute;, cột trụ</p>\r\n\r\n<p>K&iacute;ch thước: 1200 x 1200</p>\r\n\r\n<p>Độ d&agrave;y: 2</p>\r\n\r\n<p>Đơn vị: cm</p>\r\n\r\n<p>V&acirc;n đ&aacute;: V&acirc;n hồng</p>\r\n', '<h2>Đ&aacute; Ngọc Tự Nhi&ecirc;n Xuy&ecirc;n S&aacute;ng AVACN</h2>\r\n\r\n<p>Được sinh ra từ tự nhi&ecirc;n n&ecirc;n v&acirc;n đ&aacute; AVACN thường sẽ kh&ocirc;ng c&oacute; tấm tranh thứ 2 giống nhau. Đa dạng mẫu m&atilde;, v&acirc;n đ&aacute;, k&iacute;ch thước - Dễ d&agrave;ng cho việc kiến tạo kh&ocirc;ng gian sống đẳng cấp ri&ecirc;ng.</p>\r\n\r\n<p><img alt=\"Tranh đá xuyên sáng sang trọng - Titan Stone\" src=\"/uploads/images/c%E1%BB%A7a%20hi%E1%BA%BFu/AVACN/1_1.png\" style=\"height:800px; width:800px\" /></p>\r\n\r\n<p style=\"text-align:center\"><em>H&igrave;nh ảnh tranh đ&aacute; ngọc xuy&ecirc;n s&aacute;ng AVACN thuộc Titan Stone</em></p>\r\n\r\n<h2>Ứng Dụng Đ&aacute; Ngọc Xuy&ecirc;n S&aacute;ng AVACN</h2>\r\n\r\n<p>V&igrave; được sinh ra&nbsp; từ tự nhi&ecirc;n n&ecirc;n đ&aacute; ngọc AVACN thường đa dạng: K&iacute;ch thước, v&acirc;n đ&aacute; v&agrave; c&oacute; khả năng xuy&ecirc;n s&aacute;ng l&ecirc;n đến 90%. Dễ d&agrave;ng sử dụng l&agrave;m Tranh đ&aacute; cho những c&ocirc;ng tr&igrave;nh như: Ph&ograve;ng họp, ph&ograve;ng l&agrave;m việc,...</p>\r\n\r\n<p><img alt=\"Đá xuyên sáng AVACN - Titan Stone\" src=\"/uploads/images/1_2.png\" style=\"height:800px; width:800px\" /></p>\r\n\r\n<p style=\"text-align:center\"><em>H&igrave;nh ảnh ốp trụ cổng ra v&agrave;o bằng đ&aacute; AVACN&nbsp;thuộc Titan Stone</em></p>\r\n\r\n<p>Ngo&agrave;i ra, đ&aacute; ngọc xuy&ecirc;n s&aacute;ng AVACN c&ograve;n được sử dụng để l&agrave;m: Ốp nền, ốp trụ cột, ốp bếp,..</p>\r\n\r\n<p><img alt=\"đá xuyên sáng AVACN - Titan Stone\" src=\"/uploads/images/c%E1%BB%A7a%20hi%E1%BA%BFu/AVACN/5.png\" style=\"height:800px; width:800px\" /></p>\r\n\r\n<p style=\"text-align:center\"><em>H&igrave;nh ảnh tấm đ&aacute; ngọc AVACN thuộc Titan Stone</em></p>\r\n\r\n<p>C&ograve;n đợi g&igrave;? H&atilde;y li&ecirc;n hệ ngay Titan Stone để nhận tư vấn v&agrave; b&aacute;o gi&aacute; cho sản phẩm đ&aacute; ngọc&nbsp;AVACN</p>\r\n\r\n<p>&nbsp;</p>\r\n', '1,4', 'Titan Stone', 'da-ngoc-tu-nhien-xuyen-sang-avacn', 0, '', NULL, NULL, NULL, NULL, NULL, NULL, NULL),
(54, 'Đá Ngọc Tự Nhiên Xuyên Sáng AV10', '{\"dm-1\":\"2021-12-30-08-35-41untitled-1.png\",\"dm-2\":\"2022-01-03-08-39-172.2.2.png\",\"dm-4\":null}', '2022-01-03-08-51-231.0.png,2022-01-03-08-51-231.1.png,2022-01-03-08-51-232.0.png,2022-01-03-08-51-232.2.1.png,2022-01-03-08-51-232.2.21.png,2022-01-03-08-51-232.2.22.png,2022-01-03-08-51-232.2.jpg,2022-01-03-08-51-232.3.0.jpg,2022-01-03-08-51-232.3.jpg,2022-01-03-08-51-232.4.jpg,2022-01-03-08-51-232.jpg,2022-01-03-08-51-233.jpg,2022-01-03-08-51-237.jpg,2022-01-03-08-51-238.jpg,2022-01-03-08-51-239.jpg,2022-01-03-08-51-2313.png,2022-01-03-08-51-2314.png', '<p>Tranh đ&aacute;, ốp nền, trụ cột</p>\r\n\r\n<p>K&iacute;ch thước: 2800 x 1800</p>\r\n\r\n<p>Độ d&agrave;y: 2</p>\r\n\r\n<p>Đơn vị: cm</p>\r\n\r\n<p>V&acirc;n đ&aacute;: V&acirc;n hồng</p>\r\n', '', '1,2', 'Titan Stone', 'da-ngoc-xuyen-sang-av10', 0, '', NULL, NULL, NULL, NULL, NULL, NULL, NULL),
(55, 'Đá Ngọc Tự Nhiên Xuyên Sáng AV12-M17', '{\"dm-1\":\"2022-01-03-09-33-111.png\",\"dm-2\":\"2022-01-03-09-33-111.2.png\",\"dm-4\":\"2022-01-03-09-33-111.3.png\",\"dm-5\":\"2022-01-03-09-33-111.4.png\"}', '2022-01-03-09-43-251.6.png,2022-01-03-09-43-251.7.png,2022-01-03-09-43-251.8.png,2022-01-03-09-43-251.9.png,2022-01-03-09-43-251.10.png,2022-01-03-09-43-251.jpg,2022-01-03-09-43-252.jpg,2022-01-03-09-43-253.jpg,2022-01-03-09-43-254.jpg,2022-01-03-09-43-2507cb58be71b7bbe9e2a6.jpg,2022-01-03-09-43-25049d178b3f82f5dcac93.jpg,2022-01-03-09-43-2551a28011a7186d463409.jpg,2022-01-03-09-43-2558c939211128db768239.jpg,2022-01-03-09-43-25ab3c1d0c3405fe5ba714.jpg,2022-01-03-09-43-25ba01d5178b1e4140180f.jpg', '<p>Tranh đ&aacute;, ốp nền, trụ cột, Lavabo</p>\r\n\r\n<p>K&iacute;ch thước: 2200 x 1800</p>\r\n\r\n<p>Độ d&agrave;y: 2</p>\r\n\r\n<p>Đơn vị: cm</p>\r\n\r\n<p>V&acirc;n đ&aacute;: V&acirc;n hồng</p>\r\n', '<h2>Tranh Đ&aacute; Tự Nhi&ecirc;n Xuy&ecirc;n S&aacute;ng AV12-M17</h2>\r\n\r\n<p>Được sinh ra từ tự nhi&ecirc;n n&ecirc;n tranh đ&aacute; tự nhi&ecirc;n xuy&ecirc;n s&aacute;ng AV12-M17 v&acirc;n đ&aacute; độc chỉ c&oacute; duy nhất một bức tranh kh&ocirc;ng c&oacute; bức thứ 2.</p>\r\n\r\n<p><img alt=\"tranh đá xuyên sáng\" src=\"/uploads/images/c%E1%BB%A7a%20hi%E1%BA%BFu/AV12-M17/1_6.png\" style=\"height:800px; width:800px\" /></p>\r\n\r\n<p style=\"text-align:center\"><em>Tranh đ&aacute; ban đ&ecirc;m AV12 - M17 thuộc Titan Stone</em></p>\r\n\r\n<h2>Ưu điểm của đ&aacute; tự nhi&ecirc;n l&agrave; g&igrave;?</h2>\r\n\r\n<p>Dễ d&agrave;ng vệ sinh bằng nước ấm</p>\r\n\r\n<p>V&igrave; sinh ra từ tự nhi&ecirc;n n&ecirc;n c&oacute; ch&uacute;t lợi &iacute;ch về sức khỏe cho gia chủ sử dụng</p>\r\n\r\n<p><img alt=\"đá xuyên sáng Titan Stone\" src=\"/uploads/images/c%E1%BB%A7a%20hi%E1%BA%BFu/AV12-M17/1_7.png\" style=\"height:800px; width:800px\" /></p>\r\n\r\n<p style=\"text-align:center\"><em>Tranh đ&aacute; ban ng&agrave;y AV12 - M17 thuộc Titan Stone</em></p>\r\n\r\n<h2>Địa chỉ thi c&ocirc;ng đ&aacute; tự nhi&ecirc;n xuy&ecirc;n s&aacute;ng Uy T&iacute;n tại Hải Ph&ograve;ng</h2>\r\n\r\n<p>Titan Stone - Đơn vị thi c&ocirc;ng đ&aacute; tự nhi&ecirc;n xuy&ecirc;n s&aacute;ng tại Hải Ph&ograve;ng. Với hơn 100+ mẫu m&atilde; đ&aacute; đa dạng: K&iacute;ch thước, v&acirc;n đ&aacute;, loại đ&aacute;,... Đ&aacute;p ứng được nhiều c&ocirc;ng tr&igrave;nh như: Trụ cột, b&agrave;n đ&aacute;, tranh đ&aacute;, ốp nền,...</p>\r\n\r\n<p><img alt=\"Lavabo thuộc Titan Stone\" src=\"/uploads/images/c%E1%BB%A7a%20hi%E1%BA%BFu/AV12-M17/1_10.png\" style=\"height:800px; width:800px\" /></p>\r\n\r\n<p style=\"text-align:center\"><em>Lavabo - bồn rửa tay bằng đ&aacute; ngọc thuộc Titan Stone</em></p>\r\n\r\n<p>H&atilde;y li&ecirc;n hệ ngay Titan Stone để nhận tư vấn v&agrave; b&aacute;o gi&aacute; ch&iacute;nh x&aacute;c.</p>\r\n', '1,2,4,5', 'Titan Stone', 'da-ngoc-tu-nhien-av12-m17', 0, '', NULL, NULL, NULL, NULL, NULL, NULL, NULL),
(56, 'Đá Ngọc Tự Nhiên Xuyên Sáng ATB-M14', '{\"dm-1\":\"2022-01-11-15-05-074.png\",\"dm-2\":\"2022-01-11-15-05-073.png\",\"dm-4\":\"2022-01-11-15-05-071.png\",\"dm-5\":\"2022-01-11-15-05-072.png\"}', '2022-01-11-15-05-071.0.0.png,2022-01-11-15-05-071.0.1.png,2022-01-11-15-05-071.1.png,2022-01-11-15-05-071.2.png,2022-01-11-15-05-071.4.jpg,2022-01-11-15-05-071.5.jpg,2022-01-11-15-05-071.6.jpg,2022-01-11-15-05-071.jpg,2022-01-11-15-05-072.jpg,2022-01-11-15-05-073.jpg,2022-01-11-15-05-074.jpg,2022-01-11-15-05-075.jpg,2022-01-11-15-05-075fc1cc22312cfb72a23d.jpg,2022-01-11-15-05-07553bcf0b3105fb5ba214.jpg,2022-01-11-15-05-0758989950655eaf00f64f.jpg', '<p>Tranh đ&aacute;, ốp nền, trụ cột, Lavabo</p>\r\n\r\n<p>K&iacute;ch thước: 2100 x 1600</p>\r\n\r\n<p>Độ d&agrave;y: 2</p>\r\n\r\n<p>Đơn vị: cm</p>\r\n\r\n<p>V&acirc;n đ&aacute;: V&acirc;n hồng</p>\r\n', '<h2>Tại sao&nbsp;ứng dụng đ&aacute; ngọc tự nhi&ecirc;n xuy&ecirc;n s&aacute;ng ATB - M14 l&agrave;m tranh đ&aacute;?</h2>\r\n\r\n<p>V&igrave; được sinh ra từ tự nhi&ecirc;n n&ecirc;n v&acirc;n đ&aacute; ngọc ATB - M14 c&oacute; sự độc lạ nhất định v&agrave; c&oacute; gi&aacute; trị thẩm mỹ trừu tượng cao.</p>\r\n\r\n<p><img alt=\"tranh đá ban đêm ATB - M14 thuộc titan stone\" src=\"/uploads/images/c%E1%BB%A7a%20hi%E1%BA%BFu/ATB-M14/1_0_1.png\" style=\"height:800px; width:800px\" /></p>\r\n\r\n<p style=\"text-align:center\"><em>Mẫu tranh đ&aacute; ban đ&ecirc;m ATB-M14 thuộc Titan Stone</em></p>\r\n\r\n<p>Ngo&agrave;i ra, dưới tay nghề của thợ cả b&ecirc;n Titan Stone với kinh nghiệm d&agrave;y dặn trong ng&agrave;nh. Tạo ra một bức tranh với độ d&agrave;y khắt khe (2cm) để tạo n&ecirc;n một bức tranh ho&agrave;n mỹ v&agrave; độ bền si&ecirc;u bền bỉ.</p>\r\n\r\n<p><img alt=\"tranh đá tự nhiên xuyên sáng Titan Stone\" src=\"/uploads/images/c%E1%BB%A7a%20hi%E1%BA%BFu/ATB-M14/1_0_0.png\" style=\"height:800px; width:800px\" /></p>\r\n\r\n<p style=\"text-align:center\"><em>Mẫu tranh đ&aacute; ban ng&agrave;y ATB-M14 thuộc Titan Stone</em></p>\r\n\r\n<h2>Ứng dụng th&ecirc;m của đ&aacute; ngọc tự nhi&ecirc;n xuy&ecirc;n s&aacute;ng ATB-M14</h2>\r\n\r\n<p>Đ&aacute; ngọc tự nhi&ecirc;n ATB-M14 c&ograve;n được sử dụng v&agrave;o trong ốp nền:</p>\r\n\r\n<p><img alt=\"ốp nền nhà cùng với đá ngọc tự nhiên ATB - M14\" src=\"/uploads/images/c%E1%BB%A7a%20hi%E1%BA%BFu/ATB-M14/1_2.png\" style=\"height:800px; width:800px\" /></p>\r\n\r\n<p style=\"text-align:center\"><em>Mẫu ốp nền bằng đ&aacute; ngọc ATB-M14 thuộc Titan Stone</em></p>\r\n\r\n<p>H&atilde;y li&ecirc;n hệ Titan Stone để nhận tư vấn v&agrave; b&aacute;o gi&aacute; ch&iacute;nh x&aacute;c cho sản phẩm đ&aacute; ngọc ATB-M14</p>\r\n', '1,2,4,5', 'Titan Stone', 'da-ngoc-tu-nhien-xuyen-sang-ATB-M14', 0, '', NULL, NULL, NULL, NULL, NULL, NULL, NULL),
(57, 'Đá Ngọc Tự Nhiên Xuyên Sáng ATB-M12', '{\"dm-1\":\"2022-01-05-10-18-464.png\",\"dm-2\":\"2022-01-05-10-18-463.png\",\"dm-4\":\"2022-02-22-23-53-511.4.png\",\"dm-5\":\"2022-02-22-23-53-511.3.png\"}', '2022-01-05-10-18-461.1.png,2022-01-05-10-18-461.2.png,2022-01-05-10-18-461.3.1.png,2022-01-05-10-18-461.3.png,2022-01-05-10-18-461.4.png,2022-01-05-10-18-461.jpg,2022-01-05-10-18-4602d673c3b1cd7b9322dc.jpg,2022-01-05-10-18-462.jpg,2022-01-05-10-18-463.jpg,2022-01-05-10-18-464.jpg,2022-01-05-10-18-465.jpg,2022-01-05-10-18-469753a3cc60c2aa9cf3d3.jpg,2022-01-05-10-18-464427089dca9300cd5982.jpg,2022-01-05-10-18-46e554cfb70fb9c5e79ca8.jpg', '<p>Tranh đ&aacute;, ốp nền, trụ cột, Lavabo</p>\r\n\r\n<p>K&iacute;ch thước: 1700 x 1600</p>\r\n\r\n<p>Độ d&agrave;y: 2</p>\r\n\r\n<p>Đơn vị: cm</p>\r\n\r\n<p>V&acirc;n đ&aacute;: V&acirc;n hồng</p>\r\n', '<h2>Tranh đ&aacute; xuy&ecirc;n s&aacute;ng ATB-M12</h2>\r\n\r\n<p>Tranh đ&aacute; xuy&ecirc;n s&aacute;ng ATB-M12 thuộc Titan Stone được khai th&aacute;c từ c&aacute;c mỏ đ&aacute; tự nhi&ecirc;n. Sau khi khai th&aacute;c đ&aacute; được đưa qua c&ocirc;ng đoạn xử l&yacute; tại&nbsp;xưởng v&agrave; được l&agrave;m th&agrave;nh từng miếng c&oacute; k&iacute;ch thước kh&aacute;c nhau sau.</p>\r\n\r\n<p><img alt=\"đá xuyên sáng ATB-M12\" src=\"/uploads/images/c%E1%BB%A7a%20hi%E1%BA%BFu/ATB-M12/1_2.png\" style=\"height:800px; width:800px\" /></p>\r\n\r\n<p style=\"text-align:center\"><em>Tranh đ&aacute; ban đ&ecirc;m ATB-M12 thuộc Titan Stone</em></p>\r\n\r\n<p><em><img alt=\"Đá xuyên sáng ATB-M12\" src=\"/uploads/images/c%E1%BB%A7a%20hi%E1%BA%BFu/ATB-M12/1_1.png\" style=\"height:800px; width:800px\" /></em></p>\r\n\r\n<p style=\"text-align:center\"><em>Tranh đ&aacute; xuy&ecirc;n s&aacute;ng ban ng&agrave;y ATB-M12 thuộc Titan Stone</em></p>\r\n\r\n<h2>Đ&aacute; tự nhi&ecirc;n xuy&ecirc;n s&aacute;ng ATB-M12 l&agrave;m được những c&ocirc;ng tr&igrave;nh n&agrave;o?</h2>\r\n\r\n<p><strong>Sử dụng l&agrave;m s&agrave;n nh&agrave;</strong></p>\r\n\r\n<p><img alt=\"đá xuyên sáng titan stone\" src=\"/uploads/images/c%E1%BB%A7a%20hi%E1%BA%BFu/ATB-M12/1_3_1.png\" style=\"height:800px; width:800px\" /></p>\r\n\r\n<p style=\"text-align:center\"><em>L&aacute;t s&agrave;n nh&agrave; đ&aacute; xuy&ecirc;n s&aacute;ng ATB-M12 thuộc Titan Stone</em></p>\r\n\r\n<p><strong>Sử dụng l&agrave;m trụ cột&nbsp;</strong></p>\r\n\r\n<p><img alt=\"đá tự nhiên xuyên sáng ATB-M12\" src=\"/uploads/images/c%E1%BB%A7a%20hi%E1%BA%BFu/ATB-M12/1_4.png\" style=\"height:800px; width:800px\" /></p>\r\n\r\n<p style=\"text-align:center\"><em>Trụ cột bằng đ&aacute; xuy&ecirc;n s&aacute;ng ATB-M12 thuộc Titan Stone</em></p>\r\n\r\n<p><strong>Sử dụng l&agrave;m Lavabo</strong></p>\r\n\r\n<p><img alt=\"đá xuyên sáng Titan Stone\" src=\"/uploads/images/c%E1%BB%A7a%20hi%E1%BA%BFu/ATB-M12/1_3.png\" style=\"height:800px; width:800px\" /></p>\r\n\r\n<p style=\"text-align:center\"><em>Đ&aacute; xuy&ecirc;n s&aacute;ng ATB-M12 sử dụng l&agrave;m Lavabo - bồn rửa tay thuộc Titan Stone</em></p>\r\n\r\n<p>H&atilde;y li&ecirc;n hệ ngay đến Titan Stone để nhận tư vấn v&agrave; b&aacute;o gi&aacute; ch&iacute;nh x&aacute;c cho sản phẩm ATB_M12</p>\r\n', '1,2,4,5', 'Titan Stone', 'da-ngoc-tu-nhien-xuyen-sang-ATB-M12', 0, '', NULL, NULL, NULL, NULL, NULL, NULL, NULL),
(58, 'Đá Ngọc Tự Nhiên Xuyên Sáng ATB-M11', '{\"dm-1\":\"2022-01-11-15-05-514.png\",\"dm-2\":\"2022-01-11-15-05-513.png\",\"dm-4\":\"2022-01-11-15-05-512.png\",\"dm-5\":\"2022-01-11-15-05-511.png\"}', '2022-01-11-15-05-511.0.png,2022-01-11-15-05-511.1.jpg,2022-01-11-15-05-511.3.png,2022-01-11-15-05-511.4.png,2022-01-11-15-05-511.5.png,2022-01-11-15-05-512.1.jpg,2022-01-11-15-05-512.2.jpg,2022-01-11-15-05-512.jpg,2022-01-11-15-05-513.1.jpg,2022-01-11-15-05-513.jpg,2022-01-11-15-05-515.jpg,2022-01-11-15-05-516.jpg,2022-01-11-15-05-517.jpg,2022-01-11-15-05-5110.jpg,2022-01-11-15-05-5188bccb6a6564af3af675.jpg', '<p>Tranh đ&aacute;, ốp nền, trụ cột, Lavabo</p>\r\n\r\n<p>K&iacute;ch thước: 1700 x 1600</p>\r\n\r\n<p>Độ d&agrave;y: 2</p>\r\n\r\n<p>Đơn vị: cm</p>\r\n\r\n<p>V&acirc;n đ&aacute;: V&acirc;n hồng</p>\r\n', '<h2>Đ&aacute; ngọc tự nhi&ecirc;n xuy&ecirc;n s&aacute;ng l&agrave; g&igrave;?</h2>\r\n\r\n<p>Đ&aacute; ngọc tự nhi&ecirc;n c&ograve;n được biết đến với t&ecirc;n gọi kh&aacute;c l&agrave; đ&aacute; thạch anh. Ch&uacute;ng c&oacute; khả năng xuy&ecirc;n s&aacute;ng l&ecirc;n đến 90% v&agrave; c&oacute; tỷ lệ ngọc trong tấm đ&aacute; cao.</p>\r\n\r\n<p><img alt=\"tranh đá xuyên sáng  ban ngày ATB-M11\" src=\"/uploads/images/c%E1%BB%A7a%20hi%E1%BA%BFu/ATB-M11/1_0.png\" style=\"height:800px; width:800px\" /></p>\r\n\r\n<p style=\"text-align:center\"><em>Tranh đ&aacute; xuy&ecirc;n s&aacute;ng ban ng&agrave;y ATB-M11 thuộc Titan Stone</em></p>\r\n\r\n<p><em><img alt=\"đá ngọc xuyên sáng ATB-M11\" src=\"/uploads/images/c%E1%BB%A7a%20hi%E1%BA%BFu/ATB-M11/1_1.jpg\" style=\"height:800px; width:800px\" /></em></p>\r\n\r\n<p style=\"text-align:center\"><em>Tranh đ&aacute; xuy&ecirc;n s&aacute;ng ban đ&ecirc;m ATB-M11 thuộc Titan Stone</em></p>\r\n\r\n<h2>Tại sao n&ecirc;n chon đ&aacute; tự nhi&ecirc;n xuy&ecirc;n s&aacute;ng ATB-M11&nbsp;cho c&ocirc;ng tr&igrave;nh của bạn?</h2>\r\n\r\n<p>V&igrave; đ&aacute; xuy&ecirc;n s&aacute;ng ATB-M11&nbsp;được sinh ra từ tự nhi&ecirc;n n&ecirc;n gi&aacute; trị về mặt sức khỏe cho gia chủ</p>\r\n\r\n<p><img alt=\"đá ốp sàn ATB-M12 thuộc Titan Stone\" src=\"/uploads/images/c%E1%BB%A7a%20hi%E1%BA%BFu/ATB-M11/1_3.png\" style=\"height:800px; width:800px\" /></p>\r\n\r\n<p style=\"text-align:center\"><em>Đ&aacute; xuy&ecirc;n s&aacute;ng ATB-M12 ốp nền thuộc Titan Stone</em></p>\r\n\r\n<p>Ngo&agrave;i ra, đặc biệt hơn Titan Stone c&oacute; thể sử dụng sản phẩm l&agrave;m bồn rửa tay bằng tấm đ&aacute; ATB-M11&nbsp;si&ecirc;u bền.</p>\r\n\r\n<p><img alt=\"sản phẩm lavabo - bồn rửa tay thuộc Titan Stone\" src=\"/uploads/images/c%E1%BB%A7a%20hi%E1%BA%BFu/ATB-M11/1_5.png\" style=\"height:800px; width:800px\" /></p>\r\n\r\n<p style=\"text-align:center\"><em>Sản phẩm bồn rửa tay Lavabo bằng đ&aacute; ATB-M11&nbsp;thuộc Titan Stone</em></p>\r\n\r\n<p>Đ&aacute; xuy&ecirc;n s&aacute;ng ATB-M11&nbsp;l&agrave;m ốp cột trụ thuộc Titan Stone</p>\r\n\r\n<p><img alt=\"Đá xuyên sáng ATB-M12 thuộc Titan Stone \" src=\"/uploads/images/c%E1%BB%A7a%20hi%E1%BA%BFu/ATB-M11/1_4.png\" style=\"height:800px; width:800px\" /></p>\r\n\r\n<p style=\"text-align:center\"><em>Sản phẩm ốp cột bằng đ&aacute; xuy&ecirc;n s&aacute;ng ATB-M11 thuộc Titan Stone</em></p>\r\n\r\n<p>H&atilde;y li&ecirc;n hệ ngay đến Titan Stone để nhận tư vấn v&agrave; b&aacute;o gi&aacute; ch&iacute;nh x&aacute;c cho sản phẩm đ&aacute; ATB-M12</p>\r\n', '1,2,4,5', 'Titan Stone', 'da-ngoc-tu-nhien-xuyen-sang-atb-m11', 0, '', NULL, NULL, NULL, NULL, NULL, NULL, NULL);
INSERT INTO `da` (`id`, `ten`, `vuong`, `album`, `gioithieu`, `noidung`, `danhmuc`, `xuatxu`, `slug`, `noibat`, `mota`, `banngay`, `bandem`, `latsan`, `cauthang`, `doday`, `kichthuoc`, `thucte`) VALUES
(59, 'Đá Ngọc Tự Nhiên Xuyên Sáng ATB-M13', '{\"dm-1\":\"2022-01-06-11-30-034.png\",\"dm-2\":\"2022-01-06-11-30-033.png\",\"dm-4\":\"2022-01-06-11-30-031.png\",\"dm-5\":\"2022-01-06-11-30-032.png\"}', '2022-01-12-05-35-491.1.png,2022-01-12-05-35-491.2.png,2022-01-12-05-35-491.3.png,2022-01-12-05-35-491.4.png,2022-01-12-05-35-491.5.png,2022-01-12-05-35-491.jpg,2022-01-12-05-35-492.jpg,2022-01-12-05-35-492bd1e6d010deda8083cf.jpg,2022-01-12-05-35-493.1.jpg,2022-01-12-05-35-493.jpg,2022-01-12-05-35-494.jpg,2022-01-12-05-35-495.jpg,2022-01-12-05-35-496.jpg,2022-01-12-05-35-4981b7b9854d8b87d5de9a.jpg,2022-01-12-05-35-49b8daaf44594a9314ca5b.jpg', '<p>Tranh đ&aacute;, ốp nền, trụ cột, Lavabo</p>\r\n\r\n<p>K&iacute;ch thước: 1700 x 1600</p>\r\n\r\n<p>Độ d&agrave;y: 2</p>\r\n\r\n<p>Đơn vị: cm</p>\r\n\r\n<p>V&acirc;n đ&aacute;: V&acirc;n hồng</p>\r\n', '<h2>Đ&aacute; ngọc tự nhi&ecirc;n xuy&ecirc;n s&aacute;ng l&agrave; g&igrave;?</h2>\r\n\r\n<p>Đ&aacute; ngọc tự nhi&ecirc;n xuy&ecirc;n s&aacute;ng hay thường được gọi l&agrave; đ&aacute; thạch anh, được khai th&aacute;c từ c&aacute;c mỏ tự nhi&ecirc;n n&ecirc;n mẫu m&atilde; v&agrave; v&acirc;n đ&aacute; thường kh&ocirc;ng giống nhau. Tạo n&ecirc;n n&eacute;t độc v&agrave; lạ của sản phẩm đ&aacute; xuy&ecirc;n s&aacute;ng.</p>\r\n\r\n<p><img alt=\"tranh đá ban đem ATB-M13\" src=\"/uploads/images/c%E1%BB%A7a%20hi%E1%BA%BFu/ATB-M13/1_2.png\" style=\"height:800px; width:800px\" /></p>\r\n\r\n<p style=\"text-align:center\"><em>Mẫu tranh đ&aacute; ban đ&ecirc;m ATB - M13 thuộc Titan Stone</em></p>\r\n\r\n<h2>Đ&aacute; ngọc xuy&ecirc;n s&aacute;ng ATB - M13 thường được sử dụng l&agrave;m g&igrave;?</h2>\r\n\r\n<p>Đ&aacute; ngọc xuy&ecirc;n s&aacute;ng ATB - M13 được sinh ra từ tự nhi&ecirc;n n&ecirc;n đa dạng về k&iacute;ch thước chủng loại. Nhưng được ưa d&ugrave;ng v&agrave; sử dụng nhiều nhất thường l&agrave;: Tranh đ&aacute;, ốp nền.</p>\r\n\r\n<p><img alt=\"Đá ngọc ATB - M13 ốp nền\" src=\"/uploads/images/c%E1%BB%A7a%20hi%E1%BA%BFu/ATB-M13/1_4.png\" style=\"height:800px; width:800px\" /></p>\r\n\r\n<p style=\"text-align:center\"><em>Mẫu ốp nền của đ&aacute; ngọc xuy&ecirc;n s&aacute;ng ATB - M13 thuộc Titan Stone</em></p>\r\n\r\n<p>Hoặc c&oacute; thể tham khảo th&ecirc;m mẫu đ&aacute; ATB - M13 được ứng dụng v&agrave;o l&agrave;m trụ cột</p>\r\n\r\n<p><img alt=\"Đá xuyên sáng titan stone\" src=\"/uploads/images/c%E1%BB%A7a%20hi%E1%BA%BFu/ATB-M13/1_3.png\" style=\"height:800px; width:800px\" /></p>\r\n\r\n<p style=\"text-align:center\"><em>Mẫu đ&aacute; ngọc ATB - M13 sử dụng trong ốp trụ cột thuộc Titan Stone</em></p>\r\n\r\n<p>H&atilde;y li&ecirc;n hệ ngay để nhận tư vấn v&agrave; b&aacute;o gi&aacute; cho sản phẩm đ&aacute; ngọc ATB - M13</p>\r\n', '1,2,4,5', 'Titan Stone', 'da-ngoc-tu-nhien-xuyen-sang-atb-m13', 0, '', NULL, NULL, NULL, NULL, NULL, NULL, NULL),
(60, 'Đá Ngọc Tự Nhiên Xuyên Sáng ANN-M2', '{\"dm-1\":\"2022-01-17-16-34-54v1.png\",\"dm-2\":null,\"dm-4\":null,\"dm-5\":null}', '2022-01-17-16-34-541.0.png,2022-01-17-16-34-541.1.png,2022-01-17-16-34-541.jpg,2022-01-17-16-34-542.jpg,2022-01-17-16-34-543.jpg,2022-01-17-16-34-544.jpg,2022-01-17-16-34-545.jpg,2022-01-17-16-34-546.jpg,2022-01-17-16-34-547.jpg,2022-01-17-16-34-548.jpg,2022-01-17-16-34-5494c58154d6e91cb745f8.jpg', '<p>Tranh đ&aacute;, ốp nền, trụ cột, Lavabo</p>\r\n\r\n<p>K&iacute;ch thước: 1800 x 1300</p>\r\n\r\n<p>Độ d&agrave;y: 2</p>\r\n\r\n<p>Đơn vị: cm</p>\r\n\r\n<p>V&acirc;n đ&aacute;: V&acirc;n hồng</p>\r\n', '<h2>Đ&aacute; ngọc tự nhi&ecirc;n xuy&ecirc;n s&aacute;ng ANN-M2</h2>\r\n\r\n<p>L&agrave; d&ograve;ng đ&aacute; thuộc mẫu đ&aacute; xuy&ecirc;n s&aacute;ng ANN - Đặc biệt hơn l&agrave; v&acirc;n đ&aacute; của đ&aacute; ANN-M2 độc lạ hơn rất nhiều so với mẫu ANN trước. Tỉ lệ v&acirc;n đ&aacute; v&agrave; ngọc trong tranh khi gh&eacute;p v&agrave;o cao hơn b&igrave;nh thường, đảm bảo t&iacute;nh độc của đ&aacute; khi l&agrave;m th&agrave;nh phẩm.</p>\r\n\r\n<p><img alt=\"tranh đá xuyên sáng ANN-M2\" src=\"/uploads/images/c%E1%BB%A7a%20hi%E1%BA%BFu/ANN-m2/1_0.png\" style=\"height:800px; width:800px\" /></p>\r\n\r\n<p style=\"text-align:center\"><em>Tranh đ&aacute; ban ng&agrave;y ANN-M2 thuộc Titan Stone</em></p>\r\n\r\n<p>Khi tạo th&agrave;nh tranh ban đ&ecirc;m th&igrave; tỉ lệ xuy&ecirc;n s&aacute;ng đạt l&ecirc;n đến 90%. Gi&uacute;p bạn cảm nhận được sự tinh tế trong bức tranh v&agrave; gi&aacute; trị trừu tượng của sản phẩm.</p>\r\n\r\n<p><img alt=\"tranh đá xuyên sáng ban đêm ANN-M2\" src=\"/uploads/images/c%E1%BB%A7a%20hi%E1%BA%BFu/ANN-m2/1_1.png\" style=\"height:800px; width:800px\" /></p>\r\n\r\n<p style=\"text-align:center\"><em>Tranh đ&aacute; ban đ&ecirc;m ANN-M2 thuộc Titan Stone</em></p>\r\n\r\n<p>Ngo&agrave;i ra, v&igrave; l&agrave; đ&aacute; được khai th&aacute;c từ tự nhi&ecirc;n n&ecirc;n đ&aacute; c&oacute; đa dạng k&iacute;ch thước v&agrave; nhiều v&acirc;n đ&aacute; kh&aacute;c nhau. N&ecirc;n được d&ugrave;ng l&agrave;m nhiều loại c&ocirc;ng tr&igrave;nh.</p>\r\n\r\n<p><img alt=\"đá ngọc xuyên sáng ANN-M2\" src=\"/uploads/images/c%E1%BB%A7a%20hi%E1%BA%BFu/ANN-m2/94c58154d6e91cb745f8.jpg\" style=\"height:1060px; width:1280px\" /></p>\r\n\r\n<p style=\"text-align:center\"><em>Tấm đ&aacute; sau khi được cắt v&agrave; qua nhiều c&ocirc;ng đoạn đặc biệt</em></p>\r\n\r\n<p>H&atilde;y li&ecirc;n hệ ngay Titan Stone để nhận tư vấn v&agrave; b&aacute;o gi&aacute; ch&iacute;nh x&aacute;c cho sản phẩm đ&aacute; ANN-M2 n&agrave;y nh&eacute;!!!</p>\r\n', '1', 'Titan Stone', 'da-ngoc-tu-nhien-xuyen-sang-ann-m2', 0, '', NULL, NULL, NULL, NULL, NULL, NULL, NULL),
(61, 'Đá Ngọc Tự Nhiên Xuyên Sáng ANC', '{\"dm-1\":null,\"dm-2\":\"2022-01-20-15-54-003.png\",\"dm-4\":\"2022-01-20-15-54-001.png\",\"dm-5\":\"2022-01-20-15-54-002.png\"}', '2022-01-20-15-54-00a1.png,2022-01-20-15-54-00a2.png,2022-01-20-15-54-00a3.png,2022-01-20-15-54-00a4.jpg', '<p>Ốp nền, trụ cột, Lavabo</p>\r\n\r\n<p>K&iacute;ch thước: 2540 x 1600</p>\r\n\r\n<p>Độ d&agrave;y: 2</p>\r\n\r\n<p>Đơn vị: cm</p>\r\n\r\n<p>V&acirc;n đ&aacute;: V&acirc;n hồng</p>\r\n', '<h2>Đ&aacute; ngọc tự nhi&ecirc;n xuy&ecirc;n s&aacute;ng ANC l&agrave; g&igrave;?</h2>\r\n\r\n<p>L&agrave; loại đ&aacute; thuộc d&ograve;ng đ&aacute; thạch anh, c&oacute; hoa văn đa dạng, m&agrave;u sắc tự nhi&ecirc;n. C&aacute;c v&acirc;n đ&aacute; được h&igrave;nh th&agrave;nh một c&aacute;ch ngẫu nhi&ecirc;n n&ecirc;n kh&ocirc;ng tồn tại hai vi&ecirc;n giống nhau. Dưới &aacute;nh s&aacute;ng mặt trời hay &aacute;nh s&aacute;ng đ&egrave;n, c&aacute;c đường v&acirc;n trở n&ecirc;n sắc n&eacute;t v&agrave; c&oacute; chiều s&acirc;u hơn, tạo ra những bức tranh với mảng m&agrave;u sắc độc đ&aacute;o đầy t&iacute;nh trừu tượng. Đặc biệt l&agrave; c&oacute; thể xuy&ecirc;n s&aacute;ng l&ecirc;n đến 90%.</p>\r\n\r\n<p><img alt=\"đá ngọc tự nhiên ANC\" src=\"/uploads/images/c%E1%BB%A7a%20hi%E1%BA%BFu/ANC/A4.jpg\" style=\"height:1060px; width:1280px\" /></p>\r\n\r\n<p style=\"text-align:center\"><em>H&igrave;nh ảnh tấm đ&aacute; ngọc tự nhi&ecirc;n ANC tại kho TItan Stone</em></p>\r\n\r\n<h2>Ứng dụng của đ&aacute; ngọc ANC thuộc TItan Stone</h2>\r\n\r\n<p>V&igrave; l&agrave; đ&aacute; tự nhi&ecirc;n n&ecirc;n Titan Stone th&iacute;ch hợp l&agrave;m nhiều loại c&ocirc;ng tr&igrave;nh như: L&agrave;m ốp trụ cột, l&agrave;m bồn rửa tay Lavabo, L&agrave;m nền nh&agrave;,...</p>\r\n\r\n<p><img alt=\"ốp trụ cột bằng đá ANC thuộc Titan Stone\" src=\"/uploads/images/c%E1%BB%A7a%20hi%E1%BA%BFu/ANC/A1.png\" style=\"height:800px; width:800px\" /></p>\r\n\r\n<p style=\"text-align:center\"><em>H&igrave;nh ảnh minh họa đ&aacute; ngọc ANC ốp trụ cột thuộc Titan Stone</em></p>\r\n\r\n<p><em><img alt=\"ốp nền nhà bằng đá ngọc ANC thuộc Titan Stone\" src=\"/uploads/images/c%E1%BB%A7a%20hi%E1%BA%BFu/ANC/A3.png\" style=\"height:800px; width:800px\" /></em></p>\r\n\r\n<p style=\"text-align:center\"><em>H&igrave;nh ảnh minh họa ốp nền nh&agrave; bằng đ&aacute; ngọc ANC thuộc Titan Stone</em></p>\r\n\r\n<p>Ngo&agrave;i ra, đặc biệt hơn Titan Stone c&ograve;n thi c&ocirc;ng bồn rửa tay Lavabo bằng đ&aacute; ngọc nguy&ecirc;n khối si&ecirc;u bền.</p>\r\n\r\n<p><img alt=\"Bồn rửa tay Lavabo bằng đá ngọc ANC\" src=\"/uploads/images/c%E1%BB%A7a%20hi%E1%BA%BFu/ANC/A2.png\" style=\"height:800px; width:800px\" /></p>\r\n\r\n<p style=\"text-align:center\"><em>H&igrave;nh ảnh minh họa bồn rửa tay Lavabo bằng đ&aacute; ngọc ANC thuộc Titan Stone</em></p>\r\n\r\n<p>H&atilde;y li&ecirc;n hệ ngay Titan Stone để nhận tư vấn v&agrave; b&aacute;o gi&aacute; ch&iacute;nh x&aacute;c cho sản phẩm đ&aacute; ANC.</p>\r\n', '2,4,5', 'Titan Stone', 'da-ngoc-tu-nhien-xuyen-sang-anc', 0, '', NULL, NULL, NULL, NULL, NULL, NULL, NULL),
(62, 'Đá Ngọc Tự Nhiên Xuyên Sáng ACC', '{\"dm-1\":null,\"dm-2\":\"2022-01-20-15-55-343.png\",\"dm-4\":\"2022-01-20-15-55-341.png\",\"dm-5\":\"2022-01-20-15-55-342.png\"}', '2022-01-20-15-55-34a1.png,2022-01-20-15-55-34a2.png,2022-01-20-15-55-34a3.png,2022-01-20-15-55-34a4.jpg', '<p>Ốp nền, trụ cột, Lavabo</p>\r\n\r\n<p>K&iacute;ch thước: 1800 x 1700</p>\r\n\r\n<p>Độ d&agrave;y: 2</p>\r\n\r\n<p>Đơn vị: cm</p>\r\n\r\n<p>V&acirc;n đ&aacute;: V&acirc;n hồng</p>\r\n', '<h2>Đ&aacute; ngọc tự nhi&ecirc;n xuy&ecirc;n s&aacute;ng ACC l&agrave; g&igrave;?</h2>\r\n\r\n<p>L&agrave; loại đ&aacute; thuộc d&ograve;ng đ&aacute; thạch anh, c&oacute; hoa văn đa dạng, m&agrave;u sắc tự nhi&ecirc;n. C&aacute;c v&acirc;n đ&aacute; được h&igrave;nh th&agrave;nh một c&aacute;ch ngẫu nhi&ecirc;n n&ecirc;n kh&ocirc;ng tồn tại hai vi&ecirc;n giống nhau. Dưới &aacute;nh s&aacute;ng mặt trời hay &aacute;nh s&aacute;ng đ&egrave;n, c&aacute;c đường v&acirc;n trở n&ecirc;n sắc n&eacute;t v&agrave; c&oacute; chiều s&acirc;u hơn, tạo ra những bức tranh với mảng m&agrave;u sắc độc đ&aacute;o đầy t&iacute;nh trừu tượng. Đặc biệt l&agrave; c&oacute; thể xuy&ecirc;n s&aacute;ng l&ecirc;n đến 90%.</p>\r\n\r\n<p><img alt=\"Đá ngọc xuyên sáng acc\" src=\"/uploads/images/c%E1%BB%A7a%20hi%E1%BA%BFu/acc/A4.jpg\" style=\"height:1067px; width:1280px\" /></p>\r\n\r\n<p style=\"text-align:center\"><em>H&igrave;nh ảnh tấm đ&aacute; ngọc ACC tại kho TItan Stone</em></p>\r\n\r\n<h2>Những c&ocirc;ng tr&igrave;nh n&ecirc;n sử dụng đ&aacute; ngọc xuy&ecirc;n s&aacute;ng ACC</h2>\r\n\r\n<p>V&igrave; độ bền cao n&ecirc;n đ&aacute; ngọc xuy&ecirc;n s&aacute;ng ACC được sử dụng để ốp trụ cột, l&agrave;m bồn rửa tay Lavabo.</p>\r\n\r\n<p><img alt=\"Ốp trụ cột bằng đá ngọc acc thuộc TItan Stone\" src=\"/uploads/images/c%E1%BB%A7a%20hi%E1%BA%BFu/acc/A1.png\" style=\"height:800px; width:800px\" /></p>\r\n\r\n<p style=\"text-align:center\"><em>H&igrave;nh ảnh minh họa đ&aacute; ngọc ACC ứng dụng v&agrave;o ốp cột</em></p>\r\n\r\n<p><em><img alt=\"hình ảnh làm bồn rửa tay lavabo \" src=\"/uploads/images/c%E1%BB%A7a%20hi%E1%BA%BFu/acc/A2.png\" style=\"height:800px; width:800px\" /></em></p>\r\n\r\n<p style=\"text-align:center\"><em>H&igrave;nh ảnh minh họa bồn rửa tay Lavabo bằng đ&aacute; ngọc ACC</em></p>\r\n\r\n<p>Ngo&agrave;i ra, v&igrave; l&agrave; đ&aacute; tự nhi&ecirc;n n&ecirc;n đ&aacute; ngọc ACC thường kh&ocirc;ng mấy bắt bụi v&agrave; dễ d&agrave;ng vệ sinh n&ecirc;n được sử dụng v&agrave;o l&agrave;m nền.</p>\r\n\r\n<p><img alt=\"ốp nền bằng đá ngọc ACC thuộc Titan Stone\" src=\"/uploads/images/c%E1%BB%A7a%20hi%E1%BA%BFu/acc/A3.png\" style=\"height:800px; width:800px\" /></p>\r\n\r\n<p style=\"text-align:center\"><em>H&igrave;nh ảnh minh họa ốp nền bằng đ&aacute; ngọc ACC&nbsp;</em></p>\r\n\r\n<p>C&ograve;n đợi g&igrave; m&agrave; kh&ocirc;ng li&ecirc;n hệ ngay Titan Stone để nhận b&aacute;o gi&aacute; ch&iacute;nh x&aacute;c cho d&ograve;ng sản phẩm n&agrave;y.</p>\r\n', '2,4,5', 'Titan Stone', 'da-ngoc-tu-nhien-xuyen-sang-acc', 0, '', NULL, NULL, NULL, NULL, NULL, NULL, NULL),
(63, 'Đá Ngọc Tự Nhiên Xuyên Sáng ANB', '{\"dm-1\":null,\"dm-2\":\"2022-01-20-16-00-533.png\",\"dm-4\":\"2022-01-20-16-00-531.png\",\"dm-5\":\"2022-01-20-16-00-532.png\"}', '2022-01-20-15-57-25a1.png,2022-01-20-15-57-25a2.png,2022-01-20-15-57-25a3.png,2022-01-20-15-57-25a4.jpg', '<p>Tranh đ&aacute;, ốp nền, trụ cột, Lavabo</p>\r\n\r\n<p>K&iacute;ch thước: 2000 x 1300</p>\r\n\r\n<p>Độ d&agrave;y: 2</p>\r\n\r\n<p>Đơn vị: cm</p>\r\n\r\n<p>V&acirc;n đ&aacute;: V&acirc;n hồng</p>\r\n', '<h2>Đ&aacute; ngọc tự nhi&ecirc;n xuy&ecirc;n s&aacute;ng l&agrave; g&igrave;?</h2>\r\n\r\n<p>Đ&aacute; ngọc tự nhi&ecirc;n xuy&ecirc;n s&aacute;ng hay c&ograve;n c&oacute; t&ecirc;n gọi kh&aacute;c l&agrave; đ&aacute; thạch anh. Được khai th&aacute;c từ c&aacute;c mỏ đ&aacute; tự nhi&ecirc;n v&agrave; c&oacute; k&iacute;ch thước, v&acirc;n đ&aacute; đa dạng. Dễ d&agrave;ng sử dụng cho mọi c&ocirc;ng tr&igrave;nh.</p>\r\n\r\n<p><img alt=\"đá ngọc ANB thuộc Titan Stone\" src=\"/uploads/images/c%E1%BB%A7a%20hi%E1%BA%BFu/ANB/A4.jpg\" style=\"height:1068px; width:1280px\" /></p>\r\n\r\n<p style=\"text-align:center\"><em>H&igrave;nh ảnh đ&aacute; ngọc tự nhi&ecirc;n xuy&ecirc;n s&aacute;ng ANB tại Titan Stone</em></p>\r\n\r\n<p>Titan Stone chuy&ecirc;n thi c&ocirc;ng đ&aacute; tự nhi&ecirc;n xuy&ecirc;n s&aacute;ng tại Hải Ph&ograve;ng. Hiện nay, d&ograve;ng đ&aacute; xuy&ecirc;n s&aacute;ng ANB tại Titan Stone được sử dụng để l&agrave;m trụ cột, nền nh&agrave; v&agrave; bồn đ&aacute; rửa tay Lavabo.</p>\r\n\r\n<p><img alt=\"đá ngọc ANB làm sàn nhà \" src=\"/uploads/images/c%E1%BB%A7a%20hi%E1%BA%BFu/ANB/A3.png\" style=\"height:800px; width:800px\" /></p>\r\n\r\n<p style=\"text-align:center\"><em>H&igrave;nh ảnh minh họa sử dụng&nbsp;đ&aacute; ngọc ANB ốp nền nh&agrave; thuộc Titan Stone</em></p>\r\n\r\n<p><em><img alt=\"đá ngọc ABN dùng ốp trụ cột \" src=\"/uploads/images/c%E1%BB%A7a%20hi%E1%BA%BFu/ANB/A1.png\" style=\"height:800px; width:800px\" /></em></p>\r\n\r\n<p style=\"text-align:center\"><em>H&igrave;nh ảnh minh họa đ&aacute; ngọc ANB ốp trụ cột&nbsp;thuộc Titan Stone</em></p>\r\n\r\n<p><em><img alt=\"bồn rửa tay Lavabo bằng đá ngọc ANB\" src=\"/uploads/images/c%E1%BB%A7a%20hi%E1%BA%BFu/ANB/A2.png\" style=\"height:800px; width:800px\" /></em></p>\r\n\r\n<p style=\"text-align:center\"><em>H&igrave;nh ảnh minh họa bồn rửa tay Lavabo bằng đ&aacute; ngọc ANB thuộc Titan Stone</em></p>\r\n\r\n<p>H&atilde;y li&ecirc;n hệ Titan Stone để nhận b&aacute;o gi&aacute; ch&iacute;nh x&aacute;c nhất!</p>\r\n', '2,4,5', 'Titan Stone', 'da-ngoc-tu-nhien-xuyen-sang-anb', 0, '', NULL, NULL, NULL, NULL, NULL, NULL, NULL),
(64, 'Đá Ngọc Tự Nhiên Xuyên Sáng ACB-M1', '{\"dm-1\":null,\"dm-2\":\"2022-01-20-16-01-163.png\",\"dm-4\":\"2022-01-20-16-01-161.png\",\"dm-5\":\"2022-01-20-16-01-162.png\"}', '2022-01-20-15-59-09a1.png,2022-01-20-15-59-09a2.png,2022-01-20-15-59-09a3.png,2022-01-20-15-59-09a4.jpg', '<p>Tranh đ&aacute;, ốp nền, trụ cột, Lavabo</p>\r\n\r\n<p>K&iacute;ch thước: 1250 x 1250</p>\r\n\r\n<p>Độ d&agrave;y: 2</p>\r\n\r\n<p>Đơn vị: cm</p>\r\n\r\n<p>V&acirc;n đ&aacute;: V&acirc;n hồng</p>\r\n', '', '2,4,5', 'Titan Stone', 'da-ngoc-tu-nhien-xuyen-sang-acb', 0, '', NULL, NULL, NULL, NULL, NULL, NULL, NULL),
(65, 'Đá Ngọc Tự Nhiên Xuyên Sáng ANN-M2', '{\"dm-1\":null,\"dm-2\":\"2022-01-20-16-02-483.png\",\"dm-4\":\"2022-01-20-16-02-481.png\",\"dm-5\":\"2022-01-20-16-02-482.png\"}', '2022-01-20-16-02-48a1.png,2022-01-20-16-02-48a2.png,2022-01-20-16-02-48a3.png,2022-01-20-16-02-48a4.jpg', '<p>Tranh đ&aacute;, ốp nền, trụ cột, Lavabo</p>\r\n\r\n<p>K&iacute;ch thước: 1800 x 1300</p>\r\n\r\n<p>Độ d&agrave;y: 2</p>\r\n\r\n<p>Đơn vị: cm</p>\r\n\r\n<p>V&acirc;n đ&aacute;: V&acirc;n hồng</p>\r\n', '', '2,4,5', 'Titan Stone', 'da-ngoc-tu-nhien-ann-m2', 0, '', NULL, NULL, NULL, NULL, NULL, NULL, NULL),
(66, 'Đá Ngọc Tự Nhiên Xuyên Sáng ACB-M2', '{\"dm-1\":null,\"dm-2\":\"2022-01-20-16-04-433.png\",\"dm-4\":\"2022-01-20-16-04-431.png\",\"dm-5\":\"2022-01-20-16-04-432.png\"}', '2022-01-20-16-04-43a1.png,2022-01-20-16-04-43a2.png,2022-01-20-16-04-43a3.png,2022-01-20-16-04-43a859cc679dda57840ecb.jpg', '<p>Tranh đ&aacute;, ốp nền, trụ cột, Lavabo</p>\r\n\r\n<p>K&iacute;ch thước: 1250 x 1250</p>\r\n\r\n<p>Độ d&agrave;y: 2</p>\r\n\r\n<p>Đơn vị: cm</p>\r\n\r\n<p>V&acirc;n đ&aacute;: V&acirc;n hồng</p>\r\n', '<h2>Đ&aacute; ngọc tự nhi&ecirc;n xuy&ecirc;n s&aacute;ng l&agrave; g&igrave;?</h2>\r\n\r\n<p>Đ&aacute; ngọc tự nhi&ecirc;n xuy&ecirc;n s&aacute;ng hay c&ograve;n c&oacute; t&ecirc;n gọi kh&aacute;c l&agrave; đ&aacute; thạch anh. Được khai th&aacute;c từ c&aacute;c mỏ đ&aacute; tự nhi&ecirc;n v&agrave; c&oacute; k&iacute;ch thước, v&acirc;n đ&aacute; đa dạng. Dễ d&agrave;ng sử dụng cho mọi c&ocirc;ng tr&igrave;nh.</p>\r\n\r\n<p><img alt=\"đá ngọc ACB-M2\" src=\"/uploads/images/c%E1%BB%A7a%20hi%E1%BA%BFu/ACB-M2/a859cc679dda57840ecb.jpg\" style=\"border-style:solid; border-width:1px; height:1063px; width:1280px\" /></p>\r\n\r\n<p style=\"text-align:center\"><em>H&igrave;nh ảnh tấm đ&aacute; ngọc ACB-M2 thuộc Titan Stone</em></p>\r\n\r\n<h2>Đ&aacute; ngọc tự nhi&ecirc;n xuy&ecirc;n s&aacute;ng c&oacute; đặc điểm g&igrave;?</h2>\r\n\r\n<p>Dễ d&agrave;ng vệ sinh sản phẩm</p>\r\n\r\n<p>V&igrave; l&agrave; đ&aacute; tự nhi&ecirc;n v&agrave; sau khi được thi c&ocirc;ng th&igrave; độ nhẵn bề mặt sản phẩm tương đối cao v&agrave; tỉ lệ bắt bụi thấp. N&ecirc;n chỉ cần sử dụng nước ấm c&ugrave;ng khăn sạch l&agrave; c&oacute; thể vệ sinh dễ d&agrave;ng.</p>\r\n\r\n<p><img alt=\"hình ảnh nền nhà đá ngọc ACB-M2\" src=\"/uploads/images/c%E1%BB%A7a%20hi%E1%BA%BFu/ACB-M2/A3.png\" style=\"height:800px; width:800px\" /></p>\r\n\r\n<p style=\"text-align:center\"><em>H&igrave;nh ảnh đ&aacute; ngọc ACB-M2 ứng dụng v&agrave;o ốp nền</em></p>\r\n\r\n<p>C&oacute; gi&aacute; trị lợi &iacute;ch về mặt sức khỏe cho gia chủ trong qu&aacute; tr&igrave;nh sử dụng sản phẩm</p>\r\n\r\n<p><img alt=\"Hình ảnh bồn rửa tay Lavabo ACB-M2\" src=\"/uploads/images/c%E1%BB%A7a%20hi%E1%BA%BFu/ACB-M2/A2.png\" style=\"height:800px; width:800px\" /></p>\r\n\r\n<p style=\"text-align:center\"><em>H&igrave;nh ảnh đ&aacute; ngọc ACB-M2 ứng dụng v&agrave;o bồn rửa tay Lavabo</em></p>\r\n\r\n<p>Ngo&agrave;i ra, đ&aacute; ngọc ACB-M2 c&ograve;n được sử dụng cho nhiều loại c&ocirc;ng tr&igrave;nh v&igrave; độ d&agrave;y khắt khe của đ&aacute; l&agrave; 2 cm.</p>\r\n\r\n<p><img alt=\"Cột đá ngọc ACB-M2 thuộc Titan Stone\" src=\"/uploads/images/c%E1%BB%A7a%20hi%E1%BA%BFu/ACB-M2/A1.png\" style=\"height:800px; width:800px\" /></p>\r\n\r\n<p style=\"text-align:center\"><em>H&igrave;nh ảnh đ&aacute; ngọc ACB-M2 ứng dụng v&agrave;o ốp trụ cột thuộc TItan Stone</em></p>\r\n\r\n<p>H&atilde;y li&ecirc;n hệ ngay Titan Stone để nhận tư vấn v&agrave; b&aacute;o gi&aacute; ch&iacute;nh x&aacute;c cho sản phẩm đ&aacute; ngọc ACB-M2!</p>\r\n', '2,4,5', 'Titan Stone', 'da-ngoc-tu-nhien-xuyen-sang-acb-m2', 0, '', NULL, NULL, NULL, NULL, NULL, NULL, NULL),
(67, 'Đá Ngọc Tự Nhiên Xuyên Sáng ACB-M3', '{\"dm-1\":null,\"dm-2\":\"2022-01-20-16-05-543.png\",\"dm-4\":\"2022-01-20-16-05-541.png\",\"dm-5\":\"2022-01-20-16-05-542.png\"}', '2022-01-20-16-05-54a1.png,2022-01-20-16-05-54a2.png,2022-01-20-16-05-54a3.png,2022-01-20-16-05-54a4.png,2022-01-20-16-05-54b4ccc95098ed52b30bfc.jpg', '<p>Tranh đ&aacute;, ốp nền, trụ cột, Lavabo</p>\r\n\r\n<p>K&iacute;ch thước: 1250 x 1250</p>\r\n\r\n<p>Độ d&agrave;y: 2</p>\r\n\r\n<p>Đơn vị: cm</p>\r\n\r\n<p>V&acirc;n đ&aacute;: V&acirc;n hồng</p>\r\n', '<h2>Đ&aacute; ngọc tự nhi&ecirc;n xuy&ecirc;n s&aacute;ng ACB-M3</h2>\r\n\r\n<p>L&agrave; d&ograve;ng đ&aacute; được khai th&aacute;c từ tự nhi&ecirc;n hay thường được gọi l&agrave; đ&aacute; thạch anh. C&oacute; tỷ lệ xuy&ecirc;n s&aacute;ng l&ecirc;n đến 90% v&agrave; c&oacute; tỷ lệ ngọc trong đ&aacute; cao.</p>\r\n\r\n<p><img alt=\"đá ngọc ACB-M3\" src=\"/uploads/images/c%E1%BB%A7a%20hi%E1%BA%BFu/ACB-M3/b4ccc95098ed52b30bfc.jpg\" /></p>\r\n\r\n<p style=\"text-align:center\"><em>H&igrave;nh ảnh tấm đ&aacute; ngọc ACB-M3 sau khi được thợ m&agrave;i giũa đ&aacute;nh b&oacute;ng</em></p>\r\n\r\n<h2>Đ&aacute; ngọc xuy&ecirc;n s&aacute;ng ACB-M3 thường được sử dụng l&agrave;m g&igrave;?</h2>\r\n\r\n<p>V&igrave; l&agrave; đ&aacute; tự nhi&ecirc;n n&ecirc;n k&iacute;ch thước, v&acirc;n đ&aacute; rất đa dạng c&oacute; thể sử dụng để l&agrave;m nhiều loại c&ocirc;ng tr&igrave;nh.</p>\r\n\r\n<p><img alt=\"đá ngọc ACB-M3 làm cột\" src=\"/uploads/images/c%E1%BB%A7a%20hi%E1%BA%BFu/ACB-M3/A1.png\" /></p>\r\n\r\n<p style=\"text-align:center\"><em>H&igrave;nh ảnh đ&aacute; ngọc ACB-M3 ứng dụng v&agrave;o l&agrave;m cột</em></p>\r\n\r\n<p><img alt=\"đá ngọc ACB-M3 ốp nền\" src=\"/uploads/images/c%E1%BB%A7a%20hi%E1%BA%BFu/ACB-M3/A4.png\" /></p>\r\n\r\n<p style=\"text-align:center\"><em>H&igrave;nh ảnh đ&aacute; ngọc ACB-M3 ứng dụng v&agrave;o ốp nền kh&aacute;ch sạn</em></p>\r\n\r\n<p><em><img alt=\"đá ngọc ACB-M3 ứng dụng vào làm bồn rửa tay Lavabo\" src=\"/uploads/images/c%E1%BB%A7a%20hi%E1%BA%BFu/ACB-M3/A3.png\" /></em></p>\r\n\r\n<p style=\"text-align:center\"><em>H&igrave;nh ảnh đ&aacute; ngọc ACB-M3 ứng dụng v&agrave;o l&agrave;m bồn rửa tay Lavabo</em></p>\r\n\r\n<p>Ngo&agrave;i ra, đ&aacute; ngọc ACB-M3 c&ograve;n được ứng dụng v&agrave;o nhiều loại c&ocirc;ng tr&igrave;nh kh&aacute;c như: Ốp quầy kệ, b&agrave;n ghế,...</p>\r\n\r\n<p>H&atilde;y li&ecirc;n hệ ngay đến Titan Stone để nhận tư vấn v&agrave; b&aacute;o gi&aacute; ch&iacute;nh x&aacute;c cho sản phẩm ACB-M3 nh&eacute;!</p>\r\n', '2,4,5', 'Titan Stone', 'da-ngoc-tu-nhien-acb-m3', 0, '', NULL, NULL, NULL, NULL, NULL, NULL, NULL),
(68, 'Đá Ngọc Tự Nhiên Xuyên Sáng ACB-M3', '{\"dm-1\":null,\"dm-2\":\"2022-01-20-16-07-193.png\",\"dm-4\":\"2022-01-20-16-07-191.png\",\"dm-5\":\"2022-01-20-16-07-192.png\"}', '2022-01-20-16-07-19a1.png,2022-01-20-16-07-19a2.png,2022-01-20-16-07-19a3.png,2022-01-20-16-07-19e56b5fb90d04c75a9e15.jpg', '<p>Tranh đ&aacute;, ốp nền, trụ cột, Lavabo</p>\r\n\r\n<p>K&iacute;ch thước: 1250 x 1250</p>\r\n\r\n<p>Độ d&agrave;y: 2</p>\r\n\r\n<p>Đơn vị: cm</p>\r\n\r\n<p>V&acirc;n đ&aacute;: V&acirc;n hồng</p>\r\n', '<h2>Đ&aacute; ngọc tự nhi&ecirc;n xuy&ecirc;n s&aacute;ng ACB-M3</h2>\r\n\r\n<p>L&agrave; d&ograve;ng đ&aacute; được khai th&aacute;c từ tự nhi&ecirc;n hay thường được gọi l&agrave; đ&aacute; thạch anh. C&oacute; tỷ lệ xuy&ecirc;n s&aacute;ng l&ecirc;n đến 90% v&agrave; c&oacute; tỷ lệ ngọc trong đ&aacute; cao.</p>\r\n\r\n<p><img alt=\"đá ngọc ACB-M3\" src=\"/uploads/images/c%E1%BB%A7a%20hi%E1%BA%BFu/ACB-M3.1/e56b5fb90d04c75a9e15.jpg\" style=\"border-style:solid; border-width:1px; height:1048px; width:1280px\" /></p>\r\n\r\n<p style=\"text-align:center\"><em>H&igrave;nh ảnh tấm đ&aacute; ngọc ACB-M3 sau khi được thợ m&agrave;i giũa đ&aacute;nh b&oacute;ng</em></p>\r\n\r\n<h2>Đ&aacute; ngọc xuy&ecirc;n s&aacute;ng ACB-M3 thường được sử dụng l&agrave;m g&igrave;?</h2>\r\n\r\n<p>V&igrave; l&agrave; đ&aacute; tự nhi&ecirc;n n&ecirc;n k&iacute;ch thước, v&acirc;n đ&aacute; rất đa dạng c&oacute; thể sử dụng để l&agrave;m nhiều loại c&ocirc;ng tr&igrave;nh.</p>\r\n\r\n<p><img alt=\"đá ngọc ACB-M3 làm cột\" src=\"/uploads/images/c%E1%BB%A7a%20hi%E1%BA%BFu/ACB-M3.1/A1.png\" style=\"height:800px; width:800px\" /></p>\r\n\r\n<p style=\"text-align:center\"><em>H&igrave;nh ảnh đ&aacute; ngọc ACB-M3 ứng dụng v&agrave;o l&agrave;m cột</em></p>\r\n\r\n<p><img alt=\"đá ngọc ACB-M3 ốp nền\" src=\"/uploads/images/c%E1%BB%A7a%20hi%E1%BA%BFu/ACB-M3.1/A3.png\" style=\"height:800px; width:800px\" /></p>\r\n\r\n<p style=\"text-align:center\"><em>H&igrave;nh ảnh đ&aacute; ngọc ACB-M3 ứng dụng v&agrave;o ốp nền kh&aacute;ch sạn</em></p>\r\n\r\n<p><em><img alt=\"đá ngọc ACB-M3 ứng dụng vào làm bồn rửa tay Lavabo\" src=\"/uploads/images/c%E1%BB%A7a%20hi%E1%BA%BFu/ACB-M3.1/A3.png\" style=\"height:800px; width:800px\" /></em></p>\r\n\r\n<p style=\"text-align:center\"><em>H&igrave;nh ảnh đ&aacute; ngọc ACB-M3 ứng dụng v&agrave;o l&agrave;m bồn rửa tay Lavabo</em></p>\r\n\r\n<p>Ngo&agrave;i ra, đ&aacute; ngọc ACB-M3 c&ograve;n được ứng dụng v&agrave;o nhiều loại c&ocirc;ng tr&igrave;nh kh&aacute;c như: Ốp quầy kệ, b&agrave;n ghế,...</p>\r\n\r\n<p>H&atilde;y li&ecirc;n hệ ngay đến Titan Stone để nhận tư vấn v&agrave; b&aacute;o gi&aacute; ch&iacute;nh x&aacute;c cho sản phẩm ACB-M3 nh&eacute;!</p>\r\n', '2,4,5', 'Titan Stone', 'da-ngoc-tu-nhien-xuyen-sang-acb-m3', 0, '', NULL, NULL, NULL, NULL, NULL, NULL, NULL),
(69, 'Đá Ngọc Tự Nhiên Xuyên Sáng ATB32', '{\"dm-1\":\"2022-02-19-23-44-204.png\",\"dm-2\":\"2022-02-19-23-44-203.png\",\"dm-4\":\"2022-02-19-23-44-201.png\",\"dm-5\":\"2022-02-19-23-44-202.png\"}', '2022-02-19-23-44-200.0.0.1.png,2022-02-19-23-44-200.0.0.png,2022-02-19-23-44-200.0.png,2022-02-19-23-44-200.1.png,2022-02-19-23-44-200.png,2022-02-19-23-44-2001.jpg,2022-02-19-23-44-201.jpg,2022-02-19-23-44-202.1.jpg,2022-02-19-23-44-202.2.jpg,2022-02-19-23-44-202.jpg,2022-02-19-23-44-203.jpg,2022-02-19-23-44-204.jpg,2022-02-19-23-44-205.jpg,2022-02-19-23-44-206.jpg,2022-02-19-23-44-207.jpg,2022-02-19-23-44-209bcad680996854360d79.jpg', '<p>Tranh đ&aacute;, ốp s&agrave;n, ốp cột, Lavabo</p>\r\n\r\n<p>K&iacute;ch thước: 2200 x 1600</p>\r\n\r\n<p>Độ d&agrave;y: 2</p>\r\n\r\n<p>Đơn vị: cm</p>\r\n\r\n<p>V&acirc;n đ&aacute;: V&acirc;n hồng</p>\r\n', '<h2>Đ&aacute; ngọc tự nhi&ecirc;n xuy&ecirc;n s&aacute;ng ATB32 Titan Stone</h2>\r\n\r\n<p>Đ&aacute; ngọc tự nhi&ecirc;n xuy&ecirc;n s&aacute;ng ATB32 được khai th&aacute;c từ tự nhi&ecirc;n tại mỏ. Sau khi được khai th&aacute;c th&igrave; sẽ được đội ngũ kỹ thuật xử l&yacute; c&aacute;c bước như: cắt đ&aacute;, gọt đ&aacute;, m&agrave;i đ&aacute;,... Để tạo n&ecirc;n những tấm tranh đ&aacute; tự nhi&ecirc;n c&oacute; gi&aacute; trị về mặt thẩm mỹ chất lượng cao.</p>\r\n\r\n<p><img alt=\"tranh đá ngọc xuyên sáng ATB32\" src=\"/uploads/images/c%E1%BB%A7a%20hi%E1%BA%BFu/T2-2022/ATB32/0_0_0.png\" style=\"height:800px; width:800px\" /></p>\r\n\r\n<p style=\"text-align:center\"><em>H&igrave;nh ảnh tranh đ&aacute; ban đ&ecirc;m ATB32 thuộc Titan Stone</em></p>\r\n\r\n<p><em><img alt=\"hình ảnh tranh đá ATB32\" src=\"/uploads/images/c%E1%BB%A7a%20hi%E1%BA%BFu/T2-2022/ATB32/0_0_0_1.png\" style=\"height:800px; width:800px\" /></em></p>\r\n\r\n<p style=\"text-align:center\"><em>H&igrave;nh ảnh tranh đ&aacute; ban ng&agrave;y ATB32 thuộc Titan Stone</em></p>\r\n\r\n<h2>Ứng dụng th&ecirc;m của đ&aacute; ngọc ATB32</h2>\r\n\r\n<p>Ngo&agrave;i ra, đ&aacute; ngọc ATB32 c&ograve;n được ứng dụng th&ecirc;m v&agrave;o l&agrave;m ốp nền v&agrave; trụ cột.</p>\r\n\r\n<p><img alt=\"ốp nền bằng đá ATB32\" src=\"/uploads/images/c%E1%BB%A7a%20hi%E1%BA%BFu/T2-2022/ATB32/0_0.png\" style=\"height:800px; width:800px\" /></p>\r\n\r\n<p style=\"text-align:center\"><em>H&igrave;nh ảnh ốp nền bằng đ&aacute; ngọc ATB32 thuộc Titan Stone</em></p>\r\n\r\n<p><em><img alt=\"ốp trụ cột bằng đá ngọc ATB32\" src=\"/uploads/images/c%E1%BB%A7a%20hi%E1%BA%BFu/T2-2022/ATB32/0.png\" style=\"height:800px; width:800px\" /></em></p>\r\n\r\n<p style=\"text-align:center\"><em>H&igrave;nh ảnh ốp trụ cột bằng đ&aacute; ngọc ATB32 thuộc Titan Stone</em></p>\r\n\r\n<p>Đặc biệt, Titan Stone c&ograve;n cho ra mắt d&ograve;ng bồn rửa tay Lavabo bằng đ&aacute; ngọc ATB32 cực chất.</p>\r\n\r\n<p><img alt=\"Đá ngọc ATB32 làm bồn rửa tay Lavabo\" src=\"/uploads/images/c%E1%BB%A7a%20hi%E1%BA%BFu/T2-2022/ATB32/0_1.png\" style=\"height:800px; width:800px\" /></p>\r\n\r\n<p style=\"text-align:center\"><em>H&igrave;nh ảnh bồn rửa tay Lavabo bằng đ&aacute; ngọc&nbsp;ATB32 thuộc Titan Stone</em></p>\r\n\r\n<p>H&atilde;y li&ecirc;n hệ ngay Titan Stone để nhận tư vấn v&agrave; b&aacute;o gi&aacute; cho d&ograve;ng sản phẩm ATB32 nh&eacute;!</p>\r\n', '1,2,4,5', 'Titan Stone', 'da-ngoc-tu-nhien-xuyen-sang-atb32', 1, '', NULL, NULL, NULL, NULL, NULL, NULL, NULL),
(70, 'Đá Ngọc Tự Nhiên Xuyên Sáng AT23', '{\"dm-1\":\"2022-02-19-23-52-454.png\",\"dm-2\":\"2022-02-19-23-52-453.png\",\"dm-4\":\"2022-02-19-23-52-451.png\",\"dm-5\":\"2022-02-19-23-52-452.png\"}', '2022-02-19-23-52-450.0.0.0.png,2022-02-19-23-52-450.0.0.01.png,2022-02-19-23-52-450.0.0.png,2022-02-19-23-52-450.0.png,2022-02-19-23-52-450.01.png,2022-02-19-23-52-450.jpg,2022-02-19-23-52-450d42d9c4962c5b72023d.jpg,2022-02-19-23-52-451.jpg,2022-02-19-23-52-452.jpg,2022-02-19-23-52-452e22ee68ae8063de3a91.jpg,2022-02-19-23-52-453.jpg,2022-02-19-23-52-454.jpg,2022-02-19-23-52-455.5.jpg,2022-02-19-23-52-455.jpg,2022-02-19-23-52-455f5738327adab784eecb.jpg,2022-02-19-23-52-456.jpg', '<p>Tranh đ&aacute;, ốp s&agrave;n, ốp trụ cột, Lavabo</p>\r\n\r\n<p>K&iacute;ch thước: 1900 x 1800</p>\r\n\r\n<p>Độ d&agrave;y: 2</p>\r\n\r\n<p>Đơn vị: cm</p>\r\n\r\n<p>V&acirc;n đ&aacute;: V&acirc;n hồng</p>\r\n', '<h2>Đ&aacute; ngọc tự nhi&ecirc;n xuy&ecirc;n s&aacute;ng AT23 l&agrave; g&igrave;?</h2>\r\n\r\n<p>L&agrave; loại đ&aacute; thuộc d&ograve;ng đ&aacute; thạch anh. C&oacute; tỉ lệ xuy&ecirc;n s&aacute;ng l&ecirc;n đến 90% v&agrave; được khai th&aacute;c 100% từ tự nhi&ecirc;n.</p>\r\n\r\n<p><img alt=\"đá ngọc tự nhiên AT23 thuộc Titan Stone\" src=\"/uploads/images/c%E1%BB%A7a%20hi%E1%BA%BFu/T2-2022/AT23/0.jpg\" style=\"height:1088px; width:1280px\" /></p>\r\n\r\n<p style=\"text-align:center\"><em>H&igrave;nh ảnh tấm đ&aacute; ngọc AT23 tại kho đ&aacute; Titan Stone</em></p>\r\n\r\n<h2>Ứng dụng của đ&aacute; ngọc AT23</h2>\r\n\r\n<p>Đ&aacute; ngọc AT23 được biết đến độ xuy&ecirc;n s&aacute;ng l&ecirc;n đ&ecirc;n 90% rất th&iacute;ch hợp để l&agrave;m tranh trong ph&ograve;ng kh&aacute;ch, ph&ograve;ng ăn, ph&ograve;ng l&agrave;m việc,...</p>\r\n\r\n<p><img alt=\"tranh đá ngọc AT23\" src=\"/uploads/images/c%E1%BB%A7a%20hi%E1%BA%BFu/T2-2022/AT23/0_0_0_01.png\" style=\"height:800px; width:800px\" /></p>\r\n\r\n<p style=\"text-align:center\"><em>H&igrave;nh ảnh tranh ban đ&ecirc;m đ&aacute; ngọc AT23 thuộc Titan Stone</em></p>\r\n\r\n<p><img alt=\"tranh ban ngày đá ngọc AT23\" src=\"/uploads/images/c%E1%BB%A7a%20hi%E1%BA%BFu/T2-2022/AT23/0_0_0_0.png\" style=\"height:800px; width:800px\" /></p>\r\n\r\n<p style=\"text-align:center\"><em>H&igrave;nh ảnh tranh ban ng&agrave;y đ&aacute; ngọc AT23 thuộc Titan Stone</em></p>\r\n\r\n<p>Ngo&agrave;i c&oacute; thể l&agrave;m tranh đ&aacute;, đ&aacute; ngọc AT23 c&oacute; độ bền cao dễ d&agrave;ng sử dụng cho mọi loại c&ocirc;ng tr&igrave;nh phụ kh&aacute;c.</p>\r\n\r\n<p><img alt=\"đá ngọc at23 ốp nền\" src=\"/uploads/images/c%E1%BB%A7a%20hi%E1%BA%BFu/T2-2022/AT23/0_0_0.png\" style=\"height:800px; width:800px\" /></p>\r\n\r\n<p style=\"text-align:center\"><em>H&igrave;nh ảnh đ&aacute; ngọc AT23 ốp nền thuộc Titan Stone</em></p>\r\n\r\n<p>Rất sang trọng v&agrave; độc đ&aacute;o khi ốp trụ cột bằng đ&aacute; ngọc AT23&nbsp;</p>\r\n\r\n<p><em><img alt=\"Làm ốp trụ cột bằng đá ngọc AT23\" src=\"/uploads/images/c%E1%BB%A7a%20hi%E1%BA%BFu/T2-2022/AT23/0_0.png\" style=\"height:800px; width:800px\" /></em></p>\r\n\r\n<p style=\"text-align:center\"><em>H&igrave;nh ảnh đ&aacute; ngọc AT23 ốp trụ cột thuộc Titan Stone</em></p>\r\n\r\n<p>Hơn thế nữa, Titan Stone c&ograve;n đặc biệt thi c&ocirc;ng bồn rửa tay Lavabo bằng đ&aacute; ngọc AT23 đặc - Độ bền tối ưu chống thấm nước m&agrave; lại vẫn giữ lại vẻ sang trọng.</p>\r\n\r\n<p><img alt=\"Bồn rửa tay Lavabo bằng đá ngọc AT23\" src=\"/uploads/images/c%E1%BB%A7a%20hi%E1%BA%BFu/T2-2022/AT23/0_01.png\" style=\"height:800px; width:800px\" /></p>\r\n\r\n<p style=\"text-align:center\"><em>H&igrave;nh ảnh bồn rửa tay Lavabo bằng đ&aacute; ngọc AT23 thuộc Titan Stone</em></p>\r\n\r\n<p>H&atilde;y li&ecirc;n hệ ngay Titan Stone để nhận tư vấn v&agrave; b&aacute;o gi&aacute; ch&iacute;nh x&aacute;c!</p>\r\n', '1,2,4,5', 'Titan Stone', 'da-ngoc-tu-nhien-xuyen-sang-at23', 1, '', NULL, NULL, NULL, NULL, NULL, NULL, NULL),
(71, 'Đá Ngọc Tự Nhiên Xuyên Sáng ATB23', '{\"dm-1\":\"2022-02-23-13-31-05untitled-1.png\",\"dm-2\":\"2022-02-23-13-31-05untitled-4.png\",\"dm-4\":\"2022-02-23-13-31-05untitled-2.png\",\"dm-5\":\"2022-02-23-13-31-05untitled-3.png\"}', '2022-02-23-13-31-050.0.png,2022-02-23-13-31-050.01.png,2022-02-23-13-31-050.02.png,2022-02-23-13-31-050.03.png,2022-02-23-13-31-050.04.png,2022-02-23-13-31-050.jpg,2022-02-23-13-31-051.jpg,2022-02-23-13-31-052.jpg,2022-02-23-13-31-053.jpg,2022-02-23-13-31-054.jpg,2022-02-23-13-31-055.jpg,2022-02-23-13-31-056.jpg,2022-02-23-13-31-056b4e6ff62c1ee140b80f.jpg,2022-02-23-13-31-0508ca2c216fc9a297fbd8.jpg,2022-02-23-13-31-058e386d2f28c7e599bcd6.jpg,2022-02-23-13-31-05180a634426acebf2b2bd.jpg', '<p>Tranh đ&aacute;, ốp s&agrave;n, ốp trụ cột, Lavabo</p>\r\n\r\n<p>K&iacute;ch thước: 1900 x 1800</p>\r\n\r\n<p>Độ d&agrave;y: 2</p>\r\n\r\n<p>Đơn vị: cm</p>\r\n\r\n<p>V&acirc;n đ&aacute;: V&acirc;n hồng</p>\r\n', '<h2>Đ&aacute; ngọc tự nhi&ecirc;n xuy&ecirc;n s&aacute;ng ATB23 l&agrave; g&igrave;?</h2>\r\n\r\n<p>L&agrave; loại đ&aacute; thuộc d&ograve;ng đ&aacute; thạch anh, c&oacute; hoa văn đa dạng, m&agrave;u sắc tự nhi&ecirc;n. C&aacute;c v&acirc;n đ&aacute; được h&igrave;nh th&agrave;nh một c&aacute;ch ngẫu nhi&ecirc;n n&ecirc;n kh&ocirc;ng tồn tại hai vi&ecirc;n giống nhau. Dưới &aacute;nh s&aacute;ng mặt trời hay &aacute;nh s&aacute;ng đ&egrave;n, c&aacute;c đường v&acirc;n trở n&ecirc;n sắc n&eacute;t v&agrave; c&oacute; chiều s&acirc;u hơn, tạo ra những bức tranh với mảng m&agrave;u sắc độc đ&aacute;o đầy t&iacute;nh trừu tượng. Đặc biệt l&agrave; c&oacute; thể xuy&ecirc;n s&aacute;ng l&ecirc;n đến 90%.</p>\r\n\r\n<p><img alt=\"đá ngọc tự nhiên atb23\" src=\"/uploads/images/c%E1%BB%A7a%20hi%E1%BA%BFu/T2-2022/ATB23/0.jpg\" style=\"height:1101px; width:1280px\" /></p>\r\n\r\n<p style=\"text-align:center\"><em>H&igrave;nh ảnh tấm đ&aacute; ATB23 tại kho Titan Stone</em></p>\r\n\r\n<h2>Ứng dụng c&ocirc;ng tr&igrave;nh của đ&aacute; ATB23</h2>\r\n\r\n<p>V&igrave; l&agrave; đ&aacute; tự nhi&ecirc;n n&ecirc;n d&ograve;ng đ&aacute; ATB23 c&oacute; khả năng xuy&ecirc;n s&aacute;ng l&ecirc;n đến 90%, sử dụng l&agrave;m tranh đ&aacute; tuyệt đẹp.</p>\r\n\r\n<p><img alt=\"đá ngọc tự nhiên xuyên sáng atb23\" src=\"/uploads/images/c%E1%BB%A7a%20hi%E1%BA%BFu/T2-2022/ATB23/0_0.png\" style=\"height:800px; width:800px\" /></p>\r\n\r\n<p style=\"text-align:center\"><em>H&igrave;nh ảnh minh họa tranh đ&aacute; ban ng&agrave;y ATB23 thuộc Titan Stone</em></p>\r\n\r\n<p><em><img alt=\"tranh đá ban đêm atb23 thuộc Titan Stone\" src=\"/uploads/images/c%E1%BB%A7a%20hi%E1%BA%BFu/T2-2022/ATB23/0_01.png\" style=\"height:800px; width:800px\" /></em></p>\r\n\r\n<p style=\"text-align:center\"><em>H&igrave;nh ảnh minh họa tranh đ&aacute; ban đ&ecirc;m ATB23 thuộc Titan Stone</em></p>\r\n\r\n<p>Ngo&agrave;i ra, đ&aacute; ngọc tự nhi&ecirc;n xuy&ecirc;n s&aacute;ng ATB23 c&ograve;n được sử dụng ốp l&aacute;t c&aacute;c c&ocirc;ng tr&igrave;nh v&agrave; l&agrave;m bồn rửa tay Lavabo theo y&ecirc;u cầu.</p>\r\n\r\n<p><img alt=\"ốp trụ cột bằng đá atb23 thuộc Titan Stone\" src=\"/uploads/images/c%E1%BB%A7a%20hi%E1%BA%BFu/T2-2022/ATB23/0_02.png\" style=\"height:800px; width:800px\" /></p>\r\n\r\n<p style=\"text-align:center\"><em>H&igrave;nh ảnh minh họa ốp trụ cột bằng đ&aacute; ATB23 thuộc Titan Stone</em></p>\r\n\r\n<p><em><img alt=\"ốp nền nhà bằng đá ngọc atb23\" src=\"/uploads/images/c%E1%BB%A7a%20hi%E1%BA%BFu/T2-2022/ATB23/0_03.png\" style=\"height:800px; width:800px\" /></em></p>\r\n\r\n<p style=\"text-align:center\"><em>H&igrave;nh ảnh minh họa ốp nền nh&agrave; bằng đ&aacute; ATB23 thuộc Titan Stone</em></p>\r\n\r\n<p><em><img alt=\"làm bồn rửa tay lavabo bằng đá atb23 thuộc Titan Stone\" src=\"/uploads/images/c%E1%BB%A7a%20hi%E1%BA%BFu/T2-2022/ATB23/0_04.png\" style=\"height:800px; width:800px\" /></em></p>\r\n\r\n<p style=\"text-align:center\"><em>H&igrave;nh ảnh minh họa bồn rửa tay Lavabo bằng đ&aacute; ATB23 thuộc TItan Stone</em></p>\r\n\r\n<p>H&atilde;y li&ecirc;n hệ ngay đến Titan Stone để nhận tư vấn v&agrave; b&aacute;o gi&aacute; ch&iacute;nh x&aacute;c cho d&ograve;ng đ&aacute; ATB23 nh&eacute;!</p>\r\n\r\n<p>&nbsp;</p>\r\n', '1,2,4,5', 'Titan Stone', 'da-ngoc-tu-nhien-xuyen-sang-atb23', 1, '', NULL, NULL, NULL, NULL, NULL, NULL, NULL),
(72, 'Đá Ngọc Tự Nhiên Xuyên Sáng AT22', '{\"dm-1\":\"2022-02-26-16-04-331.png\",\"dm-2\":\"2022-02-26-16-04-332.png\",\"dm-4\":\"2022-02-26-16-04-334.png\",\"dm-5\":\"2022-02-26-16-04-333.png\"}', '2022-02-26-16-04-330.0.0.png,2022-02-26-16-04-330.1.png,2022-02-26-16-04-330.2.png,2022-02-26-16-04-330.3.png,2022-02-26-16-04-330.4.png,2022-02-26-16-04-331.1.jpg,2022-02-26-16-04-331.2.jpg,2022-02-26-16-04-331.3.jpg,2022-02-26-16-04-331.jpg,2022-02-26-16-04-332.1.jpg,2022-02-26-16-04-332.2.jpg,2022-02-26-16-04-332.3.jpg,2022-02-26-16-04-332.4.jpg,2022-02-26-16-04-332.jpg,2022-02-26-16-04-3304fd8e02c9ea04b45dfb.jpg,2022-02-26-16-04-334.jpg', '<p>Tranh đ&aacute;, ốp s&agrave;n, ốp trụ cột, Lavabo</p>\r\n\r\n<p>K&iacute;ch thước: 2000 x 1300</p>\r\n\r\n<p>Độ d&agrave;y: 2</p>\r\n\r\n<p>Đơn vị: cm</p>\r\n\r\n<p>V&acirc;n đ&aacute;: V&acirc;n hồng</p>\r\n', '<h2>Đ&aacute; Ngọc Tự Nhi&ecirc;n Xuy&ecirc;n S&aacute;ng L&agrave; G&igrave;?</h2>\r\n\r\n<p>L&agrave; d&ograve;ng đ&aacute; được khai th&aacute;c từ c&aacute;c mỏ đ&aacute; trong tự nhi&ecirc;n v&agrave; c&oacute; độ xuy&ecirc;n s&aacute;ng l&ecirc;n đến 90%. Hiện nay, ở tại c&aacute;c c&ocirc;ng tr&igrave;nh cao cấp xa hoa đều sử dụng những d&ograve;ng đ&aacute; tự nhi&ecirc;n trong c&aacute;c c&ocirc;ng tr&igrave;nh hiện đại.</p>\r\n\r\n<p><img alt=\"tranh đá ban đêm AT22\" src=\"/uploads/images/c%E1%BB%A7a%20hi%E1%BA%BFu/T2-2022/AT22/0_0_0.png\" style=\"height:800px; width:800px\" /></p>\r\n\r\n<p style=\"text-align:center\"><em>H&igrave;nh ảnh minh họa tranh đ&aacute; ban đ&ecirc;m đ&aacute; AT22 thuộc Titan Stone</em></p>\r\n\r\n<p><img alt=\"tranh đá ban ngày đá AT22\" src=\"/uploads/images/c%E1%BB%A7a%20hi%E1%BA%BFu/T2-2022/AT22/0_1.png\" style=\"height:800px; width:800px\" /></p>\r\n\r\n<p style=\"text-align:center\"><em>H&igrave;nh ảnh tranh đ&aacute; ban ng&agrave;y đ&aacute;&nbsp;AT22 thuộc Titan Stone</em></p>\r\n\r\n<h2>Thi c&ocirc;ng đ&aacute; xuy&ecirc;n s&aacute;ng tại Hải Ph&ograve;ng &amp; H&agrave; Nội</h2>\r\n\r\n<p>Hiện nay, Titan Stone đang mở rộng mạng lưới thi c&ocirc;ng đ&aacute; xuy&ecirc;n s&aacute;ng tại 2 th&agrave;nh phố lớn của Miền Bắc l&agrave; Hải Ph&ograve;ng v&agrave; H&agrave; Nội.&nbsp;</p>\r\n\r\n<p><img alt=\"Ốp nền nhà bằng đá AT22\" src=\"/uploads/images/c%E1%BB%A7a%20hi%E1%BA%BFu/T2-2022/AT22/0_2.png\" style=\"height:800px; width:800px\" /></p>\r\n\r\n<p style=\"text-align:center\"><em>H&igrave;nh ảnh ốp nền nh&agrave; bằng đ&aacute; AT22 thuộc Titan Stone</em></p>\r\n\r\n<p><em><img alt=\"Bồn rửa tay Lavabo bằng đá AT22\" src=\"/uploads/images/c%E1%BB%A7a%20hi%E1%BA%BFu/T2-2022/AT22/0_3.png\" style=\"height:800px; width:800px\" /></em></p>\r\n\r\n<p style=\"text-align:center\"><em>H&igrave;nh ảnh bồn rửa tay Lavabo bằng đ&aacute; AT22 thuộc TItan Stone</em></p>\r\n\r\n<p>H&atilde;y li&ecirc;n hệ đến Titan Stone ngay h&ocirc;m nay để nhận b&aacute;o gi&aacute; ch&iacute;nh x&aacute;c nhất!</p>\r\n', '1,2,4,5', 'Titan Stone', 'da-ngoc-tu-nhien-xuyen-sang-at22', 1, '', NULL, NULL, NULL, NULL, NULL, NULL, NULL);

-- --------------------------------------------------------

--
-- Table structure for table `dadanhmuc`
--

CREATE TABLE `dadanhmuc` (
  `da` int(11) NOT NULL,
  `danhmuc` int(11) NOT NULL
) ENGINE=MyISAM DEFAULT CHARSET=utf8;

--
-- Dumping data for table `dadanhmuc`
--

INSERT INTO `dadanhmuc` (`da`, `danhmuc`) VALUES
(52, 4),
(51, 4),
(50, 4),
(49, 4),
(48, 1),
(47, 4),
(46, 4),
(45, 4),
(44, 4),
(43, 1),
(47, 2),
(49, 2),
(45, 2),
(44, 2),
(52, 2),
(51, 2),
(52, 1),
(51, 1),
(50, 1),
(49, 1),
(48, 4),
(47, 1),
(45, 1),
(46, 1),
(44, 1),
(53, 4),
(53, 1),
(54, 2),
(54, 1),
(55, 5),
(55, 4),
(55, 2),
(55, 1),
(56, 5),
(56, 4),
(56, 2),
(56, 1),
(57, 5),
(57, 4),
(57, 2),
(57, 1),
(58, 5),
(58, 4),
(58, 2),
(58, 1),
(59, 5),
(59, 4),
(59, 2),
(59, 1),
(60, 1),
(61, 5),
(61, 4),
(61, 2),
(62, 5),
(62, 4),
(62, 2),
(63, 5),
(63, 4),
(63, 2),
(64, 5),
(64, 4),
(64, 2),
(65, 5),
(65, 4),
(65, 2),
(66, 5),
(66, 4),
(66, 2),
(67, 5),
(67, 4),
(67, 2),
(68, 5),
(68, 4),
(68, 2),
(69, 5),
(69, 4),
(69, 2),
(69, 1),
(70, 5),
(70, 4),
(70, 2),
(70, 1),
(71, 5),
(71, 4),
(71, 2),
(71, 1),
(72, 5),
(72, 4),
(72, 2),
(72, 1);

-- --------------------------------------------------------

--
-- Table structure for table `daily`
--

CREATE TABLE `daily` (
  `id` int(11) NOT NULL,
  `ten` text DEFAULT NULL,
  `diachi` text DEFAULT NULL,
  `dienthoai` text DEFAULT NULL,
  `hethong` int(11) DEFAULT NULL,
  `tinhthanh` int(11) DEFAULT NULL,
  `slug` text DEFAULT NULL,
  `map` text DEFAULT NULL,
  `gioithieu` text DEFAULT NULL,
  `album` text DEFAULT NULL
) ENGINE=InnoDB DEFAULT CHARSET=utf8;

--
-- Dumping data for table `daily`
--

INSERT INTO `daily` (`id`, `ten`, `diachi`, `dienthoai`, `hethong`, `tinhthanh`, `slug`, `map`, `gioithieu`, `album`) VALUES
(1, 'Tam Phát', 'Tản Lĩnh, Ba Vì, Hà Nội', '036.888.8880', 1, 1, 'dai-ly-alva-tam-phat', '', '<h1>C&Ocirc;NG TY CP TẬP ĐO&Agrave;N TAM PH&Aacute;T</h1>\r\n\r\n<p>Địa chỉ: Việt Long, Tản Lĩnh, Ba V&igrave;, H&agrave; Nội</p>\r\n\r\n<p>M&atilde; số thuế: 0108408683</p>\r\n\r\n<p>Đại diện: &Ocirc;ng Phạm Xu&acirc;n Trường Chức vụ: CTHĐQT</p>\r\n', ''),
(2, 'Vũ Trung', 'Khương Mai, Thanh Xuân, Hà Nội', '043.565.8609', 1, 1, 'dai-ly-alva-vu-trung', '', '<h1>C&Ocirc;NG TY CỔ PHẦN VŨ TRUNG</h1>\r\n\r\n<p>Địa chỉ kho đ&aacute;: Km 2, Phan Trọng Tuệ, Tam Hiệp, Thanh Tr&igrave;, H&agrave; Nội.</p>\r\n\r\n<p>Địa chỉ: Số 171A Trường Chinh &ndash; Khương Mai &ndash; Thanh Xu&acirc;n &ndash; H&agrave; Nội.</p>\r\n\r\n<p>Điện thoại: 043.565.8609 Fax: 043.565.9457</p>\r\n\r\n<p>Đại diện bởi: &Ocirc;ng Vũ Trường Th&agrave;nh Chức vụ: Gi&aacute;m Đốc</p>\r\n\r\n<p>M&atilde; số thuế: 0101493217</p>\r\n\r\n<p>T&agrave;i khoản số:10906319 tại ng&acirc;n h&agrave;ng ACB Ph&ograve;ng giao dịch Phạm Ngọc Thạch, CN Kim Li&ecirc;n, H&agrave; Nội.</p>\r\n\r\n<p>Li&ecirc;n hệ kế to&aacute;n: 0903.292.526</p>\r\n\r\n<p>Ph&ograve;ng kinh doanh</p>\r\n\r\n<p>Ms.Hoa: 0963.292.526</p>\r\n\r\n<p>Ms.Quỳnh: 0913.292.526</p>\r\n', ''),
(3, 'Á Đông', 'Phường Kênh Dương, quận Lê Chân, Hải Phòng', '0912.217.234', 1, 2, 'dai-ly-alva-a-dong', 'pb=!1m14!1m8!1m3!1d232.79908493162714!2d105.8185006!3d21.0012394!3m2!1i1024!2i768!4f13.1!3m3!1m2!1s0x3135ad37fd77c5a1%3A0x46d6e5e52b1edaa7!2sC%C3%B4ng%20ty%20TNHH%20ALVA!5e0!3m2!1sen!2s!4v1623978796383!5m2!1sen!2s', '<h1>C&ocirc;ng ty cp x&acirc;y dựng v&agrave; thương mại quốc tế &Aacute; Đ&ocirc;ng</h1>\r\n\r\n<p>Địa chỉ: Số 424 V&otilde; Nguy&ecirc;n Gi&aacute;p - K&ecirc;nh Dương - L&ecirc; Ch&acirc;n - HP</p>\r\n\r\n<p>Điện thoại:&nbsp;0912.217.234</p>\r\n', '2021-09-13-15-22-181.jpg,2021-09-13-15-22-182.jpg,2021-09-13-15-22-183.jpg,2021-09-13-15-22-184.jpg,2021-09-13-15-22-185.jpg'),
(4, 'Nguyệt Trâm', 'Phường Đông Thành, TP Ninh Bình, Tỉnh Ninh Bình', '0912.833.335', 1, 4, 'dai-ly-alva-nguyet-tram', '', '<h1>C&Ocirc;NG TY TNHH THƯƠNG MẠI V&Agrave; DỊCH VỤ HẢI NGUYỆT CH&Acirc;M</h1>\r\n\r\n<p>M&atilde; số doanh nghiệp: 2700273214</p>\r\n\r\n<p>T&ecirc;n người đại diện theo ph&aacute;p luật VŨ MINH CH&Acirc;M</p>\r\n\r\n<p>Địa chỉ:Số nh&agrave; 235, đường Lương Văn Thăng, phố 11, Phường Đ&ocirc;ng Th&agrave;nh, Th&agrave;nh phố Ninh B&igrave;nh, Tỉnh Ninh B&igrave;nh, Việt Nam.</p>\r\n', ''),
(5, 'Nhật Trang', 'Nguyễn Văn Linh, Lê Chân, Hải Phòng', '0225.3764.312', 1, 2, 'dai-ly-alva-nhat-trang', '', '<h1>C&ocirc;ng ty TNHH ph&aacute;t triển thương mại Nhật Trang</h1>\r\n\r\n<p>Địa chỉ : 159-161-163-165 Nguyễn Văn Linh, L&ecirc; Ch&acirc;n, Hải Ph&ograve;ng.</p>\r\n\r\n<p>Email : &nbsp;chungha2712@gmail.com</p>\r\n\r\n<p>Website: http://nhattrang.com</p>\r\n\r\n<p>Điện thoại: 0225.3764.312</p>\r\n\r\n<p>Hotline: 0984.795.899 | 0934.856.889&nbsp;</p>\r\n', ''),
(6, 'Quang Vinh', 'Khuất Duy Tiến, Thanh Xuân, Hà Nội', '07.6669.8883', 1, 1, NULL, NULL, NULL, NULL),
(7, 'Hà Vinh', 'Phường Quán Bàu, Thành phố Vinh, tỉnh Nghệ An', '0922.37.9999', 1, 5, 'dai-ly-alva-ha-vinh-full-house', '', '<h1>H&Agrave; VINH FULL HOUSE</h1>\r\n\r\n<p>Người đại diện: &Ocirc;ng Nguyễn Hữu H&agrave;</p>\r\n\r\n<p>Điện thoại: 0922.37.9999</p>\r\n\r\n<p>Trụ sở: Số 03 đường Mai Hắc Đế, Phường Qu&aacute;n B&agrave;u, Th&agrave;nh phố Vinh, tỉnh Nghệ An.</p>\r\n\r\n<p>T&agrave;i khoản số: 037123456789 tại ng&acirc;n h&agrave;ng Sacombank Nghệ An.</p>\r\n', ''),
(8, 'Minh Tuấn', 'Yên Tập, Mỹ Hào, Hưng Yên', '0986.133.987 ', 1, 6, 'dai-ly-alva-minh-tuan', '', '<h1>ĐẠI L&Yacute; MINH TUẤN HƯNG Y&Ecirc;N</h1>\r\n\r\n<p>Địa chỉ: Y&ecirc;n Tập, Mỹ H&agrave;o, &nbsp;Hưng Y&ecirc;n<br />\r\n&nbsp;</p>\r\n', ''),
(9, 'Đức Long', 'Thủy Nguyên, Hải Phòng', '0983.925.081', 1, 2, 'showroom-noi-that-duc-long', '', '<h1>SHOWROOM NỘI TH&Aacute;T ĐỨC LONG</h1>\r\n\r\n<p>Đại Chỉ: Thủy Nguy&ecirc;n, Hải Ph&ograve;ng</p>\r\n', ''),
(10, 'Thịnh Tùng', 'Oceanpark Hà Nội', '07.6669.8883', 1, 1, NULL, NULL, NULL, NULL),
(11, 'Minh Châu', '26 Băch Đằng, Tp Hải Dương', '07.6669.8883', 1, 7, NULL, NULL, NULL, NULL),
(12, 'Hải Thuận', 'Ngã 3 Đình Vũ, Hải Phòng', '07.6669.8883', 1, 2, NULL, NULL, NULL, NULL),
(13, 'Hồng Anh', '64 Nguyễn văn Cừ, Hạ Long Quảng Ninh', '07.6669.8883', 1, 8, NULL, NULL, NULL, NULL),
(14, 'Hải Bình', 'Tuần châu, hạ Long, Quảng Ninh', '07.6669.8883', 1, 8, NULL, NULL, NULL, NULL),
(15, 'Kinh Bắc', 'Từ Sơn, Bắc Ninh', '07.6669.8883', 1, 9, NULL, NULL, NULL, NULL),
(16, 'Hùng Thủy', 'Đường Hùng Vương, thành Phố Việt trì, Phú Thọ', '07.6669.8883', 1, 10, NULL, NULL, NULL, NULL),
(17, 'Tân Cường', 'Thanh trì, Hà Nội', '07.6669.8883', 1, 1, NULL, NULL, NULL, NULL),
(18, 'Mạnh Hùng', 'Đại Lộ Hải Phòng, Đà Nẵng', '07.6669.8883', 1, 3, NULL, NULL, NULL, NULL),
(19, 'Hùng Quảng', '123 Hàn thuyên, Nam Định', '07.6669.8883', 1, 11, 'hung-quang', 'pb=!1m14!1m8!1m3!1d232.79908493162714!2d105.8185006!3d21.0012394!3m2!1i1024!2i768!4f13.1!3m3!1m2!1s0x3135ad37fd77c5a1%3A0x46d6e5e52b1edaa7!2sC%C3%B4ng%20ty%20TNHH%20ALVA!5e0!3m2!1sen!2s!4v1623978796383!5m2!1sen!2s', '<h1>C&Ocirc;NG TY TNHH ALVA</h1>\r\n\r\n<p>C&ocirc;ng ty TNHH ALVA l&agrave; Đơn vị khai th&aacute;c đ&aacute; tự nhi&ecirc;n. Từ việc cung cấp, ph&acirc;n phối đ&aacute;, tư vấn v&agrave; thiết kế sản phẩm. Với đội ngũ nh&acirc;n sự chuy&ecirc;n nghiệp gồm c&aacute;c kỹ sư thiết kế&nbsp;c&oacute; bề d&agrave;y kinh nghiệm, đội ngũ c&ocirc;ng nh&acirc;n l&agrave;nh nghề, trang thiết bị m&aacute;y m&oacute;c, nh&agrave; xưởng hiện đại</p>\r\n\r\n<p>ALVA đ&atilde; v&agrave; đang l&agrave; một trong những đơn vị h&agrave;ng đầu l&agrave;m h&agrave;i l&ograve;ng kh&aacute;ch h&agrave;ng về chất lượng, kỹ thuật, mỹ thuật. Bằng năng lực v&agrave; t&acirc;m huyết nghề nghiệp c&ugrave;ng sự cầu thị, ALVA đ&atilde; nhận được sự t&iacute;n nhiệm của nhiều kh&aacute;ch h&agrave;ng tr&ecirc;n cả nước với những dự &aacute;n, c&ocirc;ng tr&igrave;nh từ đơn giản tới cầu kỳ, phức tạp, đ&ograve;i hỏi những ti&ecirc;u ch&iacute; cao nhất. ALVA cam kết mang đến cho kh&aacute;ch h&agrave;ng c&aacute;c sản phẩm về đ&aacute; với chất lượng tốt nhất bằng ch&iacute;nh sự tr&acirc;n trọng, niềm vui v&agrave; tr&aacute;ch nhiệm của m&igrave;nh với kh&aacute;ch h&agrave;ng</p>\r\n', '2021-09-13-15-53-301.jpg,2021-09-13-15-53-302.jpg,2021-09-13-15-53-303.jpg,2021-09-13-15-53-304.jpg,2021-09-13-15-53-305.jpg,2021-09-13-15-53-306.jpg,2021-09-13-15-53-307.jpg,2021-09-13-15-53-308.jpg,2021-09-13-15-53-309.jpg,2021-09-13-15-53-3010.jpg,2021-09-13-15-53-3011.jpg,2021-09-13-15-53-3012.jpg,2021-09-13-15-53-3013.jpg,2021-09-13-15-53-3014.jpg,2021-09-13-15-53-3015.jpg,2021-09-13-15-53-3016.jpg,2021-09-13-15-53-3017.jpg,2021-09-13-15-53-3018.jpg,2021-09-13-15-53-3019.jpg,2021-09-13-15-53-3020.jpg'),
(20, 'Quốc Toản', '55 Lê Thánh Tông, Hải Phòng', '07.6669.8883', 1, 2, NULL, NULL, NULL, NULL),
(21, 'Thanh Thảo', '461 Đại Lộ Lê Lợi, TP Thanh Hóa', '07.6669.8883', 1, 12, NULL, NULL, NULL, NULL),
(22, 'Bình Nguyên', '46 Lý Bôn, Tp Thái Bình', '07.6669.8883', 1, 13, NULL, NULL, NULL, NULL),
(23, 'Vũ Dũng', '87 Mỏ Bạch, TP Thái Nguyên', '07.6669.8883', 1, 14, NULL, NULL, NULL, NULL),
(24, 'Khải Hậu', 'Đông Anh, Hà Nội', '07.6669.8883', 1, 1, NULL, NULL, NULL, NULL),
(25, 'Nam Cường Ecopark', 'Cổ Lĩnh, Thạch Bàn, Long Biên, Hà Nội', '0976.039.936', 1, 1, 'dai-ly-alva-nam-cuong-ecopark', '', '<h1>NAM CƯỜNG ECOPARK&nbsp;</h1>\r\n\r\n<p>Địa chỉ: Tổ 10 Cổ Lĩnh, Thạch B&agrave;n, Long Bi&ecirc;n, H&agrave; Nội.</p>\r\n\r\n<p>Chủ hộ kinh doanh: Đỗ Thị Tuyết</p>\r\n\r\n<p>Địa chỉ: Tổ 10, phường Thạch B&agrave;n, quận Long Bi&ecirc;n, TP H&agrave; Nội</p>\r\n\r\n<p>Số đăng k&yacute; kinh doanh: 01N8015478 cấp ng&agrave;y 31/05/2019</p>\r\n\r\n<p>Điện thoại: 0976.039.936 Anh Cường</p>\r\n', NULL);

-- --------------------------------------------------------

--
-- Table structure for table `danhmuc`
--

CREATE TABLE `danhmuc` (
  `id` int(11) NOT NULL,
  `ten` text DEFAULT NULL,
  `slug` text DEFAULT NULL
) ENGINE=InnoDB DEFAULT CHARSET=utf8;

--
-- Dumping data for table `danhmuc`
--

INSERT INTO `danhmuc` (`id`, `ten`, `slug`) VALUES
(1, 'Tranh đá', 'tranh-da'),
(2, 'Đá ốp lát', 'da-op-lat'),
(4, 'Cột đá', 'cot-da'),
(5, 'Lavabo', 'lavabo');

-- --------------------------------------------------------

--
-- Table structure for table `dathongso`
--

CREATE TABLE `dathongso` (
  `da` int(11) NOT NULL,
  `thongso` int(11) NOT NULL
) ENGINE=InnoDB DEFAULT CHARSET=utf8;

--
-- Dumping data for table `dathongso`
--

INSERT INTO `dathongso` (`da`, `thongso`) VALUES
(4, 10),
(4, 17),
(48, 3),
(48, 20),
(48, 29),
(48, 23),
(45, 3),
(45, 27),
(45, 29),
(45, 23),
(44, 3),
(44, 19),
(44, 27),
(44, 29),
(44, 23),
(50, 3),
(50, 29),
(50, 23),
(49, 5),
(49, 22),
(49, 30),
(49, 28),
(49, 24),
(46, 3),
(46, 20),
(46, 29),
(46, 23),
(52, 3),
(52, 27),
(52, 29),
(52, 23),
(47, 5),
(47, 30),
(47, 28),
(47, 24),
(53, 3),
(53, 29),
(53, 23),
(43, 3),
(43, 20),
(43, 19),
(43, 18),
(43, 23),
(51, 3),
(51, 27),
(51, 29),
(51, 23),
(54, 3),
(54, 23),
(55, 3),
(55, 27),
(55, 29),
(55, 23),
(55, 31),
(56, 3),
(56, 27),
(56, 29),
(56, 23),
(56, 31),
(58, 3),
(58, 27),
(58, 29),
(58, 23),
(58, 31),
(59, 3),
(59, 27),
(59, 29),
(59, 23),
(59, 31),
(60, 3),
(60, 23),
(64, 27),
(64, 29),
(64, 31),
(67, 27),
(67, 29),
(67, 31),
(68, 27),
(68, 29),
(68, 31),
(65, 27),
(65, 29),
(65, 31),
(66, 27),
(66, 29),
(66, 31),
(62, 27),
(62, 29),
(62, 31),
(61, 27),
(61, 29),
(61, 31),
(63, 27),
(63, 29),
(63, 31),
(69, 3),
(69, 27),
(69, 29),
(69, 23),
(69, 31),
(57, 3),
(57, 27),
(57, 29),
(57, 23),
(57, 31),
(71, 3),
(71, 27),
(71, 29),
(71, 23),
(71, 31),
(72, 3),
(72, 27),
(72, 29),
(72, 23),
(72, 31),
(70, 3),
(70, 27),
(70, 29),
(70, 23),
(70, 31);

-- --------------------------------------------------------

--
-- Table structure for table `doitac`
--

CREATE TABLE `doitac` (
  `id` int(11) NOT NULL,
  `ten` text DEFAULT NULL,
  `hinh` text DEFAULT NULL,
  `mota` text DEFAULT NULL,
  `diachi` text DEFAULT NULL,
  `dienthoai` text DEFAULT NULL,
  `website` text DEFAULT NULL
) ENGINE=InnoDB DEFAULT CHARSET=utf8;

--
-- Dumping data for table `doitac`
--

INSERT INTO `doitac` (`id`, `ten`, `hinh`, `mota`, `diachi`, `dienthoai`, `website`) VALUES
(1, 'Công ty CP tập đoàn xây dựng Hòa Bình', '2021-06-16-20-57-49hoa-binh.png', 'MST: 0302158498\r\nFax: 028-39302097\r\nEmail: info@hbcr.vn', '235 Võ Thị Sáu, Phường 7, Quận 3, TP. Hồ Chí Minh', '02839.325.030', 'http://www.hbcg.vn'),
(2, 'Công ty Cổ phần tư vấn xây dựng Sơn Hà', '2021-06-16-21-02-25son-ha.png', 'Email: sonha@shac.vn\r\nHotline: 0906.222.555', 'Số 318 – 319 HK3 đường World Bank, Lê Chân, TP. Hải Phòng', '0225.2222.555 ', 'http://xaydungsonha.com'),
(3, 'Tổng công ty xây dựng Bạch Đằng – CTCP', '2021-06-18-13-42-12bach-dang.png', 'Fax : 0225-3856451\r\nE-mail : bachdangcorp@gmail.com\r\n', '268 Trần Nguyên Hãn, Q. Lê Chân, TP. Hải Phòng', '0225-3856251/0225-3856529', 'http://bachdanggroup.com'),
(4, 'Công ty cổ phần Tập đoàn Tam Phát', '2021-06-18-15-57-58luxuryvipwood.jpg', 'tapdoantamphat@gmail.com', 'Việt Long, Tản Lĩnh, Ba Vì, Hà Nội', '036.888.8880', 'https://tapdoantamphat.vn'),
(5, 'Betaviet Group', '2021-06-18-16-01-54beta.jpg', 'lienhe@betaviet.vn', 'Tầng 8, Tòa nhà BETAVIET, số 9A, đường Thanh Liệt, quận Thanh Xuân, TP. Hà Nội', '0915.010.800 / 0986.276.800 / 024.6674.6376', 'https://betaviet.vn'),
(6, 'Nội thất Galaxy Centre', '2021-06-18-16-04-48logo.png', 'lienhe@galaxycentre.vn', 'Tòa nhà Galaxy Centre, Khu A3.1-Liền kề 01 KĐT Thanh Hà-Cienco5, Hà Đông', '0981.641.800 | 0967.521.800', 'https://galaxycentre.vn');

-- --------------------------------------------------------

--
-- Table structure for table `donhang`
--

CREATE TABLE `donhang` (
  `id` int(11) NOT NULL,
  `tenkhach` text NOT NULL,
  `dienthoaikhach` text NOT NULL,
  `email` text NOT NULL,
  `ngay` date NOT NULL,
  `gio` varchar(20) NOT NULL,
  `trangthai` int(11) NOT NULL,
  `lydohuy` int(11) DEFAULT NULL,
  `nguoigoi` int(11) NOT NULL,
  `ghichu` text NOT NULL,
  `trang` text DEFAULT NULL
) ENGINE=InnoDB DEFAULT CHARSET=utf8;

--
-- Dumping data for table `donhang`
--

INSERT INTO `donhang` (`id`, `tenkhach`, `dienthoaikhach`, `email`, `ngay`, `gio`, `trangthai`, `lydohuy`, `nguoigoi`, `ghichu`, `trang`) VALUES
(1, 'Giang', '0347113012', '', '2021-07-01', '1625126472', 4, 6, 1, 'Đá ngọc tự nhiên Alva', 'da-ngoc-tu-nhien-alva'),
(2, 'Giang CES', '0347113012', 'vanphonggiang@gmail.com', '2021-07-01', '1625127574', 4, 4, 2, 'Trang chủ\r\nKhách hẹn 30.06', ''),
(3, 'Phương Thảo', '0347113012', 'nguyenphuongthao@gmail.com', '2021-07-01', '1625127709', 4, 6, 1, 'Nhận tư vấn', 'nhan-tu-van'),
(4, 'Giang CES MEDIA', '0347113012', 'vanphonggiang@gmail.com', '2021-07-02', '1625218441', 4, 6, 1, '', ''),
(5, 'Quang Minh CES Media', '0986386184', '', '2021-07-02', '1625220006', 4, 6, 1, '', ''),
(6, 'Nguyễn Mạnh Hùng CES MEDIA', '0986386184', '', '2021-07-05', '1625448860', 4, 6, 1, '', ''),
(7, '123456789', '0846441105', '', '2021-07-10', '1625881991', 4, 6, 1, 'Landing - Alva Stone Tinh Hoa Đá Việt', 'da-alva-tinh-hoa-da-viet'),
(8, '123456789', '0846441105', '', '2021-07-10', '1625881995', 4, 7, 1, 'Landing - Alva Stone Tinh Hoa Đá Việt', 'da-alva-tinh-hoa-da-viet'),
(9, '123456789', '0846441105', '', '2021-07-10', '1625881998', 4, 7, 1, 'Landing - Alva Stone Tinh Hoa Đá Việt', 'da-alva-tinh-hoa-da-viet'),
(10, '123456789', '0846441105', '', '2021-07-10', '1625882001', 4, 7, 1, 'Landing - Alva Stone Tinh Hoa Đá Việt', 'da-alva-tinh-hoa-da-viet'),
(11, '123456789', '0846441105', '', '2021-07-10', '1625882004', 4, 7, 1, 'Landing - Alva Stone Tinh Hoa Đá Việt', 'da-alva-tinh-hoa-da-viet'),
(12, '123456789', '0846441105', '', '2021-07-10', '1625882007', 4, 7, 1, 'Landing - Alva Stone Tinh Hoa Đá Việt', 'da-alva-tinh-hoa-da-viet'),
(13, '123456789', '0846441105', '', '2021-07-10', '1625882009', 4, 7, 1, 'Landing - Alva Stone Tinh Hoa Đá Việt', 'da-alva-tinh-hoa-da-viet'),
(14, '123456789', '0846441105', '', '2021-07-10', '1625882012', 4, 7, 1, 'Landing - Alva Stone Tinh Hoa Đá Việt', 'da-alva-tinh-hoa-da-viet'),
(15, '123456789', '0846441105', '', '2021-07-10', '1625882016', 4, 7, 1, 'Landing - Alva Stone Tinh Hoa Đá Việt', 'da-alva-tinh-hoa-da-viet'),
(16, '123456789', '0846441105', '', '2021-07-10', '1625882018', 4, 7, 1, 'Landing - Alva Stone Tinh Hoa Đá Việt', 'da-alva-tinh-hoa-da-viet'),
(17, '123456789', '0846441105', '', '2021-07-10', '1625882021', 4, 7, 1, 'Landing - Alva Stone Tinh Hoa Đá Việt', 'da-alva-tinh-hoa-da-viet'),
(18, '123456789', '0846441105', '', '2021-07-10', '1625882025', 4, 7, 1, 'Landing - Alva Stone Tinh Hoa Đá Việt', 'da-alva-tinh-hoa-da-viet'),
(19, '123456789', '0846441105', '', '2021-07-10', '1625882028', 4, 7, 1, 'Landing - Alva Stone Tinh Hoa Đá Việt', 'da-alva-tinh-hoa-da-viet'),
(20, '123456789', '0846441105', '', '2021-07-10', '1625882031', 4, 7, 1, 'Landing - Alva Stone Tinh Hoa Đá Việt', 'da-alva-tinh-hoa-da-viet'),
(21, '123456789', '0846441105', '', '2021-07-10', '1625882034', 4, 7, 1, 'Landing - Alva Stone Tinh Hoa Đá Việt', 'da-alva-tinh-hoa-da-viet'),
(22, '123456789', '0846441105', '', '2021-07-10', '1625882037', 4, 7, 1, 'Landing - Alva Stone Tinh Hoa Đá Việt', 'da-alva-tinh-hoa-da-viet'),
(23, '123456789', '0846441105', '', '2021-07-10', '1625882040', 4, 7, 1, 'Landing - Alva Stone Tinh Hoa Đá Việt', 'da-alva-tinh-hoa-da-viet'),
(24, '123456789', '0846441105', '', '2021-07-10', '1625882043', 4, 7, 1, 'Landing - Alva Stone Tinh Hoa Đá Việt', 'da-alva-tinh-hoa-da-viet'),
(25, '123456789', '0846441105', '', '2021-07-10', '1625882045', 4, 7, 1, 'Landing - Alva Stone Tinh Hoa Đá Việt', 'da-alva-tinh-hoa-da-viet'),
(26, '123456789', '0846441105', '', '2021-07-10', '1625882049', 4, 7, 1, 'Landing - Alva Stone Tinh Hoa Đá Việt', 'da-alva-tinh-hoa-da-viet'),
(27, '123456789', '0846441105', '', '2021-07-10', '1625882052', 4, 7, 1, 'Landing - Alva Stone Tinh Hoa Đá Việt', 'da-alva-tinh-hoa-da-viet'),
(28, '123456789', '0846441105', '', '2021-07-10', '1625882055', 4, 7, 1, 'Landing - Alva Stone Tinh Hoa Đá Việt', 'da-alva-tinh-hoa-da-viet'),
(29, '123456789', '0846441105', '', '2021-07-10', '1625882058', 4, 7, 1, 'Landing - Alva Stone Tinh Hoa Đá Việt', 'da-alva-tinh-hoa-da-viet'),
(30, '123456789', '0846441105', '', '2021-07-10', '1625882061', 4, 7, 1, 'Landing - Alva Stone Tinh Hoa Đá Việt', 'da-alva-tinh-hoa-da-viet'),
(31, '123456789', '0846441105', '', '2021-07-10', '1625882064', 4, 7, 1, 'Landing - Alva Stone Tinh Hoa Đá Việt', 'da-alva-tinh-hoa-da-viet'),
(32, '123456789', '0846441105', '', '2021-07-10', '1625882067', 4, 9, 1, 'Landing - Alva Stone Tinh Hoa Đá Việt', 'da-alva-tinh-hoa-da-viet'),
(33, 'Huk ', '0829069120', '', '2021-07-13', '1626134414', 4, 7, 1, 'Landing - Alva Stone Tinh Hoa Đá Việt', 'da-alva-tinh-hoa-da-viet'),
(34, 'Huk', '0829069120', '', '2021-07-14', '1626225703', 1, 0, 0, 'Landing - Alva Stone Tinh Hoa Đá Việt', 'da-alva-tinh-hoa-da-viet'),
(35, 'Vũ chiến', '0969951967', '', '2021-07-17', '1626483824', 1, 0, 0, 'Landing - Đá ngọc tự nhiên Alva', 'da-ngoc-tu-nhien-alva'),
(36, 'Nguyễn hữu hoà ', '0924751192', '', '2021-07-17', '1626550003', 1, 0, 0, 'Landing - Alva Stone Tinh Hoa Đá Việt', 'da-alva-tinh-hoa-da-viet'),
(37, 'Nguyễn hữu hoà ', '0924751192', '', '2021-07-17', '1626550007', 1, 0, 0, 'Landing - Alva Stone Tinh Hoa Đá Việt', 'da-alva-tinh-hoa-da-viet'),
(38, 'Giang CES MEDIA', '0347113012', '', '2021-07-20', '1626756824', 4, 6, 1, 'Đối tác', 'doi-tac'),
(39, 'Giang', '0347113012', 'vanphonggiang@gmail.com', '2021-07-20', '1626757013', 4, 6, 1, 'Liên hệ | Test change host | CES', 'lien-he'),
(40, 'Giang', '0347113012', 'vanphonggiang@gmail.com', '2021-07-20', '1626757490', 4, 6, 1, 'Trang chủ', ''),
(41, 'Giang', '0347113012', '', '2021-07-20', '1626757746', 1, 0, 0, 'Trang chủ', ''),
(42, 'Giang', '0347113012', '', '2021-07-20', '1626758035', 4, 6, 1, 'Trang chủ', ''),
(43, 'Giang Còi', '0347113012', '', '2021-07-20', '1626758091', 4, 6, 1, 'Trang chủ', ''),
(44, 'Test', '12345678', '', '2021-07-20', '1626763414', 4, 6, 1, 'Trang chủ', ''),
(45, 'Nhân Hòa', '0988566933', 'khanhlv@nhanhoa.com.vn', '2021-07-20', '1626766938', 4, 6, 1, 'Liên hệ | Kỹ thuật xin gửi gửi mail trên web | Nhân Hòa', 'lien-he'),
(46, 'Nhân Hòa', '0988566933', 'khanhlv@nhanhoa.com.vn', '2021-07-20', '1626766974', 4, 6, 1, 'Nhận tư vấn', 'nhan-tu-van'),
(47, 'Nhân Hòa', '0988566933', 'khanhlv@nhanhoa.com.vn', '2021-07-20', '1626767160', 4, 6, 1, 'Liên hệ', 'lien-he'),
(48, 'Nhân Hòa', '0988566933', 'khanhlv@nhanhoa.com.vn', '2021-07-20', '1626767219', 4, 6, 1, 'Liên hệ | Kỹ thuật xin kiểm tra gửi mail trên web | Nhân Hòa', 'lien-he'),
(49, 'Giang', '123456', '', '2021-07-20', '1626767450', 4, 6, 1, 'Đá trắng muối AVM07', 'da-xuyen-sang-alva/da-trang-muoi-AVM07'),
(50, 'Giang', '123', '', '2021-07-20', '1626767723', 4, 6, 1, 'Trang chủ', ''),
(51, 'Test', '123', '', '2021-07-20', '1626768489', 4, 6, 1, 'Đá trắng muối AVM07', 'da-xuyen-sang-alva/da-trang-muoi-AVM07'),
(52, 'Giang', '1', '', '2021-07-20', '1626768687', 4, 6, 1, 'Trang chủ', ''),
(53, 'Giang', '1', '', '2021-07-20', '1626769261', 4, 6, 1, 'Trang chủ', ''),
(54, 'Alva', '123', '', '2021-07-20', '1626769446', 4, 6, 1, 'Trang chủ', ''),
(55, 'Giang', '123', '', '2021-07-20', '1626769571', 4, 6, 1, 'Liên hệ | Test | ', 'lien-he'),
(56, 'A', '12', '', '2021-07-20', '1626769765', 4, 6, 1, 'Đá xuyên sáng alva AVX23', 'da-xuyen-sang-alva/da-xuyen-sang-mau-AVX23'),
(57, 'GiangCoi', '123', '', '2021-07-20', '1626769839', 4, 6, 1, 'Đá xuyên sáng alva AVX23', 'da-xuyen-sang-alva/da-xuyen-sang-mau-AVX23'),
(58, 'Hùng', '123', '', '2021-07-20', '1626769902', 4, 6, 1, 'Liên hệ | test | ', 'lien-he'),
(59, 'Cuong', '123', '', '2021-07-20', '1626770081', 4, 6, 1, 'Đá trắng muối AVM07', 'da-xuyen-sang-alva/da-trang-muoi-AVM07'),
(60, 'ABC', '123', '', '2021-07-20', '1626770149', 4, 6, 1, 'Đá trắng muối AVM07', 'da-xuyen-sang-alva/da-trang-muoi-AVM07'),
(61, 'TestFinal', '123456', '', '2021-07-20', '1626770313', 4, 6, 1, 'Đá trắng muối AVM07', 'da-xuyen-sang-alva/da-trang-muoi-AVM07'),
(62, '123', '123', '123', '2021-07-20', '1626771059', 4, 6, 1, 'Trang chủ', ''),
(63, 'Giang', '123', '', '2021-07-20', '1626771533', 4, 6, 1, 'Tin tức chi tiết', 'phan-phoi-da-xuyen-sang-toan-quoc'),
(64, 'A', '1', '', '2021-07-20', '1626771726', 4, 6, 1, 'Tin tức chi tiết', 'phan-phoi-da-xuyen-sang-toan-quoc'),
(65, 'GiangCES', '123', '', '2021-07-20', '1626772038', 4, 6, 1, 'Tin tức chi tiết', 'phan-phoi-da-xuyen-sang-toan-quoc'),
(66, 'Hùng', '123', '', '2021-07-20', '1626772136', 4, 6, 1, 'Liên hệ', 'lien-he'),
(67, 'Giang', '123', '', '2021-07-20', '1626772186', 4, 6, 1, 'Liên hệ | Test đơn hàng | ', 'lien-he'),
(68, 'GiangMedia', '123456', '', '2021-07-20', '1626773841', 4, 6, 1, 'Trang chủ', ''),
(69, 'Test', '123', '', '2021-07-20', '1626774959', 4, 6, 1, 'Trang chủ', ''),
(70, 'Giang', '123', '', '2021-07-20', '1626775797', 4, 6, 1, 'Trang chủ', ''),
(71, 'Giang CES 21.07', '0347113012', '', '2021-07-21', '1626835440', 4, 6, 1, 'Trang chủ', ''),
(72, 'Giang Media', '123', '', '2021-07-21', '1626835902', 4, 6, 1, 'Đá trắng muối AVM06', 'da-xuyen-sang-alva/da-trang-muoi-AVM06'),
(73, 'Test', '123456', '', '2021-07-21', '1626836351', 4, 6, 1, 'Trang chủ', ''),
(74, 'Giang', '123', '', '2021-07-21', '1626836483', 4, 6, 1, 'Đá xuyên sáng alva AVX23', 'da-xuyen-sang-alva/da-xuyen-sang-mau-AVX23'),
(75, 'Tuấn', '0986386184', 'vanphonggiang@gmail.com', '2021-07-21', '1626836665', 4, 6, 1, 'Liên hệ | Final | CES', 'lien-he'),
(76, 'Giang', '0347113012', 'vanphonggiang@gmail.com', '2021-07-21', '1626836720', 4, 6, 1, 'Đá xuyên sáng alva AVX23', 'da-xuyen-sang-alva/da-xuyen-sang-mau-AVX23'),
(77, 'Giang CES', '0347113012', 'vanphonggiang@gmail.com', '2021-07-23', '1627004053', 4, 6, 1, 'Đá đen tia chớp AVT07', 'da-xuyen-sang-alva/da-den-tai-chop-AVT07'),
(78, 'Lê đình tính', '0985499562', '', '2021-07-23', '1627012675', 1, 0, 0, 'Landing - Đá ngọc tự nhiên Alva', 'da-ngoc-tu-nhien-alva'),
(79, 'Giang', '0347113012', 'vanphonggiang@gmail.com', '2021-07-24', '1627096978', 4, 6, 1, 'Tin tức chi tiết', 'dac-tinh-da-tu-nhien-xuyen-sang'),
(80, 'Anh Tuấn', '0986386184', '', '2021-07-25', '1627185314', 1, 0, 0, 'Đá xuyên sáng alva AVX23', 'da-xuyen-sang-alva/da-xuyen-sang-mau-AVX23'),
(81, 'Nguyenvancanh', '0948135441', '', '2021-07-26', '1627233100', 1, 0, 0, 'Landing - Đá ngọc tự nhiên Alva', 'da-ngoc-tu-nhien-alva'),
(82, 'Giang CES', '0347113012', '', '2021-07-29', '1627554131', 1, 0, 0, 'Đá trắng muối AVM07', 'da-xuyen-sang-alva/da-trang-muoi-AVM07'),
(83, 'Giang CES', '0347113012', 'vanphonggiang@gmail.com', '2021-10-06', '1633511137', 1, 0, 0, 'Landing cầu thang đá tự nhiên - Titan Stone', 'cau-thang-da-tu-nhien'),
(84, 'Giang', '0347113012', 'vanphonggiang@gmail.com', '2021-10-06', '1633511242', 1, 0, 0, 'Landing cầu thang đá tự nhiên - Titan Stone', 'cau-thang-da-tu-nhien'),
(85, 'Giang', '0347113012', 'vanphonggiang@gmail.com', '2021-10-06', '1633511627', 1, 0, 0, 'Landing cầu thang đá tự nhiên - Titan Stone', 'cau-thang-da-tu-nhien'),
(86, 'Giang CES', '0347113012', 'vanphonggiang@gmail.com', '2021-10-06', '1633511749', 1, 0, 0, 'Trang chủ', ''),
(87, 'Giang CES', '0347113012', 'vanphonggiang@gmail.com', '2021-10-06', '1633512035', 1, 0, 0, 'Landing cầu thang đá tự nhiên - Titan Stone', 'cau-thang-da-tu-nhien'),
(88, 'Giang', '0347113012', 'vanphonggiang@gmail.com', '2021-10-06', '1633512338', 1, 0, 0, 'Landing cầu thang đá tự nhiên - Titan Stone', 'cau-thang-da-tu-nhien'),
(89, 'Giang', '0347113012', 'vanphonggiang@gmail.com', '2021-10-06', '1633512546', 1, 0, 0, 'Landing cầu thang đá tự nhiên - Titan Stone', 'cau-thang-da-tu-nhien'),
(90, 'Giang', '0347113012', 'vanphonggiang@gmail.com', '2021-10-06', '1633512767', 1, 0, 0, 'Landing cầu thang đá tự nhiên - Titan Stone', 'cau-thang-da-tu-nhien'),
(91, 'Giang', '0347113012', 'vanphonggiang@gmail.com', '2021-10-06', '1633512852', 1, 0, 0, 'Landing cầu thang đá tự nhiên - Titan Stone', 'cau-thang-da-tu-nhien'),
(92, 'Hùng CES', '123', 'nguyenthehung@gmail.com', '2021-10-06', '1633514568', 1, 0, 0, 'Test', ''),
(93, 'Giang', '0347113012', 'vanphonggiang@gmail.com', '2021-10-06', '1633514919', 1, 0, 0, 'Test', 'cau-thang-da-tu-nhien'),
(94, 'Hoàng CES', '0347113012', 'hoang@gmail.com', '2021-10-06', '1633515210', 1, 0, 0, 'Test', 'cau-thang-da-tu-nhien'),
(95, 'Giang', '0347113012', 'vanphonggiang@gmail.com', '2021-10-06', '1633515724', 1, 0, 0, 'Test', 'cau-thang-da-tu-nhien'),
(96, 'Giang', '0123', 'vanphonggiang@gmail.com', '2021-10-06', '1633515848', 1, 0, 0, 'Test', 'cau-thang-da-tu-nhien'),
(97, 'Giang', '0347113012', 'vanphonggiang@gmail.com', '2021-10-06', '1633516259', 1, 0, 0, 'Test', 'cau-thang-da-tu-nhien'),
(98, 'Giang Hoàng', '0347113012', 'vanphonggiang@gmail.com', '2021-10-06', '1633516324', 1, 0, 0, 'Test đơn hàng', 'cau-thang-da-tu-nhien'),
(99, 'Hùng CES', '123', 'nguyenthehung@gmail.com', '2021-10-06', '1633516519', 3, 0, 1, 'Test', 'da-lat-san-tu-nhien'),
(100, 'Giang CES', '0347113012', 'trucot@gmail.com', '2021-10-08', '1633662067', 1, 0, 0, 'Test trụ cột', 'tru-cot-da-tu-nhien'),
(101, 'dsdsd', 'sdsdsdsdsd', '', '2021-10-09', '1633762103', 1, 0, 0, 'Landing - Đá ngọc tự nhiên Alva', 'da-ngoc-tu-nhien-alva'),
(102, 'Davidrak', '83414627892', 'no-replydronredema@gmail.com', '2021-10-10', '1633882050', 1, 0, 0, 'Hi!  titanstone.vn \r\n \r\nWe put up of the sale \r\n \r\nSending your commercial offer through the feedback form which can be found on the sites in the contact section. Feedback forms are filled in by our application and the captcha is solved. The profit of this method is that messages sent through feedback forms are whitelisted. This method improve the probability that your message will be read. \r\n \r\nOur database contains more than 27 million sites around the world to which we can send your message. \r\n \r\nThe cost of one million messages 49 USD \r\n \r\nFREE TEST mailing Up to 50,000 messages. \r\n \r\n \r\nThis letter is created automatically.  Use our contacts for communication. \r\n \r\nContact us. \r\nTelegram - @FeedbackMessages \r\nSkype  live:contactform_18 \r\nWhatsApp - +375259112693 \r\nWe only use chat.', ''),
(103, 'dsdsd', 'sdsdsd', 'sdsd', '2021-10-11', '1633944450', 1, 0, 0, 'sdsd', 'cau-thang-da-tu-nhien'),
(104, 'dsds', 'sdsdsd', 'dsdsd', '2021-10-11', '1633944514', 1, 0, 0, 'sdsdsds', 'cau-thang-da-tu-nhien'),
(105, 'test', 'đ', 'đ', '2021-10-11', '1633944638', 1, 0, 0, 'sdsdsdsđ', 'cau-thang-da-tu-nhien'),
(106, 'test', 'đss', 'td', '2021-10-11', '1633944699', 1, 0, 0, '', 'cau-thang-da-tu-nhien'),
(107, 'dsdsd', 'đ', 'sdsdsd', '2021-10-11', '1633944778', 1, 0, 0, 'd', 'cau-thang-da-tu-nhien'),
(108, 'd', 'd', 'd', '2021-10-11', '1633946044', 1, 0, 0, 'd', 'cau-thang-da-tu-nhien'),
(109, 'd', 'd', 'd', '2021-10-11', '1633947263', 1, 0, 0, 'd', 'cau-thang-da-tu-nhien'),
(110, 'e', 'e', 'e', '2021-10-11', '1633947309', 1, 0, 0, 'e', 'lavabo-da-tu-nhien'),
(111, '3', '3', '3', '2021-10-11', '1633947340', 1, 0, 0, '3', 'tranh-da-tu-nhien'),
(112, '1', '1', '1', '2021-10-11', '1633947359', 1, 0, 0, '1', 'da-lat-san-tu-nhien'),
(113, '1', '1', '1', '2021-10-11', '1633947382', 1, 0, 0, '1', 'phong-tam-voi-da-tu-nhien'),
(114, '1', '1', '1', '2021-10-11', '1633947413', 1, 0, 0, '1', 'tru-cot-da-tu-nhien'),
(115, 'Mohammed Koofee', '89328388376', 'noormohammedali966@gmail.com', '2021-10-21', '1634750942', 1, 0, 0, 'Hello Dear, \r\nAs-salamu alaykum \r\nFirst let me introduce myself, My name is Noor Mohammed Ali Al-Koofee from Iraq. \r\n \r\nI am married in Saudi Arabia. My Husband has been domestically abusive lately, the rate of abuse has attracted public attention since 2019 after a popular television presenter, Rania al-Baz, was severely beaten by her own husband too, I am interested in investing in your country through your personal guidelines. Before the Covid-19 Pandemic started, I saved a total of $20 Million currently deposited in the bank ready to be wire transferred to your country for possible investment & migration opportunities. \r\n \r\nIf interested, kindly contact me to send all proof of funds for your consideration. I cannot say everything here but I can be reached directly on WhatsApp only: +966592291747, or mailto:contact@noormohammedali.com or Email: noormohammedali966@gmail.com \r\n \r\nSincerely yours, \r\nNoor Mohammed Ali Al-Koofee \r\nSaudi Arabia', ''),
(116, 'Mike Dutton\r\n', '84646293613', 'no-replyLaurepe@gmail.com', '2021-10-21', '1634754896', 1, 0, 0, 'Greetings \r\n \r\nWe will improve your Local Ranks organically and safely, using only whitehat methods, while providing Google maps and website offsite work at the same time. \r\n \r\nPlease check our services below, we offer Local SEO at cheap rates. \r\nhttps://speed-seo.net/product/local-seo-package/ \r\n \r\nNEW: \r\nhttps://www.speed-seo.net/product/zip-codes-gmaps-citations/ \r\n \r\nregards \r\nMike Dutton\r\n \r\nSpeed SEO Digital Agency', ''),
(117, 'Andrew Goldenberge', '81315538384', 'martinbr@consultant.com', '2021-10-21', '1634782061', 1, 0, 0, 'Hello, \r\nWe provide funding through our venture capital company to both start-up and existing companies either looking for funding for expansion or to accelerate growth in their company. \r\n \r\nWe have a structured joint venture investment plan in which we are interested in an annual return on investment not more than 10% ROI. \r\n \r\nWe are also currently structuring a convertible debt and loan financing of 3% interest repayable annually with no early repayment penalties. \r\n \r\nIf you have a business plan or executive summary I can review to understand a much better idea of your business and what you are looking to do, this will assist in determining the best possible investment structure we can pursue and discuss more extensively. \r\n \r\nIf you are interested in any of the above, kindly respond to us via this email andrew.goldenberg@castleprojectservicesltd.com \r\n \r\nI wait to hear from you. \r\n \r\nSincerely, \r\n \r\nAndrew Goldenberge \r\n \r\nInvestment/Wealth Manager \r\nCastle Project Services Ltd. \r\nE-Mail: andrew.goldenberg@castleprojectservicesltd.com', ''),
(118, 'đặng hoang minh test landing', '0936466644', 'minhlaurent@gmail.com', '2021-10-22', '1634888936', 1, 0, 0, 'toi muon tim hieu ve da', ''),
(119, 'Donald Cole', '84137312797', 'lanj7962@gmail.com', '2021-10-23', '1634989206', 1, 0, 0, 'Good day \r\n \r\nI contacted you some days back seeking your cooperation in a matter regarding funds worth $24 Million, I urge you to  get back to me through this email coledd11@cloedcolela.com if you\'re still interested. \r\n \r\nI await your response. \r\n \r\nThanks, \r\n \r\nDonald Cole', ''),
(120, 'Jean Nganso', '85743178968', 'jnganso2@gmail.com', '2021-10-26', '1635260958', 1, 0, 0, 'Attn. Director, \r\n \r\nI am interested in your products and line of business. \r\n \r\nPlease do not hesitate to contact me if you will need a financial partner and investor. \r\n \r\nKindly send reply to \r\njeangansosu@adminoiedc.org \r\n \r\nRegards, \r\n \r\nJean Nganso', ''),
(121, 'Miguel Angel', '81893669214', 'carlosalfredo0805@gmail.com', '2021-10-27', '1635273038', 1, 0, 0, 'Hello: \r\nI am the founder of Miguel Angel Foundation and 2021 American power-ball winner. We wish to donate our bitcoin wallet containing 90.844 bitcoin, so that you can use it to develop yourself and your community. \r\ncontact: miguelangelfoundation@gmail.com', ''),
(122, 'Mike Miller\r\n', '86821557199', 'no-replyLaurepe@gmail.com', '2021-10-27', '1635307024', 1, 0, 0, 'Greetings \r\n \r\nI have just took an in depth look on your  titanstone.vn for the ranking keywords and saw that your website could use a push. \r\n \r\nWe will increase your SEO metrics and ranks organically and safely, using only whitehat methods, while providing monthly reports and outstanding support. \r\n \r\nPlease check our pricelist here, we offer SEO at cheap rates. \r\nhttps://www.hilkom-digital.de/cheap-seo-packages/ \r\n \r\nStart improving your sales and leads with us, today! \r\n \r\nregards \r\nMike Miller\r\n \r\nHilkom Digital Team \r\nsupport@hilkom-digital.de', ''),
(123, 'Carlos Alfredo', '85321294352', 'carlosalfredo0805@gmail.com', '2021-10-28', '1635371024', 1, 0, 0, 'Xin chào: \r\nTôi là người sáng lập Quỹ Thiên thần Miguel và là người chiến thắng Powerball năm 2021 của Mỹ. Chúng tôi muốn quyên góp ví bitcoin của mình chứa 90,844 bitcoin để bạn có thể sử dụng nó để phát triển bản thân và cộng đồng của mình. \r\nliên hệ: miguelangelfoundation@gmail.com', ''),
(124, 'Hop Ngo Van', '0961865688', 'hoptranngo@gmail.com', '2021-10-30', '1635609588', 1, 0, 0, '', 'tranh-da-tu-nhien'),
(125, 'Mike Holmes\r\n', '81717114746', 'no-replyLaurepe@gmail.com', '2021-11-03', '1635903717', 1, 0, 0, 'Hello \r\n \r\nWe all know the importance that dofollow link have on any website`s ranks. \r\nHaving most of your linkbase filled with nofollow ones is of no good for your ranks and SEO metrics. \r\n \r\nBuy quality dofollow links from us, that will impact your ranks in a positive way \r\nhttps://www.digital-x-press.com/product/150-dofollow-backlinks/ \r\n \r\nBest regards \r\nMike Holmes\r\n \r\nsupport@digital-x-press.com', ''),
(126, 'Charlesclade', '82148296553', 'georgiyfrolov1999364yfi+aa@bk.ru', '2021-11-07', '1636245848', 1, 0, 0, 'titanstone.vn gbuihswdiwyfuwhdiwfbujdaodhwifwjdaqidhwufwudjqvbcnxsiwdui', ''),
(127, 'Mike Morrison\r\n', '82867192721', 'no-replyLaurepe@gmail.com', '2021-11-09', '1636429459', 1, 0, 0, 'Hi there \r\n \r\nDo you want a quick boost in ranks and sales for your website? \r\nHaving a high DA score, always helps \r\n \r\nGet your titanstone.vn to have a DA between 50 to 60 points in Moz with us today and reap the benefits of such a great feat. \r\n \r\nSee our offers here: \r\nhttps://www.strictlydigital.net/product/moz-da50-seo-plan/ \r\n \r\nOn SALE: \r\nhttps://www.strictlydigital.net/product/ahrefs-dr60/ \r\n \r\n \r\nThank you \r\nMike Morrison\r\n', ''),
(128, 'Nguyễn Thị Mai', '0913540600', 'Maithanglonghp@gmail.com', '2021-11-12', '1636668458', 1, 0, 0, 'Tôi muốn ốp cổng trường bằng đá đỏ hoa. Công trình đang xây dựng có sẵn xi măng, cát.  Địa chỉ 49/201 Lạch Tray, Hải Phòng', 'da-lat-san-tu-nhien'),
(129, 'Nguyễn Thị Mai', '0913540600', 'Maithanglonghp@gmail.com', '2021-11-12', '1636668458', 1, 0, 0, 'Tôi muốn ốp cổng trường bằng đá đỏ hoa. Công trình đang xây dựng có sẵn xi măng, cát.  Địa chỉ 49/201 Lạch Tray, Hải Phòng', 'da-lat-san-tu-nhien'),
(130, 'Mike Salisburry\r\n', '88325932418', 'no-replyLaurepe@gmail.com', '2021-11-18', '1637239955', 1, 0, 0, 'Greetings \r\n \r\nWe will enhance your Local Ranks organically and safely, using only whitehat methods, while providing Google maps and website offsite work at the same time. \r\n \r\nPlease check our plans here, we offer Local SEO at cheap rates. \r\nhttps://speed-seo.net/product/local-seo-package/ \r\n \r\nNEW: \r\nhttps://www.speed-seo.net/product/zip-codes-gmaps-citations/ \r\n \r\nregards \r\nMike Salisburry\r\n \r\nSpeed SEO Digital Agency', ''),
(131, 'BillyBuigo', '82463292337', 'cheese.onion@blueyonder.co.uk', '2021-11-21', '1637440062', 1, 0, 0, 'A few weeks ago, Elon Musk, in an interview, accidentally blabbed about a cryptocurrency trading robot that brings him passive income from $ 13,000 to $ 135,000 per day and asked to remove this moment from the video after filming. \r\nhttps://www.google.com/url?q=https%3A%2F%2Fvk.cc%2Fc8aMsu&sa=D&08=48&usg=AFQjCNGiMsVvcKCjtUl1s1o9fbbu24TnPA \r\nBut the operator who filmed all this remembered the name of the trading robot and tried to make money. \r\nOn the same day, he made a deposit of $ 500 and launched a trading robot and after 3 hours his account had $ 3750 and a week later $ 563700. \r\nOn the robot, you earn in the currency of your country, Europe - EUR, Australia - AUD, Canada - CAD, Sweden - SEC and so on. \r\nHurry up to register as after the influx of new users, the administrators decided to stop registering new users from next week. \r\nhttps://www.google.com/url?q=https%3A%2F%2Fvk.cc%2Fc8aMsu&sa=D&11=35&usg=AFQjCNGiMsVvcKCjtUl1s1o9fbbu24TnPA', ''),
(132, 'giang', '0347113012', 'vanphonggiang@gmail.com', '2021-11-24', '1637736285', 1, 0, 0, 'Trang chủ', ''),
(133, 'giang', '0347113012', 'vanphonggiang@gmail.com', '2021-11-24', '1637736521', 1, 0, 0, 'Nhận tư vấn', 'nhan-tu-van'),
(134, 'giang', '0347113012', 'vanphonggiang@gmail.com', '2021-11-24', '1637737098', 1, 0, 0, 'Trang chủ', ''),
(135, 'Giang', '0347113012', 'vanphonggiang@gmail.com', '2021-11-24', '1637737498', 1, 0, 0, 'Nhận tư vấn', 'nhan-tu-van'),
(136, 'Giang', '0347113012', 'vanphonggiang@gmail.com', '2021-11-24', '1637737627', 1, 0, 0, 'Liên hệ | Contact email | CES', 'lien-he'),
(137, 'Giang', '0347113012', 'vanphonggiang@gmail.com', '2021-11-24', '1637737740', 1, 0, 0, 'Trang chủ', ''),
(138, 'giang', '0347113012', 'vanphonggiang@gmail.com', '2021-11-24', '1637737825', 1, 0, 0, 'Liên hệ | Test contact | CES', 'lien-he'),
(139, 'Mike Walker\r\n', '87187546622', 'no-replyLaurepe@gmail.com', '2021-11-25', '1637782945', 1, 0, 0, 'Hello \r\n \r\nI have just took an in depth look on your  titanstone.vn for  the current search visibility and saw that your website could use an upgrade. \r\n \r\nWe will increase your SEO metrics and ranks organically and safely, using only whitehat methods, while providing monthly reports and outstanding support. \r\n \r\nPlease check our pricelist here, we offer SEO at cheap rates. \r\nhttps://www.hilkom-digital.de/cheap-seo-packages/ \r\n \r\nStart increasing your sales and leads with us, today! \r\n \r\nregards \r\nMike Walker\r\n \r\nHilkom Digital Team \r\nsupport@hilkom-digital.de', ''),
(140, 'Giang', '0347113012', 'vanphonggiang@gmail.com', '2021-11-25', '1637810668', 1, 0, 0, 'Test email', 'cau-thang-da-tu-nhien'),
(141, 'Google coversion ', 'Google coversion ', 'Google coversion ', '2021-11-25', '1637822614', 1, 0, 0, '', 'tru-cot-da-tu-nhien'),
(142, 'Giang', '0347113012', '', '2021-11-25', '1637827754', 1, 0, 0, 'Liên hệ TitanStone | Đá Ngọc Tự Nhiên Xuyên Sáng AVB11 | ', 'lien-he'),
(143, 'Giang', '0347113012', '', '2022-01-05', '1641347975', 1, 0, 0, 'Liên hệ TitanStone | Test email | ', 'lien-he'),
(144, 'Giang', '0347113012', '', '2022-01-05', '1641349091', 1, 0, 0, 'Liên hệ TitanStone | Đá Tự Nhiên Marble Trắng Muối AVC10 | ', 'lien-he'),
(145, 'Giang', '0347113012', '', '2022-01-05', '1641354057', 1, 0, 0, 'Liên hệ TitanStone | Test | ', 'lien-he'),
(146, 'Giang', '0347113012', '', '2022-01-05', '1641368237', 1, 0, 0, 'Liên hệ TitanStone | Đá Ngọc Tự Nhiên Xuyên Sáng ATB-M11 | ', 'lien-he'),
(147, 'Giang', '0347113012', '', '2022-01-06', '1641443531', 1, 0, 0, 'Liên hệ TitanStone | Đá Ngọc Tự Nhiên Xuyên Sáng ATB-M14 | ', 'lien-he'),
(148, 'Giang Web', '0347113012', '', '2022-01-06', '1641443733', 1, 0, 0, 'Liên hệ TitanStone | Đá Ngọc Tự Nhiên Xuyên Sáng ATB-M14 | ', 'lien-he'),
(149, 'Giang CES', '0347113012', '', '2022-01-06', '1641443838', 1, 0, 0, 'Liên hệ TitanStone | Đá Ngọc Tự Nhiên Xuyên Sáng ATB-M14 | ', 'lien-he');

-- --------------------------------------------------------

--
-- Table structure for table `duan`
--

CREATE TABLE `duan` (
  `id` int(11) NOT NULL,
  `ten` text DEFAULT NULL,
  `vuong` text DEFAULT NULL,
  `dai` text DEFAULT NULL,
  `album` text DEFAULT NULL,
  `gioithieu` text DEFAULT NULL,
  `noidung` text DEFAULT NULL,
  `loai` int(11) DEFAULT NULL
) ENGINE=InnoDB DEFAULT CHARSET=utf8;

--
-- Dumping data for table `duan`
--

INSERT INTO `duan` (`id`, `ten`, `vuong`, `dai`, `album`, `gioithieu`, `noidung`, `loai`) VALUES
(1, 'Hotel Marigold ', '2021-06-28-14-36-33marigold.jpg', '2021-06-23-15-16-31marigold-length.jpg', '2021-06-23-18-12-141.jpg,2021-06-23-18-12-142.jpg,2021-06-23-18-12-143.jpg,2021-06-23-18-12-144.jpg,2021-06-23-18-12-145.jpg,2021-06-23-18-12-146.jpg,2021-06-23-18-12-147.jpg,2021-06-23-18-12-148.jpg,2021-06-23-18-12-149.jpg,2021-06-23-18-12-1410.jpg,2021-06-23-18-12-1411.jpg,2021-06-23-18-12-1412.jpg,2021-06-23-18-12-1413.jpg,2021-06-23-18-12-1414.jpg,2021-06-23-18-12-1415.jpg,2021-06-23-18-12-1416.jpg', '<p>C&ocirc;ng ty TNHH ALVA l&agrave; Đơn vị khai th&aacute;c đ&aacute; tự nhi&ecirc;n. Từ việc cung cấp, ph&acirc;n phối đ&aacute;, tư vấn sản phẩm, thiết kế, đến gia c&ocirc;ng sản xuất, thi c&ocirc;ng lắp đặt ho&agrave;n thiện</p>\r\n', '', 1),
(2, 'Hotel khu công nghiệp VShip Bắc Ninh', '2021-06-28-11-09-59vuong.jpg', '2021-06-28-11-09-59dai.jpg', '2021-06-28-14-27-161.jpg,2021-06-28-14-27-162.jpg,2021-06-28-14-27-163.jpg,2021-06-28-14-27-164.jpg,2021-06-28-14-27-165.jpg,2021-06-28-14-27-166.jpg,2021-06-28-14-27-167.jpg', '<p>ALVA lu&ocirc;n cam kết cung cấp đ&aacute; Marble &ndash; thạch anh tự nhi&ecirc;n xuy&ecirc;n s&aacute;ng với chất lượng tốt nhất, gi&aacute; cả cạnh tranh, hỗ trợ kh&aacute;ch h&agrave;ng 24/7, lu&ocirc;n đặt chất lượng sản phẩm l&ecirc;n h&agrave;ng đầu</p>\r\n', '', 1),
(3, 'Hotel khu công nghiệp VShip Bắc Ninh', '2021-06-28-11-12-52vuong.jpg', '2021-06-28-11-13-53dai.jpg', '2021-06-28-14-35-151.jpg,2021-06-28-14-35-152.jpg,2021-06-28-14-35-153.jpg,2021-06-28-14-35-154.jpg,2021-06-28-14-35-155.jpg,2021-06-28-14-35-156.jpg', '<p>ALVA lu&ocirc;n cam kết cung cấp đ&aacute; Marble &ndash; thạch anh tự nhi&ecirc;n xuy&ecirc;n s&aacute;ng với chất lượng tốt nhất, gi&aacute; cả cạnh tranh, hỗ trợ kh&aacute;ch h&agrave;ng 24/7, lu&ocirc;n đặt chất lượng sản phẩm l&ecirc;n h&agrave;ng đầu</p>\r\n', '', 1),
(4, 'Dự án 1 - Vin', '2022-03-09-09-04-40vuong.png', '2022-03-09-09-04-40dai.png', '2022-03-09-09-11-21dscf6710.jpg,2022-03-09-09-11-21dscf6712.jpg,2022-03-09-09-11-21dscf6713.jpg,2022-03-09-09-11-21dscf6715.jpg,2022-03-09-09-11-21dscf6716.jpg,2022-03-09-09-11-21dscf6718.jpg,2022-03-09-09-11-21dscf6725.jpg,2022-03-09-09-11-21dscf6728.jpg,2022-03-09-09-11-21dscf6729.jpg,2022-03-09-09-11-21dscf6732.jpg,2022-03-09-09-11-21dscf6739.jpg,2022-03-09-09-11-21dscf6740.jpg,2022-03-09-09-11-21dscf6744.jpg,2022-03-09-09-11-21dscf6746.jpg,2022-03-09-09-11-21dscf6763.jpg,2022-03-09-09-11-21dscf6844.jpg,2022-03-09-09-11-21dscf6845.jpg,2022-03-09-09-11-21dscf6848.jpg', '<p>Dự &aacute;n Vin</p>\r\n', '<p>Nội dung</p>\r\n', 1);

-- --------------------------------------------------------

--
-- Table structure for table `landing`
--

CREATE TABLE `landing` (
  `id` int(11) NOT NULL,
  `ten` varchar(255) NOT NULL,
  `link` text NOT NULL,
  `ngaydau` date NOT NULL,
  `ngayhet` date NOT NULL
) ENGINE=InnoDB DEFAULT CHARSET=utf8;

--
-- Dumping data for table `landing`
--

INSERT INTO `landing` (`id`, `ten`, `link`, `ngaydau`, `ngayhet`) VALUES
(1, 'Đá ngọc Alva', 'da-ngoc-tu-nhien-alva', '2021-06-26', '2021-06-30'),
(2, 'Tinh hoa đá Việt', 'da-alva-tinh-hoa-da-viet', '2021-06-09', '2021-11-24');

-- --------------------------------------------------------

--
-- Table structure for table `loai`
--

CREATE TABLE `loai` (
  `id` int(11) NOT NULL,
  `ten` text DEFAULT NULL,
  `slug` text DEFAULT NULL,
  `danhmuc` text DEFAULT NULL
) ENGINE=InnoDB DEFAULT CHARSET=utf8;

--
-- Dumping data for table `loai`
--

INSERT INTO `loai` (`id`, `ten`, `slug`, `danhmuc`) VALUES
(2, 'Vân đá', 'van-da', '1'),
(6, 'Dòng đá', 'dongda', '1,2,4,5');

-- --------------------------------------------------------

--
-- Table structure for table `loaitin`
--

CREATE TABLE `loaitin` (
  `id` int(11) NOT NULL,
  `ten` text DEFAULT NULL,
  `slug` text DEFAULT NULL
) ENGINE=InnoDB DEFAULT CHARSET=utf8;

--
-- Dumping data for table `loaitin`
--

INSERT INTO `loaitin` (`id`, `ten`, `slug`) VALUES
(1, 'Tin tức', 'tin-tuc'),
(2, 'Vật liệu xây dựng', 'vat-lieu-xay-dung'),
(3, 'Khai trương showroom', 'khai-truong-showroom');

-- --------------------------------------------------------

--
-- Table structure for table `lydohuy`
--

CREATE TABLE `lydohuy` (
  `id` int(11) NOT NULL,
  `ten` text NOT NULL
) ENGINE=InnoDB DEFAULT CHARSET=utf8;

--
-- Dumping data for table `lydohuy`
--

INSERT INTO `lydohuy` (`id`, `ten`) VALUES
(1, 'Giá cao'),
(2, 'Hỏi quan tâm'),
(3, 'Nhu cầu đặt hàng'),
(4, 'Hẹn lịch gọi tư vấn'),
(5, 'Sai số điện thoại'),
(6, 'Đơn hàng test'),
(7, 'Trùng số điện thoại'),
(8, 'Khách hàng tiềm năng'),
(9, 'THam khaor gias');

-- --------------------------------------------------------

--
-- Table structure for table `tenmien`
--

CREATE TABLE `tenmien` (
  `id` int(11) NOT NULL,
  `ten` varchar(255) NOT NULL,
  `dns` varchar(255) NOT NULL,
  `ngay` date NOT NULL,
  `ngayhet` date DEFAULT NULL
) ENGINE=InnoDB DEFAULT CHARSET=utf8;

--
-- Dumping data for table `tenmien`
--

INSERT INTO `tenmien` (`id`, `ten`, `dns`, `ngay`, `ngayhet`) VALUES
(1, 'Đá Alva', 'daxuyensang.vn', '2021-02-19', '2022-02-19'),
(2, 'Đá Alva', 'stoneluxury.vn', '2021-05-21', '2022-05-21'),
(3, 'Đá Alva', 'luxurystone.com.vn', '2021-05-21', '2022-05-21'),
(4, 'Đá Alva', 'stoneluxury.net', '2021-05-21', '2022-05-21'),
(5, 'Đá Alva', 'luxurystone.info', '2021-05-21', '2022-05-21'),
(6, 'Đá Alva', 'daxaxi.vn', '2021-05-21', '2022-05-21'),
(7, 'Đá Alva', 'daxaxi.com.vn', '2021-05-21', '2022-05-21'),
(8, 'Đá Alva', 'daxaxi.net', '2021-05-21', '2022-05-21'),
(9, 'Đá Alva', 'daxaxi.info', '2021-05-21', '2022-05-21'),
(10, 'Hosting', 'daxuyensang.vn', '2021-07-19', '2022-07-19');

-- --------------------------------------------------------

--
-- Table structure for table `thanhvien`
--

CREATE TABLE `thanhvien` (
  `id` int(11) NOT NULL,
  `ten` text NOT NULL,
  `fullname` text NOT NULL,
  `matkhau` text NOT NULL,
  `nhom` int(11) NOT NULL,
  `actived` int(11) NOT NULL,
  `hinhanh` varchar(255) NOT NULL
) ENGINE=InnoDB DEFAULT CHARSET=utf8;

--
-- Dumping data for table `thanhvien`
--

INSERT INTO `thanhvien` (`id`, `ten`, `fullname`, `matkhau`, `nhom`, `actived`, `hinhanh`) VALUES
(1, 'giang', 'Văn Giang', 'aade7c68f2ba8f277f0dc70bc92f2b72', 1, 1, 'alva.png'),
(2, 'phuongthao', 'Phương Thảo', 'e10adc3949ba59abbe56e057f20f883e', 1, 1, 'alva.png'),
(3, 'minhdang', 'Mr.Minh', '1b04b314d94593ce8ac64bb4e8e9f76d', 1, 1, 'alva.png'),
(4, 'ngochieu', 'Ngọc Hiếu', 'e807f1fcf82d132f9bb018ca6738a19f', 1, 1, 'alva.png');

-- --------------------------------------------------------

--
-- Table structure for table `thongso`
--

CREATE TABLE `thongso` (
  `id` int(11) NOT NULL,
  `ten` text NOT NULL,
  `danhmuc` int(11) NOT NULL,
  `loai` int(11) NOT NULL,
  `thutu` int(11) NOT NULL
) ENGINE=MyISAM DEFAULT CHARSET=utf8;

--
-- Dumping data for table `thongso`
--

INSERT INTO `thongso` (`id`, `ten`, `danhmuc`, `loai`, `thutu`) VALUES
(20, '2100 x 1600 (cm)', 1, 4, 1),
(3, 'Vân hồng', 1, 2, 1),
(4, 'Vân xanh', 1, 2, 2),
(5, 'Vân trắng', 1, 2, 0),
(27, 'Đá ngọc', 2, 6, 1),
(29, 'Đá ngọc', 4, 6, 1),
(30, 'Đá trắng muối', 4, 6, 1),
(19, '2960 x 1880 (cm)', 1, 4, 1),
(28, 'Đá trắng muối', 2, 6, 1),
(23, 'Đá ngọc', 1, 6, 1),
(24, 'Đá trắng muối', 1, 6, 1),
(18, '2050 x 1720 (cm)', 1, 4, 1),
(22, '3000 x 1700 (cm)', 1, 4, 1),
(31, 'Đá ngọc', 5, 6, 1);

-- --------------------------------------------------------

--
-- Table structure for table `tinhthanh`
--

CREATE TABLE `tinhthanh` (
  `id` int(11) NOT NULL,
  `ten` text DEFAULT NULL,
  `vungmien` int(11) DEFAULT NULL
) ENGINE=InnoDB DEFAULT CHARSET=utf8;

--
-- Dumping data for table `tinhthanh`
--

INSERT INTO `tinhthanh` (`id`, `ten`, `vungmien`) VALUES
(1, 'Hà Nội', 1),
(2, 'Hải Phòng', 1),
(3, 'Đà Nẵng', 2),
(4, 'Ninh Bình', 1),
(5, 'Nghệ An', 2),
(6, 'Hưng Yên', 1),
(7, 'Hải Dương', 1),
(8, 'Quảng Ninh', 1),
(9, 'Bắc Ninh', 1),
(10, 'Phú Thọ', 1),
(11, 'Nam Định', 1),
(12, 'Thanh Hóa', 2),
(13, 'Thái Bình', 1),
(14, 'Thái Nguyên', 1);

-- --------------------------------------------------------

--
-- Table structure for table `tintuc`
--

CREATE TABLE `tintuc` (
  `id` int(11) NOT NULL,
  `ten` text DEFAULT NULL,
  `vuong` text DEFAULT NULL,
  `dai` text DEFAULT NULL,
  `mota` text DEFAULT NULL,
  `noidung` text DEFAULT NULL,
  `ngay` date DEFAULT NULL,
  `tag` varchar(20) DEFAULT NULL,
  `noibat` int(11) DEFAULT NULL,
  `slug` text NOT NULL,
  `loai` int(11) DEFAULT NULL
) ENGINE=InnoDB DEFAULT CHARSET=utf8;

--
-- Dumping data for table `tintuc`
--

INSERT INTO `tintuc` (`id`, `ten`, `vuong`, `dai`, `mota`, `noidung`, `ngay`, `tag`, `noibat`, `slug`, `loai`) VALUES
(1, 'Đá xuyên sáng tự nhiên', '2021-06-18-16-30-34da-alva-vuong.jpg', '2021-06-18-16-30-34da-alva.jpg', '<p>Đ&aacute; xuy&ecirc;n s&aacute;ng tự nhi&ecirc;n onyx thuộc họ đ&aacute; thạch anh qu&yacute; hiếm, c&oacute; khả năng bắt s&aacute;ng tốt. Với khả năng xuy&ecirc;n s&aacute;ng l&ecirc;n đến 90%, đ&aacute; xuy&ecirc;n s&aacute;ng gi&uacute;p cho c&ocirc;ng tr&igrave;nh kiến tr&uacute;c to&aacute;t l&ecirc;n một vẻ đep lung linh, b&iacute; ẩn, sang trọng v&agrave; v&ocirc; c&ugrave;ng độc đ&aacute;o</p>\r\n', '<h2>Đ&aacute; xuy&ecirc;n s&aacute;ng l&agrave; g&igrave;</h2>\r\n\r\n<p>Đ&aacute; xuy&ecirc;n s&aacute;ng tự nhi&ecirc;n được biết đến chủ yếu với d&ograve;ng đ&aacute; ngọc Onyx. Sản phẩm được cấu tạo từ những loại đ&aacute; qu&yacute; hiếm, c&oacute; khả năng bắt s&aacute;ng tốt như Onyx, Granit,&hellip; Từ h&agrave;ng trăm triệu năm trước, những d&ograve;ng nham thạch n&oacute;ng từ l&otilde;i của đất phun tr&agrave;o qua những miệng n&uacute;i lửa khổng lồ, khi gặp kh&ocirc;ng kh&iacute; lạnh b&ecirc;n ngo&agrave;i, bề mặt của ch&uacute;ng sẽ dần nguội đi v&agrave; se lại, tạo n&ecirc;n lớp vỏ tr&aacute;i đất. Theo thời gian phần l&otilde;i b&ecirc;n trong vẫn t&iacute;ch tụ năng lượng v&agrave; &acirc;m &iacute;t cảy cho đến khi nguội hẳn. Sản phẩm cuối c&ugrave;ng sẽ l&agrave; những khối đặc vẫn c&ograve;n giữ nguy&ecirc;n m&agrave;u sắc như lửa. Trải qua h&agrave;ng tri&ecirc;u năm sau đ&oacute;, c&aacute;c lớp kho&aacute;ng chất kết tủa bắt đầu biến đổi, loang ra th&agrave;nh từng vệt c&oacute; độ d&agrave;y từ v&agrave;i micromet đến v&agrave;i milimet, tạo th&agrave;nh những lớp v&acirc;n tr&ecirc;n đ&aacute; tự nhi&ecirc;n m&agrave; tuyệt đẹp. Cũng ch&iacute;nh v&igrave; thế m&agrave; kh&ocirc;ng tồn tại&nbsp;bất kỳ 2 vi&ecirc;n đ&aacute; xuy&ecirc;n s&aacute;ng tự nhi&ecirc;n onyx n&agrave;o giống nhau cả.</p>\r\n\r\n<p><img alt=\"Đá tự nhiên xuyên sáng Alva\" src=\"/uploads/images/da-tu-nhien-alva-1.jpg\" style=\"height:395px; width:594px\" /></p>\r\n\r\n<p>Đ&aacute; xuy&ecirc;n s&aacute;ng onyx thường bao gồm c&aacute;c tinh thể canxi từ nhỏ đến dạng hạt v&agrave; hiếm khi dạng aragonite. C&aacute;c vi t&iacute;nh thể li&ecirc;n kết với nhau kết cấu fibrous hoặc lamellar. Ch&uacute;ng sẽ c&oacute; t&iacute;nh chất mờ v&agrave; c&oacute; c&aacute;c m&agrave;u sắc kh&aacute;c nhau t&ugrave;y thuộc v&agrave;o lượng oxit sắt. M&agrave;u sắc của onyx tự nhi&ecirc;n thường c&oacute; m&agrave;u v&agrave;ng n&acirc;u do c&oacute; oxit sắt, nhưng cũng c&oacute; m&agrave;u trắng, v&agrave;ng nhạt/đậm, hổ ph&aacute;ch, đỏ hay m&agrave;u xanh đậm. C&aacute;c dải m&agrave;u li&ecirc;n kết với nhau từ r&otilde; rang cho đến mơ hồ. Độ cứng moh l&agrave; 3.</p>\r\n\r\n<p>Đ&aacute; xuy&ecirc;n s&aacute;ng tự nhi&ecirc;n onyx thuộc họ đ&aacute; thạch anh qu&yacute; hiếm, c&oacute; khả năng bắt s&aacute;ng tốt. Với khả năng xuy&ecirc;n s&aacute;ng l&ecirc;n đến 90%, đ&aacute; onyx gi&uacute;p cho c&ocirc;ng tr&igrave;nh kiến tr&uacute;c to&aacute;t l&ecirc;n một vẻ đep lung linh, b&iacute; ẩn, sang trọng v&agrave; v&ocirc; c&ugrave;ng độc đ&aacute;o. Loại đ&aacute; tự nhi&ecirc;n cao cấp n&agrave;y thường đưuọc d&ugrave;ng để trang tr&iacute; c&aacute;c c&ocirc;ng tr&igrave;nh đ&ograve;i hỏi t&iacute;nh thẩm mĩ cao như c&aacute;c khu vực đại sảnh, h&agrave;nh lang, quầy tiếp kh&aacute;ch, quầy bar &hellip;</p>\r\n', '2021-06-18', '1', 1, 'da-xuyen-sang-tu-nhien-la-gi', 1),
(2, 'Ưu điểm đá xuyên sáng tự nhiên', '2021-06-18-16-38-17uu-diem-vuong.jpg', '2021-06-18-16-38-17uu-diem-dai.jpg', '<p>Đ&aacute; xuy&ecirc;n s&aacute;ng&nbsp;tự nhi&ecirc;n onyx c&oacute; khả năng xuy&ecirc;n s&aacute;ng đặc biệt m&agrave; kh&ocirc;ng một loại đ&aacute; n&agrave;o c&oacute; được kh&ocirc;ng giống như c&aacute;c loại đ&aacute; kh&aacute;c thường chỉ c&oacute; m&agrave;u sắc trầm, trung t&iacute;nh, đ&aacute; onyx lại c&oacute; m&agrave;u sắc tươi s&aacute;ng kết hợp với v&acirc;n đ&aacute; c&oacute; m&agrave;u sắc đa dạng</p>\r\n', '<h2>Ưu điểm đ&aacute; xuy&ecirc;n s&aacute;ng tự nhi&ecirc;n Alva</h2>\r\n\r\n<p>Đ&aacute; xuy&ecirc;n s&aacute;ng&nbsp;tự nhi&ecirc;n onyx c&oacute; khả năng xuy&ecirc;n s&aacute;ng đặc biệt m&agrave; kh&ocirc;ng một loại đ&aacute; n&agrave;o c&oacute; được kh&ocirc;ng giống như c&aacute;c loại đ&aacute; kh&aacute;c thường chỉ c&oacute; m&agrave;u sắc trầm, trung t&iacute;nh, đ&aacute; onyx lại c&oacute; m&agrave;u sắc tươi s&aacute;ng kết hợp với v&acirc;n đ&aacute; c&oacute; m&agrave;u sắc đa dạng như đỏ, v&agrave;ng, xanh,&hellip; Đ&aacute; xuy&ecirc;n s&aacute;ng tự nhi&ecirc;n onyx được ứng dụng nhiều trong c&aacute;c lĩnh vực kh&aacute;c nhau như: ngọc học, quang học, điện học&hellip; trong đ&oacute;, đặc biệt nhất l&agrave; lĩnh vực kiến tr&uacute;c v&agrave; trang tr&iacute; nội ngoại thất.</p>\r\n\r\n<p><img alt=\"Đá xuyên sáng làm nổi bật không gian\" src=\"/uploads/images/1.jpg\" style=\"height:521px; width:800px\" /></p>\r\n\r\n<p>Với kết cấu đặc biệt l&agrave; li&ecirc;n kết dạng tinh thể c&oacute; t&iacute;nh đồng nhất cao, nhiều m&agrave;u sắc kh&aacute;c nhau v&agrave; c&oacute; thể xuy&ecirc;n s&aacute;ng, đ&aacute; xuy&ecirc;n s&aacute;ng tự nhi&ecirc;n được ứng dụng rất nhiều trong kiến tr&uacute;c nội, ngoại thất c&aacute;c c&ocirc;ng tr&igrave;nh, từ ốp mặt tiền, sảnh, l&aacute;t h&agrave;nh lang, cầu thang đến trang tr&iacute; nh&agrave; tắm, nh&agrave; bếp, v.v&hellip; Tuy nhi&ecirc;n v&igrave; l&agrave; loại đ&aacute; cao cấp, gi&aacute; th&agrave;nh kh&ocirc;ng hề rẻ n&ecirc;n đ&aacute; onyx thường được sử dụng nhiều nhất cho c&aacute;c vị tr&iacute; cần sự sang trọng, tinh tế hoặc tạo điểm nhấn cho to&agrave;n kh&ocirc;ng gian kiến tr&uacute;c, như sảnh ch&iacute;nh v&agrave;o t&ograve;a nh&agrave;, quầy lễ t&acirc;n, quầy ba, b&agrave;n ăn, trang tr&iacute; ph&ograve;ng kh&aacute;ch, h&agrave;nh lang kh&aacute;ch sạn &hellip;</p>\r\n\r\n<p><img alt=\"Đá xuyên sáng sử dụng trong khách sạn cao cấp\" src=\"/uploads/images/12.jpg\" style=\"height:522px; width:800px\" /></p>\r\n\r\n<p>Đ&aacute; xuy&ecirc;n s&aacute;ng Onyx&nbsp;c&ograve;n được sử dụng như một loại v&aacute;ch ngăn trang tr&iacute; ngăn c&aacute;ch 2 kh&ocirc;ng gian ri&ecirc;ng tư. Hai mặt của tấm đ&aacute; sẽ được đ&aacute;nh b&oacute;ng, độ mờ của ch&uacute;ng được khai th&aacute;c để tạo hiệu ứng h&igrave;nh ảnh đẹp nhất. Đ&aacute; tự nhi&ecirc;n onyx cũng c&oacute; thể được xẻ th&agrave;nh tấm, gh&eacute;p lại với nhau th&agrave;nh c&aacute;c mảnh nhỏ để tạo đường viền hay trang tr&iacute; ph&ograve;ng tắm, ph&ograve;ng ăn, ph&ograve;ng ngủ&hellip; Trong phong thủy, đ&aacute; tự nhi&ecirc;n đ&aacute; xuy&ecirc;n s&aacute;ng onyx mang rất nhiều năng lượng t&iacute;ch cực c&oacute; t&aacute;c dụng gi&uacute;p con người được mạnh mẽ hơn về thể chất lẫn tinh thần.</p>\r\n', '2021-06-18', '1', 1, 'uu-diem-da-xuyen-sang-tu-nhien', 1),
(3, 'Thi công đá tự nhiên xuyên sáng', '2021-06-21-08-40-06thi-cong-vuong.jpg', '2021-06-18-17-23-22thi-cong-dai.jpg', '<p>Để c&oacute; thể thể hiện hết được vẻ đẹp v&agrave; hiệu quả thẩm mỹ của đ&aacute; onyx, cần c&oacute; sự lựa chọn v&agrave; chuẩn bị kỹ c&agrave;ng trước khi thi c&ocirc;ng</p>\r\n', '<p>Để c&oacute; thể thể hiện hết được vẻ đẹp v&agrave; hiệu quả thẩm mỹ của đ&aacute; xuy&ecirc;n s&aacute;ng, cần c&oacute; sự lựa chọn v&agrave; chuẩn bị kỹ c&agrave;ng trước khi thi c&ocirc;ng.</p>\r\n\r\n<h2>Bước 1: Chuẩn bị dụng cụ</h2>\r\n\r\n<p>- Chuẩn bị đẩy đủ m&aacute;y m&oacute;c, dụng cụ cắt đ&aacute; v&agrave; keo d&ugrave;ng để gắn kết hợp bulong bắt v&iacute;</p>\r\n\r\n<p>- Dụng cụ cắt đ&aacute; c&oacute; thể l&agrave; m&aacute;y cắt gạch đ&aacute; th&ocirc;ng thường hoặc m&aacute;y CNC. Đ&aacute; sẽ được vẽ đường cắt theo thiết kế trước khi cắt. Khi cắt giữ đ&aacute; cẩn thạn tr&aacute;nh rơi, va đập.</p>\r\n\r\n<p>- Về nh&acirc;n c&ocirc;ng : cần c&oacute; một đội ngũ thợ thi c&ocirc;ng đ&aacute; xuy&ecirc;n s&aacute;ng tự nhi&ecirc;n chuy&ecirc;n nghiệp, tr&aacute;ch nhiệm, chi tiết v&agrave; tỉ mỉ để l&agrave;m n&ecirc;n những sản phẩm đặc sắc.</p>\r\n\r\n<h2>Bước 2: Chọn lưỡi cưa</h2>\r\n\r\n<p>- Việc chọn lưỡi cưa l&agrave; v&ocirc; c&ugrave;ng quan trọng. Trong đ&oacute;, lưỡi cưa lọng rang v&ograve;ng l&agrave; hiệu quả hơn hết bởi khi cắt sinh ra &iacute;t nhiệt hơn loại bỏ ph&ocirc;i nhanh. Để đườngcắt được đẹp n&ecirc;n mở rộng lười cưa, nghi&ecirc;ng g&oacute;c 0 độ. Đối với phần cắt v&ograve;ng n&ecirc;n sử dụng lưỡi cưa hẹp v&agrave; mở rang nhiều hơn so với đường cắt thẳng. Lưỡi cưa phải sắc v&agrave; bộ phận k&ecirc; giữ phải chắc chắn để giảm thiểu độ rung.</p>\r\n\r\n<p>- Để tận dụng khả năng chiếu s&aacute;ng của đ&aacute; onyx, c&aacute;c kiến tr&uacute;c sư thiết kế khung viền, lắp đ&egrave;n điện tử chiếu s&aacute;ng với khoảng c&aacute;ch 20cm-30cm từ đ&egrave;n đến bề mặt tấm đ&aacute;. Sau đ&oacute; d&ugrave;ng c&aacute;c ốc v&iacute;t nối để gh&eacute;p những tấm đ&aacute; th&agrave;nh những bề mặt lớn hơn. Khi gắn đ&egrave;n sau tấm đ&aacute; n&ecirc;n sử dụng đ&egrave;n led để &aacute;nh s&aacute;ng được đều. tr&aacute;nh sử dụng đ&egrave;n tu&yacute;ep d&agrave;i, v&igrave; khi l&ecirc;n đ&egrave;n sẽ để lại vệt s&aacute;ng kh&ocirc;ng đều. Những ốc v&iacute;t n&ecirc;n ở cạcnh của tấm đ&aacute;, được che lấp tr&aacute;nh bị lộ ra ngo&agrave;i tầm nh&igrave;n khi được chiếu s&aacute;ng.</p>\r\n\r\n<h2>Bước 3: Cắt định h&igrave;nh đ&aacute; xuy&ecirc;n s&aacute;ng</h2>\r\n\r\n<p>- Đ&aacute; xuy&ecirc;n s&aacute;ng thường c&oacute; cấu tạp dạng tấm, để nguy&ecirc;n tấm ti&ecirc;u chuẩn, cắt nhỏ hoặc gh&eacute;p nối c&aacute;c tấm với nhau th&agrave;nh những k&iacute;ch thước theo mẫu thiết kế kiến tr&uacute;c định sẵn. Do đ&oacute; trong thi c&ocirc;ng đ&aacute; onyx xuy&ecirc;n s&aacute;ng th&igrave; điều quan trọng nhất l&agrave; c&aacute;ch cắt gh&eacute;p dads khi thi c&ocirc;ng. Đ&aacute; sau khi được cắt định h&igrave;nh sẽ được bắt v&iacute;t v&agrave; keo để cố định lại.</p>\r\n\r\n<p>- Đối với đ&aacute; loại mỏng như 6mm, kh&ocirc;ng n&ecirc;n để nguy&ecirc;n tấm khi thi c&ocirc;ng, rộng tối đa 650mm. N&ecirc;n cắt nhỏ ra để gh&eacute;p lại sẽ gia tăng độ cứng v&agrave; chịu lực của đ&aacute;. Nếu muốn sử dụng nguy&ecirc;n tấm th&igrave; n&ecirc;n sử dụng loại d&agrave;y hoặc ốp l&oacute;t trước một tấm k&iacute;nh cường lực hoặc tấm acrylic.</p>\r\n\r\n<p>- Khi cắt đ&aacute; xuy&ecirc;n s&aacute;ng, c&oacute; thể sử dụng c&aacute;cloại m&aacute;y cưa kh&aacute;c nhau nhưng để cho tấm đ&aacute; được đẹp v&agrave; đảm bảo hơn n&ecirc;n d&ugrave;ng m&aacute;y cưa lọng b&agrave;n sẽ cho ra những đường cắt đẹp, mềm mại v&agrave; trơn tru nhất. nếu sử dụng m&aacute;y cưa đĩa để xe dọc n&ecirc;n cố định ray rồi mới cắt.</p>\r\n\r\n<h2>Lưu &yacute; khi thi c&ocirc;ng đ&aacute; xuy&ecirc;n s&aacute;ng tự nhi&ecirc;n</h2>\r\n\r\n<p>- Kh&ocirc;ng được t&aacute;c động v&agrave;o đ&aacute; khi nhiệt độ qu&aacute; 80 oC</p>\r\n\r\n<p>- Đ&aacute; xuy&ecirc;n s&aacute;ng kh&ocirc;ng th&iacute;ch hợp chịu những t&aacute;c động qu&aacute; mức hoặc l&acirc;u d&agrave;i do tia UV bức xạ. Khi đ&oacute; m&agrave;u sắc đ&aacute; c&oacute; thể phai m&agrave;u hoặc trở n&ecirc;n v&agrave;ng.</p>\r\n\r\n<p>- Tr&aacute;nh d&ugrave;ng tấm l&agrave;m mặt phẳng ngang lớn m&agrave; kh&ocirc;ng c&oacute; vật g&igrave; hỗ trợ. Với độ d&agrave;y 10mm th&igrave; phải d&ugrave;ng 2 tấm. Bề ngang c&agrave;ng giảm th&igrave; khả năng chịu tải c&agrave;ng lớn, dễ nứt vỡ.</p>\r\n\r\n<p>- Li&ecirc;n hệ ngay hotline:&nbsp;<strong>07.6669.8883</strong> để được tư vấn tốt nhất</p>\r\n', '2021-06-18', '1,2', 1, 'huong-dan-thi-cong-da-tu-nhien-xuyen-sang', 1),
(4, '4 nguyên tắc vàng bảo dưỡng sàn đá tự nhiên', '2021-06-19-13-46-43vuong.jpg', '2021-06-19-13-46-43dai.jpg', '<p>H&uacute;t bụi hoặc thường xuy&ecirc;n qu&eacute;t mặt nền đ&aacute;, nhất l&agrave; những nơi c&oacute; lượng người đi lại nhiều để tr&aacute;nh c&aacute;c hạt c&aacute;t g&acirc;y trầy sướt do ma s&aacute;t do đi lại</p>\r\n', '<p>H&uacute;t bụi hoặc thường xuy&ecirc;n qu&eacute;t mặt nền đ&aacute;, nhất l&agrave; những nơi c&oacute; lượng người đi lại nhiều để tr&aacute;nh c&aacute;c hạt c&aacute;t g&acirc;y trầy sướt do ma s&aacute;t đi lại.</p>\r\n\r\n<p><img alt=\"Vệ sinh nền nhà đá tự nhiên\" src=\"/uploads/images/ve-sinh-1.jpg\" style=\"height:635px; width:1000px\" /></p>\r\n\r\n<p>D&ugrave;ng nỉ hay khăn sạch lau mặt nền khi c&oacute; bụi hoặc vết bẩn b&aacute;m, c&oacute; thể d&ugrave;ng khăn ẩm (r&aacute;o nước) để lau, kh&ocirc;ng được để nước lau s&agrave;n dư đọng tr&ecirc;n bề mặt đ&aacute;. Khăn lau phải giặt sạch để tr&aacute;nh bụi bẩn tạo th&agrave;nh quầng v&agrave; phải lau kh&ocirc; ngay bằng khăn kh&ocirc; sạch.</p>\r\n\r\n<p><img alt=\"Chú ý khi vệ sinh sàn nhà tự nhiên\" src=\"/uploads/images/ve-sinh-3.jpg\" style=\"height:720px; width:960px\" /></p>\r\n\r\n<p>Đối với c&aacute;c vết bẩn b&aacute;m chắc c&oacute; thể d&ugrave;ng khăn ướt, acetone hay xăng thơm tẩy v&agrave; phải vừa tẩy vừa lau kh&ocirc; ngay. Nếu vết bẩn đ&oacute;ng d&agrave;y như kẹo cao su, keo, sơn &hellip; cần d&ugrave;ng dao cạo sạch trước, d&ugrave;ng acetone hay xăng tẩy những chỗ c&ograve;n s&oacute;t . Lưu &yacute; đ&acirc;y l&agrave; dung m&ocirc;i sẽ h&ograve;a tan sơn, keo c&oacute; thể l&agrave;m vết ngấm s&acirc;u v&agrave; lan rộng tr&ecirc;n bề mặt đ&aacute; nếu thiếu cẩn thận.</p>\r\n\r\n<p><img alt=\"Cách vệ sinh nền nhà đá tự nhiên\" src=\"/uploads/images/ve-sinh-2.jpg\" style=\"height:833px; width:1000px\" /></p>\r\n\r\n<p>T&ugrave;y theo mức độ sử dụng v&agrave; hư hỏng mặt đ&aacute;, cần c&oacute; chế độ đ&aacute;nh b&oacute;ng bảo tr&igrave; 6 th&aacute;ng hay 12 th&aacute;ng/lần hoặc c&oacute; thể l&acirc;u hơn nếu c&ocirc;ng t&aacute;c bảo dưỡng hằng ng&agrave;y thực hiện tốt.</p>\r\n\r\n<p><img alt=\"Chú ý vàng khi vệ sinh sàn nhà tự nhiên\" src=\"/uploads/images/ve-sinh-4.jpg\" style=\"height:719px; width:960px\" /></p>\r\n\r\n<p>H&atilde;y li&ecirc;n hệ với ALVA để nhận được tư vấn v&agrave; hỗ trợ tốt nhất việc bảo dưỡng s&agrave;n đ&aacute; tự nhi&ecirc;n cho c&ocirc;ng tr&igrave;nh của bạn.</p>\r\n', '2021-06-19', '1', 1, '4-nguyen-tac-vang-bao-duong-san-da-tu-nhien', 1),
(5, 'Đưa vẻ đẹp đá tự nhiên xuyên sáng vào công trình của bạn', '2021-06-21-08-32-09cong-trinh-vuong.jpg', '2021-06-21-08-32-09cong-trinh-dai.jpg', '<p>Đ&aacute; Marble - thạch anh tự nhi&ecirc;n xuy&ecirc;n s&aacute;ng t&iacute;ch tụ nhiều năng lượng c&oacute; t&aacute;c dụng trừ t&agrave; kh&iacute; v&agrave; đem lại may mắn, sức khỏe cho gia chủ.</p>\r\n', '<p>Đ&aacute; xuy&ecirc;n s&aacute;ng l&agrave; loại đ&aacute; thuộc d&ograve;ng đ&aacute; thạch anh, c&oacute; hoa văn đa dạng, m&agrave;u sắc tự nhi&ecirc;n bắt mắt. C&aacute;c v&acirc;n đ&aacute; được h&igrave;nh th&agrave;nh một c&aacute;ch ngẫu nhi&ecirc;n n&ecirc;n kh&ocirc;ng tồn tại hai vi&ecirc;n giống nhau. Dưới &aacute;nh s&aacute;ng mặt trời hay &aacute;nh s&aacute;ng đ&egrave;n, c&aacute;c đường v&acirc;n trở n&ecirc;n sắc n&eacute;t v&agrave; c&oacute; chiều s&acirc;u hơn, tạo ra những bức tranh với mảng m&agrave;u sắc độc đ&aacute;o đầy t&iacute;nh trừu tượng.</p>\r\n\r\n<p><img alt=\"Vẻ đẹp đá tự nhiên\" src=\"/uploads/images/cong-trinh-1.jpg\" style=\"height:1005px; width:1500px\" /></p>\r\n\r\n<p>Đ&aacute; xuy&ecirc;n s&aacute;ng tự nhi&ecirc;n đặc biệt tốt cho trang tr&iacute; nội thất: tranh đ&aacute;, cầu thang, ốp l&aacute;t nền, mặt tiền nh&agrave;...</p>\r\n\r\n<p><img alt=\"Đá tự nhiên ứng dụng vào công trình xây dựng\" src=\"/uploads/images/cong-trinh-2.jpg\" style=\"height:960px; width:1280px\" /></p>\r\n\r\n<p>Đ&aacute; Marble - thạch anh tự nhi&ecirc;n xuy&ecirc;n s&aacute;ng t&iacute;ch tụ nhiều năng lượng c&oacute; t&aacute;c dụng trừ t&agrave; kh&iacute; v&agrave; đem lại may mắn, sức khỏe cho gia chủ.</p>\r\n\r\n<p><img alt=\"Đá tự nhiên xuyên sáng tốt cho sức khỏe trong công trình xây dựng\" src=\"/uploads/images/cong-trinh-3.jpg\" style=\"height:960px; width:1280px\" /></p>\r\n\r\n<p>Đ&aacute; c&oacute; độ bền cao, tr&aacute;nh mối mọt ph&ugrave; hợp với kh&iacute; hậu n&oacute;ng ẩm của Việt Nam, tạo n&ecirc;n sự sang trọng, tinh tế, gần gũi thi&ecirc;n nhi&ecirc;n cho c&aacute;c c&ocirc;ng tr&igrave;nh.</p>\r\n\r\n<p><img alt=\"Đá tự nhiên kiểu dáng hình dòng sông\" src=\"/uploads/images/cong-trinh-7.jpg\" style=\"height:960px; width:1440px\" /></p>\r\n\r\n<p>Li&ecirc;n hệ ngay với ALVA để nhận tư vấn chi tiết về đ&aacute; xuy&ecirc;n s&aacute;ng cho c&ocirc;ng tr&igrave;nh của bạn, ch&uacute;ng t&ocirc;i tự tin cung cấp c&aacute;c sản phẩm đ&aacute; tự nhi&ecirc;n với chất lượng tốt nhất, mẫu m&atilde; đa dạng v&agrave; gi&aacute; cả cạnh tranh nhất!</p>\r\n', '2021-06-21', '1,2', 0, 'dua-ve-dep-da-tu-nhien-xuyen-sang-vao-cong-trinh-cua-ban', 1),
(6, 'Đá trắng muối tự nhiên Alva', '2021-06-21-08-55-41muoi-vuong.jpg', '2021-06-21-08-55-41muoi-dai.jpg', '<p>Đ&aacute; marble trắng muối hay c&ograve;n gọi l&agrave; tắt l&agrave; đ&aacute; trắng muối tự nhi&ecirc;n l&agrave; một loại đ&aacute; v&ocirc;i biến thể, được tạo th&agrave;nh trong qu&aacute; tr&igrave;nh kiến tạo của vỏ tr&aacute;i đất</p>\r\n', '<p>Đ&aacute; marble trắng muối hay c&ograve;n gọi l&agrave; tắt l&agrave; đ&aacute; trắng muối tự nhi&ecirc;n l&agrave; một loại đ&aacute; v&ocirc;i biến thể, được tạo th&agrave;nh trong qu&aacute; tr&igrave;nh kiến tạo của vỏ tr&aacute;i đất.</p>\r\n\r\n<p><img alt=\"Đá muối trắng tự nhiên Alva\" src=\"/uploads/images/muoi-trang-1.jpg\" style=\"height:960px; width:960px\" /></p>\r\n\r\n<p>Đ&aacute; marble trắng muối của ALVA được khai th&aacute;c tại mỏ đ&aacute; thuộc tỉnh Y&ecirc;n B&aacute;i. C&oacute; hai loại l&agrave; đ&aacute; trắng muối c&oacute; v&acirc;n v&agrave; đ&aacute; trắng muối kh&ocirc;ng c&oacute; v&acirc;n. Đ&aacute; c&oacute; m&agrave;u trắng tinh tế dễ d&agrave;ng phối m&agrave;u với c&aacute;c loại đ&aacute; hoa cương kh&aacute;c.</p>\r\n\r\n<p><img alt=\"Đá muối trắng ứng dụng trong công trình xây dựng\" src=\"/uploads/images/muoi-trang-3.png\" style=\"height:684px; width:1024px\" /></p>\r\n\r\n<p>Đ&aacute; c&oacute; độ bền cao, khả năng chịu nhiệt tốt, chống trầy xước, chống thấm, dễ d&agrave;ng vệ sinh với bề mặt nhẵn b&oacute;ng n&ecirc;n được sử dụng trong ốp l&aacute;t mặt tiền, cầu thang, mặt b&agrave;n bếp, ốp tường, quầy bar...</p>\r\n\r\n<p><img alt=\"Đá trắng muối được ứng dụng trong không gian nội thất\" src=\"/uploads/images/muoi-trang-2.jpg\" style=\"height:960px; width:960px\" /></p>\r\n\r\n<p>Li&ecirc;n hệ ngay với ALVA để c&oacute; được sự lựa chọn ph&ugrave; hợp nhất cho c&ocirc;ng tr&igrave;nh của bạn!</p>\r\n', '2021-06-21', '1,2', 0, 'da-trang-muoi-tu-nhien-alva', 1),
(7, 'Đá xuyên sáng tự nhiên Hải Phòng', '2021-06-28-10-27-05da-hp.jpg', '2021-06-28-10-27-05da-alva-hp.png', '<p>C&ocirc;ng ty TNHH ALVA l&agrave; Đơn vị khai th&aacute;c đ&aacute; tự nhi&ecirc;n. Từ việc cung cấp, ph&acirc;n phối đ&aacute;, tư vấn sản phẩm, thiết kế, đến gia c&ocirc;ng sản xuất, thi c&ocirc;ng lắp đặt ho&agrave;n thiện. Với đội ngũ nh&acirc;n sự chuy&ecirc;n nghiệp gồm c&aacute;c kỹ sư thiết kế &amp; thi c&ocirc;ng c&oacute; bề d&agrave;y kinh nghiệm, đội ngũ c&ocirc;ng nh&acirc;n l&agrave;nh nghề, trang thiết bị m&aacute;y m&oacute;c, nh&agrave; xưởng hiện đại</p>\r\n', '<p>C&ocirc;ng ty TNHH ALVA l&agrave; Đơn vị khai th&aacute;c đ&aacute; tự nhi&ecirc;n. Từ việc cung cấp, ph&acirc;n phối đ&aacute;, tư vấn sản phẩm, thiết kế, đến gia c&ocirc;ng sản xuất, thi c&ocirc;ng lắp đặt ho&agrave;n thiện. Với đội ngũ nh&acirc;n sự chuy&ecirc;n nghiệp gồm c&aacute;c kỹ sư thiết kế &amp; thi c&ocirc;ng c&oacute; bề d&agrave;y kinh nghiệm, đội ngũ c&ocirc;ng nh&acirc;n l&agrave;nh nghề, trang thiết bị m&aacute;y m&oacute;c, nh&agrave; xưởng hiện đại</p>\r\n\r\n<p><img alt=\"Alva khai thác đá tự nhiên xuyên sáng\" src=\"/uploads/images/mo-da-alva.jpg\" style=\"height:720px; width:960px\" /></p>\r\n\r\n<p>ALVA đ&atilde; v&agrave; đang l&agrave; một trong những đơn vị h&agrave;ng đầu l&agrave;m h&agrave;i l&ograve;ng kh&aacute;ch h&agrave;ng về chất lượng, kỹ thuật, mỹ thuật. Bằng năng lực v&agrave; t&acirc;m huyết nghề nghiệp c&ugrave;ng sự cầu thị, ALVA đ&atilde; nhận được sự t&iacute;n nhiệm của nhiều kh&aacute;ch h&agrave;ng tr&ecirc;n cả nước với những dự &aacute;n, c&ocirc;ng tr&igrave;nh từ đơn giản tới cầu kỳ, phức tạp, đ&ograve;i hỏi những ti&ecirc;u ch&iacute; cao nhất. ALVA cam kết mang đến cho kh&aacute;ch h&agrave;ng c&aacute;c sản phẩm về đ&aacute; với chất lượng tốt nhất bằng ch&iacute;nh sự tr&acirc;n trọng, niềm vui v&agrave; tr&aacute;ch nhiệm của m&igrave;nh với kh&aacute;ch h&agrave;ng</p>\r\n\r\n<p><img alt=\"Alva thi công công trình đá xuyên sáng tự nhiên\" src=\"/uploads/images/12.jpg\" style=\"height:522px; width:800px\" /></p>\r\n\r\n<p>ALVA lu&ocirc;n cam kết cung cấp đ&aacute; Marble &ndash; thạch anh tự nhi&ecirc;n xuy&ecirc;n s&aacute;ng với chất lượng tốt nhất, gi&aacute; cả cạnh tranh, hỗ trợ kh&aacute;ch h&agrave;ng nhiệt t&igrave;nh, lu&ocirc;n đặt chất lượng sản phẩm l&ecirc;n h&agrave;ng đầu. Với mỏ đ&aacute; c&oacute; trữ lượng lớn, với hệ thống đại l&yacute; tr&ecirc;n to&agrave;n Quốc. Li&ecirc;n hệ với ch&uacute;ng t&ocirc;i ngay h&ocirc;m nay để nhận được b&aacute;o gi&aacute; tốt nhất cho bạn, sẵn s&agrave;ng tư vấn bất k&igrave; thời gian n&agrave;o cho qu&yacute; kh&aacute;ch</p>\r\n', '2021-06-28', '1', 0, 'da-xuyen-sang-tu-nhien-hai-phong', 1),
(8, 'Tranh đá tự nhiên xuyên sáng điểm nhấn không gian nội thất', '2021-06-28-15-17-04tranh-da-vuong.jpg', '2021-06-28-15-17-04tranh-da-dai.jpg', '<p>Thiết kế lạ, độc đ&aacute;o, kết hợp với &aacute;nh s&aacute;ng đ&egrave;n mang đến vẻ đẹp độc đ&aacute;o cho bức tranh tạo sự kh&aacute;c biệt căn ph&ograve;ng trở n&ecirc;n sang trọng, ấm c&uacute;ng</p>\r\n', '<p>Thiết kế lạ, độc đ&aacute;o, kết hợp với &aacute;nh s&aacute;ng đ&egrave;n mang đến vẻ đẹp độc đ&aacute;o cho bức tranh tạo sự kh&aacute;c biệt căn ph&ograve;ng trở n&ecirc;n sang trọng, ấm c&uacute;ng</p>\r\n\r\n<p><img alt=\"Tranh đá tự nhiên xuyên sáng trong nội thất\" src=\"/uploads/images/tranh-da-noi-that-1.jpg\" style=\"height:640px; width:960px\" /></p>\r\n\r\n<p>Chất v&acirc;n tạo n&ecirc;n h&igrave;nh th&ugrave; trừu tượng, h&igrave;nh d&aacute;ng độc đ&aacute;o</p>\r\n\r\n<p><img alt=\"Tranh đá tự nhiên xuyên sáng\" src=\"/uploads/images/1.jpg\" style=\"height:521px; width:800px\" /></p>\r\n\r\n<p>C&ocirc;ng ty TNHH ALVA l&agrave; Đơn vị khai th&aacute;c đ&aacute; tự nhi&ecirc;n. Từ việc cung cấp, ph&acirc;n phối đ&aacute;, tư vấn sản phẩm, thiết kế, đến gia c&ocirc;ng sản xuất, thi c&ocirc;ng lắp đặt ho&agrave;n thiện. Với đội ngũ nh&acirc;n sự chuy&ecirc;n nghiệp gồm c&aacute;c kỹ sư thiết kế &amp; thi c&ocirc;ng c&oacute; bề d&agrave;y kinh nghiệm, đội ngũ c&ocirc;ng nh&acirc;n l&agrave;nh nghề, trang thiết bị m&aacute;y m&oacute;c, nh&agrave; xưởng hiện đại</p>\r\n\r\n<p><img alt=\"Tranh đá tự nhiên Alva\" src=\"/uploads/images/ve-sinh-1.jpg\" style=\"height:635px; width:1000px\" /></p>\r\n', '2021-06-28', '2', 0, 'tranh-da-tu-nhien-xuyen-sang-diem-nhan-khong-gian-noi-that', 2),
(9, 'Vì sao nên lựa chọn đá Marble đen tia chớp cho công trình của bạn', '2021-06-28-15-24-21den-tia-chop-vuong.jpg', '2021-06-28-15-24-21den-tia-chop-dai.jpg', '<p>Đ&aacute; Marble đen chia chớp l&agrave; sự kết hợp giữa m&agrave;u đen huyền b&iacute; của bầu trời đ&ecirc;m v&agrave; c&aacute;c đường v&acirc;n trắng mạnh mẽ như những tia chớp s&aacute;ng rực. Sự kết hợp tinh tế n&agrave;y khiến mọi kh&ocirc;ng gian trở n&ecirc;n cuốn h&uacute;t, độc đ&aacute;o v&agrave; tr&agrave;n đầy năng lượng</p>\r\n', '<p>Đ&uacute;ng như t&ecirc;n gọi của m&igrave;nh, đ&aacute; Marble <a href=\"https://daxuyensang.vn/da-den-tia-chop\">đen chia chớp</a> l&agrave; sự kết hợp giữa m&agrave;u đen huyền b&iacute; của bầu trời đ&ecirc;m v&agrave; c&aacute;c đường v&acirc;n trắng mạnh mẽ như những tia chớp s&aacute;ng rực. Sự kết hợp tinh tế n&agrave;y khiến mọi kh&ocirc;ng gian trở n&ecirc;n cuốn h&uacute;t, độc đ&aacute;o v&agrave; tr&agrave;n đầy năng lượng.</p>\r\n\r\n<p><img alt=\"Đá đen tia chớp trong công trình xây dựng\" src=\"/uploads/images/tia-chop-vach.jpg\" style=\"height:960px; width:1440px\" /></p>\r\n\r\n<p>L&agrave; một loại đ&aacute; cẩm thạch tự nhi&ecirc;n c&oacute; cấu tạo từ loại đ&aacute; v&ocirc;i biến thể, đ&aacute; đen tia chớp c&oacute; độ bền v&agrave; cứng vượt trội hơn hẳn so với c&aacute;c loại đ&aacute; Marble kh&aacute;c. Ch&uacute;ng c&oacute; khả năng chống thấm, chống ẩm tốt, gi&uacute;p c&ocirc;ng t&aacute;c lau ch&ugrave;i vệ sinh dễ d&agrave;ng, tiện lợi.</p>\r\n\r\n<p><img alt=\"Cầu thăng sử dụng đá đen tia chớp\" src=\"/uploads/images/tia-chop-cau-thang.jpg\" style=\"height:1200px; width:756px\" /></p>\r\n\r\n<p>Ngo&agrave;i ra, đ&aacute; đen tia chớp c&ograve;n l&agrave; vật liệu chống ch&aacute;y, c&aacute;ch &acirc;m rất tốt nhờ bề mặt đ&aacute; d&agrave;y, cấu tạo k&iacute;n. Khi được đ&aacute;nh b&oacute;ng v&agrave; vệ sinh đ&uacute;ng c&aacute;ch, độ b&oacute;ng của đ&aacute; khồng hề giảm theo thời gian, m&agrave; c&agrave;ng to&aacute;t l&ecirc;n vẻ đẹp. Ch&iacute;nh v&igrave; vậy đ&aacute; đen tia chớp rất được ưa chuộng sử dụng tại c&aacute;c hạng mục l&aacute;t s&agrave;n, cầu thang, ốp tường&hellip; Đặc biệt l&agrave; những c&ocirc;ng tr&igrave;nh kiến tr&uacute;c lớn như nh&agrave; h&agrave;ng, kh&aacute;ch sạn, biệt thự&hellip;</p>\r\n\r\n<p><img alt=\"Quầy kệ với thiết kế đá đen tia chớp\" src=\"/uploads/images/tia-chop-quay.jpg\" style=\"height:600px; width:920px\" /></p>\r\n\r\n<p>M&agrave;u đen của đ&aacute; Marble đen tia chớp thuộc mệnh thủy, t&iacute;nh dịu, mang &yacute; nghĩa huyền b&iacute;, đại diện cho sự tinh tế, giữ g&igrave;n năng lượng của quyền uy v&agrave; sự an to&agrave;n. Nếu bạn l&agrave; người mệnh kim hay mệnh thuỷ - 2 cung mệnh đại diện cho sức mạnh v&agrave; quyền năng v&ocirc; hạn, việc sử dụng m&agrave;u đen một c&aacute;ch hợp l&yacute; sẽ mang đến những vận t&agrave;i, may mắn trong c&ocirc;ng danh, t&igrave;nh y&ecirc;u v&agrave; hạnh ph&uacute;c trong cuộc sống.</p>\r\n\r\n<p><img alt=\"Đá đen tia chớp ứng dụng làm cầu thang trong xây dựng\" src=\"/uploads/images/tia-chop-cau-thang-2.jpg\" style=\"height:1110px; width:760px\" /></p>\r\n\r\n<p>Qu&yacute; kh&aacute;ch đang quan t&acirc;m đến đ&aacute; Marble đen tia chớp h&atilde;y li&ecirc;n hệ ngay với ALVA để nhận được tư vấn tốt nhất cho c&ocirc;ng tr&igrave;nh của bạn!</p>\r\n', '2021-06-28', '1', 0, 'vi-sao-nen-lua-chon-da-marble-den-tia-chop-cho-cong-trinh-cua-ban', 2),
(10, 'Tại sao nên sử dụng đá xuyên sáng tự nhiên để lát nền', '2021-06-28-16-16-30lat-vuong.jpg', '2021-06-28-16-16-30lat-dai.jpg', '<p>Đ&aacute; xuy&ecirc;n s&aacute;ng tự nhi&ecirc;n c&oacute;&nbsp;c&aacute;c đường v&acirc;n chi tiết tự nhi&ecirc;n tạo ra sự độc đ&aacute;o, tr&aacute;nh nh&agrave;m ch&aacute;n, độ s&aacute;ng b&oacute;ng ấn tượng của đ&aacute; sẽ mang đến cảm gi&aacute;c sạch sẽ, hiện đại thanh lịch m&agrave; kh&oacute; c&oacute; loại đ&aacute; n&agrave;o c&oacute; thể so s&aacute;nh</p>\r\n', '<p>Nếu được hỏi đ&acirc;u l&agrave; d&ograve;ng đ&aacute; được sử dụng cho c&aacute;c c&ocirc;ng tr&igrave;nh cần đến sự sang trọng, trang nh&atilde; như ph&ograve;ng kh&aacute;ch hay sảnh chờ kh&aacute;ch sạn th&igrave; c&acirc;u trả lời ch&iacute;nh l&agrave; đ&aacute; Marble tự nhi&ecirc;n.</p>\r\n\r\n<p><img alt=\"Đá tự nhiên ứng dụng lát nền trong công trình xây dựng\" src=\"/uploads/images/lat-nen-tu-nhien-1.jpg\" style=\"height:1005px; width:1500px\" /></p>\r\n\r\n<p>Đ&aacute; c&oacute; c&aacute;c đường v&acirc;n chi tiết tự nhi&ecirc;n tạo ra sự độc đ&aacute;o, tr&aacute;nh nh&agrave;m ch&aacute;n, độ s&aacute;ng b&oacute;ng ấn tượng của đ&aacute; sẽ mang đến cảm gi&aacute;c sạch sẽ, hiện đại thanh lịch m&agrave; kh&oacute; c&oacute; loại đ&aacute; n&agrave;o c&oacute; thể so s&aacute;nh.</p>\r\n\r\n<p><img alt=\"Đá tự nhiên lát nền\" src=\"/uploads/images/lat-nen-tu-nhien-2.jpg\" style=\"height:960px; width:1152px\" /></p>\r\n\r\n<p>Sử dụng đ&aacute; tự nhi&ecirc;n để l&aacute;t nền sẽ x&oacute;a nh&ograve;a được c&aacute;c vết nối, nền nh&agrave; trở l&ecirc;n xuy&ecirc;n suốt kh&ocirc;ng đường ron trắng lộ liễu, tạo cảm gi&aacute;c kh&ocirc;ng gian được mở rộng.</p>\r\n\r\n<p><img alt=\"Đá tự nhiên tạo nên nét tinh tế sang trọng trong xây dựng\" src=\"/uploads/images/lat-nen-tu-nhien-3.jpg\" style=\"height:960px; width:1480px\" /></p>\r\n\r\n<p>Đ&aacute; tự nhi&ecirc;n c&oacute; độ bền cao, bề mặt dễ d&agrave;ng vệ sinh lau ch&ugrave;i, thời gian sử dụng l&acirc;u d&agrave;i gi&uacute;p giảm thiểu chi ph&iacute; khi thi c&ocirc;ng c&aacute;c c&ocirc;ng tr&igrave;nh lớn.</p>\r\n\r\n<p><img alt=\"Nét đẹp đá tự nhiên trong công trình xây dựng\" src=\"/uploads/images/lat-nen-tu-nhien-4.jpg\" style=\"height:960px; width:1280px\" /></p>\r\n\r\n<p>Để hiểu r&otilde; hơn về ứng dụng của đ&aacute; tự nhi&ecirc;n trong ốp l&aacute;t nền, h&atilde;y li&ecirc;n hệ ngay với ch&uacute;ng t&ocirc;i - ALVA chuy&ecirc;n cung cấp đ&aacute; tự nhi&ecirc;n với mẫu m&atilde; đa dạng v&agrave; tư vấn giải ph&aacute;p thi c&ocirc;ng cho c&ocirc;ng tr&igrave;nh của bạn!</p>\r\n', '2021-06-28', '1,2', 0, 'tai-sao-nen-su-dung-da-xuyen-sang-tu-nhien-de-lat-nen', 2),
(11, 'Tranh đá tự nhiên xuyên sáng - Vẻ đẹp kỳ bí từ thiên nhiên', '2021-06-29-08-35-58ky-bi-vuong.jpg', '2021-06-29-08-35-58ky-bi-dai.jpg', '<p>Trong một kh&ocirc;ng gian lu&ocirc;n cần những điểm nhấn đặc biệt giống như những n&eacute;t chấm ph&aacute; trong một bức tranh, đ&aacute; tự nhi&ecirc;n xuy&ecirc;n s&aacute;ng l&agrave; một lựa chọn hết sức tinh tế để tạo n&ecirc;n sự kh&aacute;c biệt</p>\r\n', '<p>Một kh&ocirc;ng gian đầy s&aacute;ng tạo, chắc chắn kh&ocirc;ng thể thiếu một loại vật liệu trang tr&iacute; mới lạ. Tranh đ&aacute; tự nhi&ecirc;n xuy&ecirc;n s&aacute;ng ch&iacute;nh l&agrave; l&agrave;n gi&oacute; mới m&agrave; rất nhiều c&aacute;c kiến tr&uacute;c sư ưa chuộng để tạo n&ecirc;n n&eacute;t đặc biệt, sự nổi bật, ch&uacute;t xa hoa v&agrave; sự tinh tế cho kh&ocirc;ng gian sống của c&aacute;c c&ocirc;ng tr&igrave;nh biệt thự hay l&acirc;u đ&agrave;i.</p>\r\n\r\n<p><img alt=\"Tranh đá tự nhiên vẻ đẹp kỳ bí\" src=\"/uploads/images/ky-bi-1.jpg\" style=\"height:603px; width:859px\" /></p>\r\n\r\n<p>Mỗi vi&ecirc;n đ&aacute; tự nhi&ecirc;n xuy&ecirc;n s&aacute;ng được cắt ra đều l&agrave; duy nhất, chất v&acirc;n c&oacute; một kh&ocirc;ng hai. Chất v&acirc;n tự nhi&ecirc;n tr&ecirc;n từng vi&ecirc;n đ&aacute; l&uacute;c mềm mại như những n&eacute;t chấm ph&aacute; trong bức tranh thủy mặc, khi lại c&oacute; sắc th&aacute;i độc đ&aacute;o, trừu tượng.</p>\r\n\r\n<p><img alt=\"Đá tự nhiên xuyên sáng ứng dụng tranh đá trong công trình xây dựng\" src=\"/uploads/images/ky-bi-2.jpg\" style=\"height:1031px; width:1280px\" /></p>\r\n\r\n<p>Tranh đ&aacute; tự nhi&ecirc;n xuy&ecirc;n s&aacute;ng thường l&agrave; tranh gh&eacute;p đối xứng 2 tấm, sự phối trộn h&agrave;i h&ograve;a về m&agrave;u sắc, ấn tượng trong từng đường v&acirc;n, nghệ nh&acirc;n thi&ecirc;n nhi&ecirc;n đ&atilde; vẽ n&ecirc;n những bức tranh đầy b&iacute; ẩn lu&ocirc;n khiến người xem phải tưởng tượng h&igrave;nh dung.</p>\r\n\r\n<p><img alt=\"Tranh đá tự nhiên xuyên sáng nét đẹp tinh tế trong công trình xây dựng\" src=\"/uploads/images/ky-bi-3.jpg\" style=\"height:800px; width:1200px\" /></p>\r\n\r\n<p>Trong một kh&ocirc;ng gian lu&ocirc;n cần những điểm nhấn đặc biệt giống như những n&eacute;t chấm ph&aacute; trong một bức tranh, đ&aacute; tự nhi&ecirc;n xuy&ecirc;n s&aacute;ng l&agrave; một lựa chọn hết sức tinh tế để tạo n&ecirc;n sự kh&aacute;c biệt.</p>\r\n', '2021-06-29', '1,2', 0, 'tranh-da-tu-nhien-xuyen-sang-ve-dep-ky-bi-tu-thien-nhien', 2),
(12, 'Đá tự nhiên xuyên sáng Alva - Tinh hoa Đá Việt', '2021-06-29-17-02-17tinh-hoa-vuong.jpg', '2021-06-29-17-02-17tinh-hoa-dai.jpg', '<p>C&ocirc;ng ty TNHH Alva Tự h&agrave;o mang đến cho c&ocirc;ng tr&igrave;nh kiến tr&uacute;c của bạn n&eacute;t đặc trưng của tự nhi&ecirc;n v&agrave; t&iacute;nh thẩm mỹ cho to&agrave;n bộ kh&ocirc;ng gian sống</p>\r\n', '<p>ALVA - Tinh Hoa Đ&aacute; Việt - Tự h&agrave;o mang đến cho c&ocirc;ng tr&igrave;nh kiến tr&uacute;c của bạn n&eacute;t đặc trưng của tự nhi&ecirc;n v&agrave; t&iacute;nh thẩm mỹ cho to&agrave;n bộ kh&ocirc;ng gian sống</p>\r\n\r\n<p><img alt=\"Đá xuyên sáng Alva Tinh hoa đá Việt\" src=\"/uploads/images/tinh-hoa-1.jpg\" style=\"height:1200px; width:1200px\" /></p>\r\n\r\n<p>C&ocirc;ng ty TNHH ALVA l&agrave; đơn vị h&agrave;ng đầu trong lĩnh vực khai th&aacute;c đ&aacute; trang tr&iacute; tự nhi&ecirc;n. ALVA lu&ocirc;n cam kết cung cấp đ&aacute; Marble - thạch anh tự nhi&ecirc;n xuy&ecirc;n s&aacute;ng với chất lượng tốt nhất, mẫu m&atilde; đa dạng v&agrave; gi&aacute; cả cạnh tranh nhất</p>\r\n\r\n<p><img alt=\"Đá tự nhiên xuyên sáng\" src=\"/uploads/images/cong-trinh-3.jpg\" style=\"height:960px; width:1280px\" /></p>\r\n\r\n<p>ALVA với đội ngũ nh&acirc;n sự chuy&ecirc;n nghiệp gồm c&aacute;c kỹ sư thiết kế v&agrave; thi c&ocirc;ng c&oacute; bề d&agrave;y kinh nghiệm, c&ugrave;ng trang thiết bị m&aacute;y m&oacute;c v&agrave; nh&agrave; xưởng hiện đại, ch&uacute;ng t&ocirc;i đ&atilde; nhận được sự t&iacute;n nhiệm của nhiều kh&aacute;ch h&agrave;ng tr&ecirc;n to&agrave;n quốc với những dự &aacute;n, c&ocirc;ng tr&igrave;nh từ đơn giản tới phức tạp, đ&ograve;i hỏi những ti&ecirc;u ch&iacute; cao nhất</p>\r\n\r\n<p><img alt=\"Đá tự nhiên xuyên sáng đẹp tinh tế trong không gian thiết kế\" src=\"/uploads/images/1.jpg\" style=\"height:521px; width:800px\" /></p>\r\n\r\n<p>Với mỏ đ&aacute; c&oacute; trữ lượng lớn c&ugrave;ng hệ thống đại l&yacute; c&oacute; mặt tại nhiều th&agrave;nh phố lớn như: H&agrave; Nội, Hải Ph&ograve;ng, Đ&agrave; Nẵng, Nha Trang... ALVA cam kết mang đến cho kh&aacute;ch h&agrave;ng c&aacute;c sản phẩm về đ&aacute; tự nhi&ecirc;n với chất lượng tốt nhất bằng ch&iacute;nh sự tr&acirc;n trọng, niềm vui v&agrave; tr&aacute;ch nhiệm của m&igrave;nh với kh&aacute;ch h&agrave;ng</p>\r\n\r\n<p><img alt=\"Mỏ khai thác đá tự nhiên xuyên sáng\" src=\"/uploads/images/mo-da-alva.jpg\" style=\"height:720px; width:960px\" /></p>\r\n\r\n<p>Li&ecirc;n hệ với ALVA ngay h&ocirc;m nay để nhận được b&aacute;o gi&aacute; tốt nhất, ch&uacute;ng t&ocirc;i sẵn s&agrave;ng tư vấn bất k&igrave; thời gian n&agrave;o cho qu&yacute; kh&aacute;ch</p>\r\n', '2021-06-29', '1', 1, 'da-tu-nhien-xuyen-sang-alva-tinh-hoa-da-viet', 1),
(13, 'Đặc tính đá tự nhiên xuyên sáng', '2021-06-30-16-03-20uu-diem-vuong.jpg', '2021-06-30-16-03-20uu-diem-dai.jpg', '<p>Từ h&agrave;ng trăm triệu năm trước, những d&ograve;ng nham thạch n&oacute;ng từ l&otilde;i của đất phun tr&agrave;o qua những miệng n&uacute;i lửa khổng lồ, khi gặp kh&ocirc;ng kh&iacute; lạnh b&ecirc;n ngo&agrave;i, bề mặt của ch&uacute;ng sẽ dần nguội đi v&agrave; se lại, tạo n&ecirc;n lớp vỏ tr&aacute;i đất. Theo thời gian phần l&otilde;i b&ecirc;n trong vẫn t&iacute;ch tụ năng lượng v&agrave; &acirc;m &iacute;t cảy cho đến khi nguội hẳn</p>\r\n', '<h2>Đ&aacute; xuy&ecirc;n s&aacute;ng l&agrave; g&igrave;</h2>\r\n\r\n<p>Đ&aacute; marble cẩm thạch thạch anh xuy&ecirc;n s&aacute;ng&nbsp;được cấu&nbsp;tạo từ những loại đ&aacute; qu&yacute; hiếm, c&oacute; khả năng bắt s&aacute;ng tốt như Onyx, Granit,&hellip; Từ h&agrave;ng trăm triệu năm trước, những d&ograve;ng nham thạch n&oacute;ng từ l&otilde;i của đất phun tr&agrave;o qua những miệng n&uacute;i lửa khổng lồ, khi gặp kh&ocirc;ng kh&iacute; lạnh b&ecirc;n ngo&agrave;i, bề mặt của ch&uacute;ng sẽ dần nguội đi v&agrave; se lại, tạo n&ecirc;n lớp vỏ tr&aacute;i đất. Theo thời gian phần l&otilde;i b&ecirc;n trong vẫn t&iacute;ch tụ năng lượng v&agrave; &acirc;m ỉ&nbsp;chảy cho đến khi nguội hẳn. Sản phẩm cuối c&ugrave;ng sẽ l&agrave; những khối đặc vẫn c&ograve;n giữ nguy&ecirc;n m&agrave;u sắc như lửa. Trải qua h&agrave;ng tri&ecirc;u năm sau đ&oacute;, c&aacute;c lớp kho&aacute;ng chất kết tủa bắt đầu biến đổi, loang ra th&agrave;nh từng vệt c&oacute; độ d&agrave;y từ v&agrave;i micromet đến v&agrave;i milimet, tạo th&agrave;nh những lớp v&acirc;n tr&ecirc;n đ&aacute; tự nhi&ecirc;n m&agrave; tuyệt đẹp. Cũng ch&iacute;nh v&igrave; thế m&agrave; kh&ocirc;ng tồn tại&nbsp;bất kỳ 2 vi&ecirc;n đ&aacute; xuy&ecirc;n s&aacute;ng tự nhi&ecirc;n onyx n&agrave;o giống nhau cả.</p>\r\n\r\n<p><img alt=\"Ưu điểm đá xuyên sáng\" src=\"/uploads/images/dac-diem-da-xuyen-sang-1.jpg\" style=\"height:521px; width:800px\" /></p>\r\n\r\n<h2>Ưu điểm của đ&aacute; xuy&ecirc;n s&aacute;ng</h2>\r\n\r\n<p>Đ&aacute; xuy&ecirc;n s&aacute;ng&nbsp;c&oacute;&nbsp;khả năng xuy&ecirc;n s&aacute;ng đặc biệt m&agrave; kh&ocirc;ng bất k&igrave; loại đ&aacute; n&agrave;o c&oacute; thể c&oacute; được. B&ecirc;n cạnh đ&oacute;, kh&ocirc;ng giống như c&aacute;c loại đ&aacute; kh&aacute;c, thường c&oacute; m&agrave;u sắc trầm t&iacute;nh, trung t&iacute;nh. Đ&aacute; xuy&ecirc;n s&aacute;ng&nbsp;mang trong m&igrave;nh m&agrave;u sắc tươi s&aacute;ng, kết hợp với v&acirc;n đ&aacute; đa sắc.&nbsp;</p>\r\n\r\n<p><img alt=\"Đá xuyên sáng ứng dụng trong trang trí nội thất\" src=\"/uploads/images/dac-diem-da-xuyen-sang-2.jpg\" style=\"height:521px; width:800px\" /></p>\r\n\r\n<p>Đ&aacute; xuy&ecirc;n s&aacute;ng&nbsp;c&oacute; đặc điểm nổi bật đ&oacute; l&agrave; c&oacute; thể uốn cong.&nbsp;V&igrave; vậy, ch&uacute;ng ho&agrave;n to&agrave;n c&oacute; thể đ&aacute;p ứng được khả năng s&aacute;ng tạo tuyệt vời của c&aacute;c c&ocirc;ng tr&igrave;nh kiến tr&uacute;c c&oacute; t&iacute;nh thẩm mỹ cao. Từ những mảng ốp đại sảnh cho đến đường cong uốn lượn mềm mại.</p>\r\n\r\n<p><img alt=\"Đá xuyên sáng tự nhiên Alva\" src=\"/uploads/images/cong-trinh-2.jpg\" style=\"height:960px; width:1280px\" /></p>\r\n\r\n<p>Đ&aacute; xuy&ecirc;n s&aacute;ng c&oacute; khả năng chống thấm, chống ẩm rất tốt, &iacute;t bị b&aacute;m bụi gi&uacute;p&nbsp;việc vệ sinh rất dễ d&agrave;ng.&nbsp;</p>\r\n\r\n<h2>Nhược điểm của đ&aacute; xuy&ecirc;n s&aacute;ng</h2>\r\n\r\n<p>Ngo&agrave;i những ưu điểm tốt được n&oacute;i đến ở tr&ecirc;n, đ&aacute; xuy&ecirc;n s&aacute;ng cũng c&oacute; nhược điểm đ&oacute; l&agrave; ch&uacute;ng c&oacute; đặc t&iacute;nh mềm gi&ograve;n, dễ vỡ, v&agrave; rạn nứt theo v&acirc;n.&nbsp;<br />\r\n&nbsp;</p>\r\n', '2021-06-30', '2', 0, 'dac-tinh-da-tu-nhien-xuyen-sang', 2),
(14, 'Đá xuyên sáng Hải Phòng', '2021-07-01-16-46-24da-hp.jpg', '2021-07-01-16-46-24da-hp-dai.jpg', '<p>C&ocirc;ng ty TNHH ALVA l&agrave; Đơn vị khai th&aacute;c đ&aacute; tự nhi&ecirc;n. Từ việc cung cấp, ph&acirc;n phối đ&aacute;, tư vấn sản phẩm, thiết kế, đến gia c&ocirc;ng sản xuất, thi c&ocirc;ng lắp đặt ho&agrave;n thiện. Với đội ngũ nh&acirc;n sự chuy&ecirc;n nghiệp gồm c&aacute;c kỹ sư thiết kế &amp; thi c&ocirc;ng c&oacute; bề d&agrave;y kinh nghiệm, đội ngũ c&ocirc;ng nh&acirc;n l&agrave;nh nghề, trang thiết bị m&aacute;y m&oacute;c, nh&agrave; xưởng hiện đại</p>\r\n', '<h2>Đ&aacute; xuy&ecirc;n s&aacute;ng Alva</h2>\r\n\r\n<p>ALVA đ&atilde; v&agrave; đang l&agrave; một trong những đơn vị h&agrave;ng đầu l&agrave;m h&agrave;i l&ograve;ng kh&aacute;ch h&agrave;ng về chất lượng, kỹ thuật, mỹ thuật. Bằng năng lực v&agrave; t&acirc;m huyết nghề nghiệp c&ugrave;ng sự cầu thị, ALVA đ&atilde; nhận được sự t&iacute;n nhiệm của nhiều kh&aacute;ch h&agrave;ng tr&ecirc;n cả nước với những dự &aacute;n, c&ocirc;ng tr&igrave;nh từ đơn giản tới cầu kỳ, phức tạp, đ&ograve;i hỏi những ti&ecirc;u ch&iacute; cao nhất. ALVA cam kết mang đến cho kh&aacute;ch h&agrave;ng c&aacute;c sản phẩm về đ&aacute; với chất lượng tốt nhất bằng ch&iacute;nh sự tr&acirc;n trọng, niềm vui v&agrave; tr&aacute;ch nhiệm của m&igrave;nh với kh&aacute;ch h&agrave;ng</p>\r\n\r\n<p><img alt=\"Alva khai thác đá tự nhiên xuyên sáng\" src=\"https://daxuyensang.vn/uploads/images/mo-da-alva.jpg\" /></p>\r\n\r\n<p>C&ocirc;ng ty TNHH ALVA l&agrave; Đơn vị khai th&aacute;c đ&aacute; tự nhi&ecirc;n. Từ việc cung cấp, ph&acirc;n phối đ&aacute;, tư vấn sản phẩm, thiết kế, đến gia c&ocirc;ng sản xuất, thi c&ocirc;ng lắp đặt ho&agrave;n thiện. Với đội ngũ nh&acirc;n sự chuy&ecirc;n nghiệp gồm c&aacute;c kỹ sư thiết kế &amp; thi c&ocirc;ng c&oacute; bề d&agrave;y kinh nghiệm, đội ngũ c&ocirc;ng nh&acirc;n l&agrave;nh nghề, trang thiết bị m&aacute;y m&oacute;c, nh&agrave; xưởng hiện đại</p>\r\n\r\n<p><img alt=\"Alva thi công công trình đá xuyên sáng tự nhiên\" src=\"https://daxuyensang.vn/uploads/images/12.jpg\" /></p>\r\n\r\n<p>ALVA lu&ocirc;n cam kết cung cấp đ&aacute; Marble &ndash; thạch anh tự nhi&ecirc;n xuy&ecirc;n s&aacute;ng với chất lượng tốt nhất, gi&aacute; cả cạnh tranh, hỗ trợ kh&aacute;ch h&agrave;ng nhiệt t&igrave;nh, lu&ocirc;n đặt chất lượng sản phẩm l&ecirc;n h&agrave;ng đầu. Với mỏ đ&aacute; c&oacute; trữ lượng lớn, với hệ thống đại l&yacute; tr&ecirc;n to&agrave;n Quốc. Li&ecirc;n hệ với ch&uacute;ng t&ocirc;i ngay h&ocirc;m nay để nhận được b&aacute;o gi&aacute; tốt nhất cho bạn, sẵn s&agrave;ng tư vấn bất k&igrave; thời gian n&agrave;o cho qu&yacute; kh&aacute;ch</p>\r\n', '2021-07-01', '1', 1, 'da-xuyen-sang-hai-phong', 1),
(15, 'Tranh đá xuyên sáng', '2021-07-01-17-09-31tranh-da-vuong.jpg', '2021-07-01-17-09-31tranh-da-dai.jpg', '<p>Tranh đ&aacute; xuy&ecirc;n s&aacute;ng tự nhi&ecirc;n Alva tạo điểm nhấn v&agrave; mang lại n&eacute;t độc đ&aacute;o cho kh&ocirc;ng gian ph&ograve;ng kh&aacute;ch, sảnh kh&aacute;ch sạn, quầy bar&hellip; Alva Stone đơn vị khai th&aacute;c đ&aacute; tự nhi&ecirc;n, cung cấp, ph&acirc;n phối đ&aacute; tr&ecirc;n to&agrave;n Quốc. Alva Stone cung cấp đ&aacute; xuy&ecirc;n s&aacute;ng tự nhi&ecirc;n chất lượng với đầy đủ k&iacute;ch thước theo nhu cầu kh&aacute;ch h&agrave;ng</p>\r\n', '<h2>Thi c&ocirc;ng tranh đ&aacute; xuy&ecirc;n s&aacute;ng To&agrave;n Quốc</h2>\r\n\r\n<p>Tranh đ&aacute; xuy&ecirc;n s&aacute;ng c&oacute; thể ứng dụng ốp l&aacute;t ở nhiều vị tr&iacute; kh&aacute;c nhau như: ốp l&aacute;t trần nh&agrave; xuy&ecirc;n s&aacute;ng, ốp tường nh&agrave; xuy&ecirc;n s&aacute;ng, cầu thang xuy&ecirc;n s&aacute;ng, mặt b&agrave;n xuy&ecirc;n s&aacute;ng, mặt quầy xuy&ecirc;n s&aacute;ng&hellip;&nbsp;</p>\r\n\r\n<p><img alt=\"Tranh đá xuyên sáng trong phòng khách\" src=\"/uploads/images/dac-diem-da-xuyen-sang-1.jpg\" style=\"height:521px; width:800px\" /></p>\r\n\r\n<h2>Đ&aacute; xuy&ecirc;n s&aacute;ng ốp tường</h2>\r\n\r\n<p>Thay v&igrave; một m&agrave;u sơn như xưa cũ, Việc sử dụng tranh đ&aacute; xuy&ecirc;n s&aacute;ng ốp tường quả l&agrave; điều th&uacute; vị, tạo n&ecirc;n vẻ đẹp ấn tượng v&agrave; thể hiện kh&ocirc;ng gian sang trọng tinh tế. Tranh đ&aacute; xuy&ecirc;n s&aacute;ng chiếm lĩnh một khoảng tường rộng, với n&eacute;t đẹp c&oacute; t&iacute;nh nghệ thuật rất cao.&nbsp;</p>\r\n\r\n<p><img alt=\"Tranh đá xuyên sáng khi chưa bật đèn\" src=\"/uploads/images/tranh-da-khi-khong-bat-den.jpg\" style=\"height:521px; width:800px\" /></p>\r\n\r\n<p>Những bức tranh đ&aacute; xuy&ecirc;n s&aacute;ng độc đ&aacute;o, đậm chất ri&ecirc;ng lu&ocirc;n tạo n&ecirc;n vị thế cho mỗi kh&ocirc;ng gian kiến tr&uacute;c... Ch&iacute;nh vẻ đẹp của c&aacute;c mẫu đ&aacute; xuy&ecirc;n s&aacute;ng đặc biệt cũng sẽ tạo n&ecirc;n sự thu h&uacute;t.&nbsp;</p>\r\n\r\n<p><img alt=\"Tranh đá xuyên sáng khi bật đèn\" src=\"/uploads/images/tranh-da-khi-bat-den.jpg\" style=\"height:521px; width:800px\" /></p>\r\n\r\n<p>Để khai th&aacute;c triệt để vẻ đẹp của tranh đ&aacute; xuy&ecirc;n s&aacute;ng đ&oacute; l&agrave; sự kết hợp với hệ thống đ&egrave;n chiếu s&aacute;ng được lắp đặt b&ecirc;n trong &nbsp;bức tranh đ&aacute;. Bạn sẽ thấy r&otilde; sự kh&aacute;c biệt khi ch&uacute;ng ta bật v&agrave; tắt đ&egrave;n.</p>\r\n\r\n<p>ALVA lu&ocirc;n cam kết cung cấp đ&aacute; Marble &ndash; thạch anh tự nhi&ecirc;n xuy&ecirc;n s&aacute;ng với chất lượng tốt nhất, gi&aacute; cả cạnh tranh, hỗ trợ kh&aacute;ch h&agrave;ng 24/7, lu&ocirc;n đặt chất lượng sản phẩm l&ecirc;n h&agrave;ng đầu. Với mỏ đ&aacute; c&oacute; trữ lượng lớn, với hệ thống đại l&yacute; tr&ecirc;n to&agrave;n Quốc. Li&ecirc;n hệ với ch&uacute;ng t&ocirc;i ngay h&ocirc;m nay để nhận được b&aacute;o gi&aacute; tốt nhất</p>\r\n', '2021-07-01', '2', 0, 'tranh-da-xuyen-sang', 2),
(16, 'Đá Marble đá cẩm thạch thạch anh xuyên sáng', '2021-07-03-08-23-22mau-da-vuong.jpg', '2021-07-03-08-23-22da-marble-dai.jpg', '<p>Đ&aacute; Marble<strong>&nbsp;</strong>hay đ&aacute; cẩm thạch hay đ&aacute; xuy&ecirc;n s&aacute;ng&nbsp;l&agrave; một loại đ&aacute; biến chất từ đ&aacute; v&ocirc;i kh&ocirc;ng ph&acirc;n phiến.&nbsp;Th&agrave;nh phần ch&iacute;nh l&agrave; canxit. Nhờ v&agrave;o bề mặt s&aacute;ng b&oacute;ng v&agrave; v&acirc;n đ&aacute; độc đ&aacute;o n&ecirc;n được ứng dụng nhiều trong trang tr&iacute; mang t&iacute;nh thẩm mỹ cao</p>\r\n', '<h2>Đ&aacute; Marble l&agrave; g&igrave;</h2>\r\n\r\n<p>Đ&aacute; Marble<strong>&nbsp;</strong>hay đ&aacute; cẩm thạch hay đ&aacute; xuy&ecirc;n s&aacute;ng&nbsp;l&agrave; một loại đ&aacute; biến chất từ đ&aacute; v&ocirc;i kh&ocirc;ng ph&acirc;n phiến.&nbsp;Th&agrave;nh phần ch&iacute;nh l&agrave; canxit. Nhờ v&agrave;o bề mặt s&aacute;ng b&oacute;ng v&agrave; v&acirc;n đ&aacute; độc đ&aacute;o n&ecirc;n được ứng dụng nhiều trong trang tr&iacute; mang t&iacute;nh thẩm mỹ cao.</p>\r\n\r\n<p><img alt=\"Mẫu đá xuyên sáng tự nhiên\" src=\"/uploads/images/mau-da-xuyen-sang.jpg\" style=\"height:701px; width:992px\" /></p>\r\n\r\n<h2>Cấu tạo đ&aacute; Marble</h2>\r\n\r\n<p>Đ&aacute; Marble được h&igrave;nh th&agrave;nh do ảnh hưởng của nhiệt lưu hoạt động magma v&agrave; sự vận động kết cấu b&ecirc;n trong vỏ tr&aacute;i đất. Dưới nhiệt độ v&agrave; &aacute;p lực l&agrave;m thay đổi th&agrave;nh phần v&agrave; kết cấu của nham thạch.</p>\r\n\r\n<h2>Đặc điểm đ&aacute; xuy&ecirc;n s&aacute;ng</h2>\r\n\r\n<p>Đ&aacute; c&oacute; rất nhiều m&agrave;u sắc.</p>\r\n\r\n<p>Bề mặt đ&aacute; c&oacute; nhiều hoa văn độc đ&aacute;o v&agrave; duy nhất như đường, điểm, gợn s&oacute;ng&hellip;</p>\r\n\r\n<h2>Ứng dụng đ&aacute; Marble</h2>\r\n\r\n<p>Đ&aacute; marble được ứng dụng kh&aacute; nhiều v&agrave;o c&aacute;c thiết kế nội v&agrave; ngoại thất ở tất cả c&aacute;c hạng mục c&ocirc;ng tr&igrave;nh như ốp tường, cầu thang, cột, bar, b&agrave;n cafe, bếp, nh&agrave; tắm, mặt tiền nh&agrave;&hellip;</p>\r\n\r\n<p><img alt=\"Đá marble ứng dụng lát nền trong xây dựng\" src=\"/uploads/images/cong-trinh-2.jpg\" style=\"height:960px; width:1280px\" /></p>\r\n\r\n<p>Đặc biệt, ngo&agrave;i mặt th&agrave;nh phẩm đ&aacute;nh b&oacute;ng m&agrave; ch&uacute;ng ta thường thấy, đ&aacute; Marble c&ograve;n c&oacute; thể được gia c&ocirc;ng bằng c&aacute;ch phun lửa, phun axit, m&agrave;i c&aacute;t, đục nh&aacute;m để tạo ra mặt th&agrave;nh phẩm dạng sần, nh&aacute;m&hellip; d&ugrave;ng cho c&aacute;c hạng mục chống trơn trợt hay tạo sự cổ k&iacute;nh cho c&ocirc;ng tr&igrave;nh.</p>\r\n', '2021-07-03', '2', 0, 'da-marble-da-cam-thach-thach-anh-xuyen-sang', 2),
(17, 'Nhà cung cấp đá xuyên sáng', '2021-07-07-11-40-59alva-cung-cap.jpg', '2021-07-07-11-40-59alva-cung-cap-dai.jpg', '<p>ALVA l&agrave; đơn vị cung cấp giải ph&aacute;p tổng thể về đ&aacute; ốp l&aacute;t tự nhi&ecirc;n. Alva cung cấp đ&aacute; tự nhi&ecirc;n xuy&ecirc;n s&aacute;ng chất lượng tốt nhất, gi&aacute; cả cạnh tranh nhất</p>\r\n', '<p>C&ocirc;ng ty TNHH ALVA l&agrave; Đơn vị khai th&aacute;c đ&aacute; tự nhi&ecirc;n. Từ việc cung cấp, ph&acirc;n phối đ&aacute;, tư vấn sản phẩm, thiết kế, đến gia c&ocirc;ng sản xuất, thi c&ocirc;ng lắp đặt ho&agrave;n thiện. Với đội ngũ nh&acirc;n sự chuy&ecirc;n nghiệp gồm c&aacute;c kỹ sư thiết kế &amp; thi c&ocirc;ng c&oacute; bề d&agrave;y kinh nghiệm, đội ngũ c&ocirc;ng nh&acirc;n l&agrave;nh nghề, trang thiết bị m&aacute;y m&oacute;c, nh&agrave; xưởng hiện đại</p>\r\n\r\n<p><img alt=\"Alva nhà cung cấp phân phối đá tự nhiên xuyên sáng\" src=\"/uploads/images/mo-da-alva.jpg\" style=\"height:720px; width:960px\" /></p>\r\n\r\n<p>ALVA đ&atilde; v&agrave; đang l&agrave; một trong những đơn vị h&agrave;ng đầu l&agrave;m h&agrave;i l&ograve;ng kh&aacute;ch h&agrave;ng về chất lượng, kỹ thuật, mỹ thuật. Bằng năng lực v&agrave; t&acirc;m huyết nghề nghiệp c&ugrave;ng sự cầu thị, ALVA đ&atilde; nhận được sự t&iacute;n nhiệm của nhiều kh&aacute;ch h&agrave;ng tr&ecirc;n cả nước với những dự &aacute;n, c&ocirc;ng tr&igrave;nh từ đơn giản tới cầu kỳ, phức tạp, đ&ograve;i hỏi những ti&ecirc;u ch&iacute; cao nhất. ALVA cam kết mang đến cho kh&aacute;ch h&agrave;ng c&aacute;c sản phẩm về đ&aacute; với chất lượng tốt nhất bằng ch&iacute;nh sự tr&acirc;n trọng, niềm vui v&agrave; tr&aacute;ch nhiệm của m&igrave;nh với kh&aacute;ch h&agrave;ng</p>\r\n\r\n<p><img alt=\"Đá tự nhiên xuyên sáng Alva được đối tác tin dùng trong công trình xây dựng\" src=\"/uploads/images/lat-nen-tu-nhien-2.jpg\" style=\"height:960px; width:1152px\" /></p>\r\n\r\n<p>ALVA lu&ocirc;n cam kết cung cấp đ&aacute; Marble &ndash; thạch anh tự nhi&ecirc;n xuy&ecirc;n s&aacute;ng với chất lượng tốt nhất, gi&aacute; cả cạnh tranh, hỗ trợ kh&aacute;ch h&agrave;ng nhiệt t&igrave;nh, lu&ocirc;n đặt chất lượng sản phẩm l&ecirc;n h&agrave;ng đầu. Với mỏ đ&aacute; c&oacute; trữ lượng lớn, với hệ thống đại l&yacute; tr&ecirc;n to&agrave;n Quốc. Li&ecirc;n hệ với ch&uacute;ng t&ocirc;i ngay h&ocirc;m nay để nhận được b&aacute;o gi&aacute; tốt nhất cho bạn, sẵn s&agrave;ng tư vấn bất k&igrave; thời gian n&agrave;o cho qu&yacute; kh&aacute;ch</p>\r\n', '2021-07-07', '1', 1, 'nha-cung-cap-da-xuyen-sang', 1);
INSERT INTO `tintuc` (`id`, `ten`, `vuong`, `dai`, `mota`, `noidung`, `ngay`, `tag`, `noibat`, `slug`, `loai`) VALUES
(18, 'Đá tự nhiên xuyên sáng sự lựa chọn tinh tế cho công trình của bạn', '2021-07-08-15-10-47tinh-te-vuong.jpg', '2021-07-08-15-10-47tinh-te-dai.jpg', '<p>Đ&aacute; c&oacute; độ bền cao, tr&aacute;nh mối mọt ph&ugrave; hợp với kh&iacute; hậu n&oacute;ng ẩm của Việt Nam, tạo n&ecirc;n sự sang trọng, tinh tế, gần gũi thi&ecirc;n nhi&ecirc;n cho c&aacute;c c&ocirc;ng tr&igrave;nh kh&iacute; sử dụng đ&aacute; tự nhi&ecirc;n xuy&ecirc;n s&aacute;ng</p>\r\n', '<h2>Đ&aacute; xuy&ecirc;n s&aacute;ng l&agrave; g&igrave;</h2>\r\n\r\n<p>Đ&aacute; xuy&ecirc;n s&aacute;ng l&agrave; d&ograve;ng đ&aacute; tự nhi&ecirc;n, thuộc d&ograve;ng đ&aacute; thạch anh. Đ&aacute; được tạo th&agrave;nh từ qu&aacute; tr&igrave;nh ph&acirc;n r&atilde; của đ&aacute; v&ocirc;i kết hợp với nước. C&ugrave;ng với sự chuyển h&oacute;a li&ecirc;n tục qua nhiều năm trong l&ograve;ng đất tạo th&agrave;nh một loại đ&aacute; mới. V&igrave; vậy, đ&aacute; xuy&ecirc;n s&aacute;ng c&oacute; hoa văn đa dạng, m&agrave;u sắc tự nhi&ecirc;n bắt mắt. C&aacute;c v&acirc;n đ&aacute; được h&igrave;nh th&agrave;nh một c&aacute;ch ngẫu nhi&ecirc;n n&ecirc;n kh&ocirc;ng tồn tại hai vi&ecirc;n giống nhau. Dưới &aacute;nh s&aacute;ng mặt trời hay &aacute;nh s&aacute;ng đ&egrave;n, c&aacute;c đường v&acirc;n trở n&ecirc;n sắc n&eacute;t v&agrave; c&oacute; chiều s&acirc;u hơn, tạo ra những bức tranh với mảng m&agrave;u sắc độc đ&aacute;o đầy t&iacute;nh trừu tượng</p>\r\n\r\n<p><img alt=\"Đá xuyên sáng trong không gian nội thất\" src=\"/uploads/images/12.jpg\" style=\"height:522px; width:800px\" /></p>\r\n\r\n<h2>Ưu điểm đ&aacute; tự nhi&ecirc;n xuy&ecirc;n s&aacute;ng</h2>\r\n\r\n<p>Đ&aacute; xuy&ecirc;n s&aacute;ng c&oacute; ưu điểm nổi bật l&agrave; c&oacute; thể uốn cong. V&igrave; vậy, ch&uacute;ng ho&agrave;n to&agrave;n đ&aacute;p ứng được khả năng s&aacute;ng tạo tuyệt vời của c&ocirc;ng tr&igrave;nh kiến tr&uacute;c. Từ những mảng ốp đại sảnh cho tới đường cong uốn lượn mềm mại</p>\r\n\r\n<p><img alt=\"Đá xuyên sáng tự nhiên được sử trong xây dựng\" src=\"/uploads/images/cong-trinh-3.jpg\" style=\"height:960px; width:1280px\" /></p>\r\n\r\n<p>Đ&aacute; c&oacute; độ bền cao, tr&aacute;nh mối mọt ph&ugrave; hợp với kh&iacute; hậu n&oacute;ng ẩm của Việt Nam, tạo n&ecirc;n sự sang trọng, tinh tế, gần gũi thi&ecirc;n nhi&ecirc;n cho c&aacute;c c&ocirc;ng tr&igrave;nh</p>\r\n\r\n<h2>Đ&aacute; tự nhi&ecirc;n xuy&ecirc;n s&aacute;ng trong quan niệm&nbsp;phong thủy</h2>\r\n\r\n<p>Đ&aacute; Marble - thạch anh tự nhi&ecirc;n xuy&ecirc;n s&aacute;ng t&iacute;ch tụ nhiều năng lượng c&oacute; t&aacute;c dụng trừ t&agrave; kh&iacute; v&agrave; đem lại may mắn, sức khỏe cho gia chủ</p>\r\n\r\n<h2>Li&ecirc;n hệ tư vấn đ&aacute; tự nhi&ecirc;n xuy&ecirc;n s&aacute;ng</h2>\r\n\r\n<p>Li&ecirc;n hệ ngay với ALVA để nhận tư vấn chi tiết về đ&aacute; xuy&ecirc;n s&aacute;ng cho c&ocirc;ng tr&igrave;nh của bạn, ch&uacute;ng t&ocirc;i tự tin cung cấp c&aacute;c sản phẩm đ&aacute; tự nhi&ecirc;n với chất lượng tốt nhất, mẫu m&atilde; đa dạng v&agrave; gi&aacute; cả cạnh tranh nhất!</p>\r\n', '2021-07-08', '2', 0, 'da-tu-nhien-xuyen-sang-su-lua-chon-tinh-te-cho-cong-trinh-cua-ban', 2),
(19, 'Đá ốp lát Hải Phòng', '2021-07-09-09-54-02da-op-lat-vuong.jpg', '2021-07-09-09-54-02da-op-lat-dai.jpg', '<p>C&ocirc;ng ty TNHH ALVA l&agrave; Đơn vị khai th&aacute;c đ&aacute; tự nhi&ecirc;n. Từ việc cung cấp, ph&acirc;n phối đ&aacute;, tư vấn sản phẩm, thiết kế, đến gia c&ocirc;ng sản xuất, thi c&ocirc;ng lắp đặt ho&agrave;n thiện. Với đội ngũ nh&acirc;n sự chuy&ecirc;n nghiệp gồm c&aacute;c kỹ sư thiết kế &amp; thi c&ocirc;ng c&oacute; bề d&agrave;y kinh nghiệm, đội ngũ c&ocirc;ng nh&acirc;n l&agrave;nh nghề, trang thiết bị m&aacute;y m&oacute;c, nh&agrave; xưởng hiện đại</p>\r\n', '<p>C&ocirc;ng ty TNHH ALVA l&agrave; Đơn vị khai th&aacute;c đ&aacute; tự nhi&ecirc;n. Từ việc cung cấp, ph&acirc;n phối đ&aacute;, tư vấn sản phẩm, thiết kế, đến gia c&ocirc;ng sản xuất, thi c&ocirc;ng lắp đặt ho&agrave;n thiện. Với đội ngũ nh&acirc;n sự chuy&ecirc;n nghiệp gồm c&aacute;c kỹ sư thiết kế &amp; thi c&ocirc;ng c&oacute; bề d&agrave;y kinh nghiệm, đội ngũ c&ocirc;ng nh&acirc;n l&agrave;nh nghề, trang thiết bị m&aacute;y m&oacute;c, nh&agrave; xưởng hiện đại</p>\r\n\r\n<p><img alt=\"Alva nhà cung cấp phân phối đá tự nhiên xuyên sáng\" src=\"https://daxuyensang.vn/uploads/images/mo-da-alva.jpg\" /></p>\r\n\r\n<p>ALVA lu&ocirc;n cam kết cung cấp đ&aacute; Marble &ndash; thạch anh tự nhi&ecirc;n xuy&ecirc;n s&aacute;ng với chất lượng tốt nhất, gi&aacute; cả cạnh tranh, hỗ trợ kh&aacute;ch h&agrave;ng nhiệt t&igrave;nh, lu&ocirc;n đặt chất lượng sản phẩm l&ecirc;n h&agrave;ng đầu. Với mỏ đ&aacute; c&oacute; trữ lượng lớn, với hệ thống đại l&yacute; tr&ecirc;n to&agrave;n Quốc. Li&ecirc;n hệ với ch&uacute;ng t&ocirc;i ngay h&ocirc;m nay để nhận được b&aacute;o gi&aacute; tốt nhất cho bạn, sẵn s&agrave;ng tư vấn bất k&igrave; thời gian n&agrave;o cho qu&yacute; kh&aacute;ch</p>\r\n\r\n<p><img alt=\"Đá tự nhiên xuyên sáng Alva được đối tác tin dùng trong công trình xây dựng\" src=\"https://daxuyensang.vn/uploads/images/lat-nen-tu-nhien-2.jpg\" /></p>\r\n\r\n<p>ALVA đ&atilde; v&agrave; đang l&agrave; một trong những đơn vị h&agrave;ng đầu l&agrave;m h&agrave;i l&ograve;ng kh&aacute;ch h&agrave;ng về chất lượng, kỹ thuật, mỹ thuật. Bằng năng lực v&agrave; t&acirc;m huyết nghề nghiệp c&ugrave;ng sự cầu thị, ALVA đ&atilde; nhận được sự t&iacute;n nhiệm của nhiều kh&aacute;ch h&agrave;ng tr&ecirc;n cả nước với những dự &aacute;n, c&ocirc;ng tr&igrave;nh từ đơn giản tới cầu kỳ, phức tạp, đ&ograve;i hỏi những ti&ecirc;u ch&iacute; cao nhất. ALVA cam kết mang đến cho kh&aacute;ch h&agrave;ng c&aacute;c sản phẩm về đ&aacute; với chất lượng tốt nhất bằng ch&iacute;nh sự tr&acirc;n trọng, niềm vui v&agrave; tr&aacute;ch nhiệm của m&igrave;nh với kh&aacute;ch h&agrave;ng</p>\r\n', '2021-07-09', '2', 0, 'da-op-lat-hai-phong', 2),
(20, 'Đơn vị cung cấp đá xuyên sáng tại Hải Phòng', '2021-07-13-09-00-05cung-cap-vuong.jpg', '2021-07-13-09-00-05cung-cap-dai.jpg', '<p>C&ocirc;ng ty TNHH ALVA l&agrave; Đơn vị khai th&aacute;c đ&aacute; tự nhi&ecirc;n. Từ việc cung cấp, ph&acirc;n phối đ&aacute;, tư vấn sản phẩm, thiết kế, đến gia c&ocirc;ng sản xuất, thi c&ocirc;ng lắp đặt ho&agrave;n thiện. Với đội ngũ nh&acirc;n sự chuy&ecirc;n nghiệp gồm c&aacute;c kỹ sư thiết kế &amp; thi c&ocirc;ng c&oacute; bề d&agrave;y kinh nghiệm, đội ngũ c&ocirc;ng nh&acirc;n l&agrave;nh nghề, trang thiết bị m&aacute;y m&oacute;c, nh&agrave; xưởng hiện đại</p>\r\n', '<h2>Nh&agrave; cung cấp v&agrave; ph&acirc;n phối đ&aacute; xuy&ecirc;n s&aacute;ng Alva</h2>\r\n\r\n<p>C&ocirc;ng ty TNHH ALVA l&agrave; Đơn vị khai th&aacute;c đ&aacute; tự nhi&ecirc;n. Từ việc cung cấp, ph&acirc;n phối đ&aacute;, tư vấn sản phẩm, thiết kế, đến gia c&ocirc;ng sản xuất, thi c&ocirc;ng lắp đặt ho&agrave;n thiện. Với đội ngũ nh&acirc;n sự chuy&ecirc;n nghiệp gồm c&aacute;c kỹ sư thiết kế &amp; thi c&ocirc;ng c&oacute; bề d&agrave;y kinh nghiệm, đội ngũ c&ocirc;ng nh&acirc;n l&agrave;nh nghề, trang thiết bị m&aacute;y m&oacute;c, nh&agrave; xưởng hiện đại</p>\r\n\r\n<p><img alt=\"Alva nhà cung cấp phân phối đá tự nhiên xuyên sáng\" src=\"/uploads/images/mo-da-alva.jpg\" /></p>\r\n\r\n<h2>Sản phẩm đ&aacute; xuy&ecirc;n s&aacute;ng tự nhi&ecirc;n Alva chất lượng v&agrave; gi&aacute; cả tốt</h2>\r\n\r\n<p>ALVA đ&atilde; v&agrave; đang l&agrave; một trong những đơn vị h&agrave;ng đầu l&agrave;m h&agrave;i l&ograve;ng kh&aacute;ch h&agrave;ng về chất lượng, kỹ thuật, mỹ thuật. Bằng năng lực v&agrave; t&acirc;m huyết nghề nghiệp c&ugrave;ng sự cầu thị, ALVA đ&atilde; nhận được sự t&iacute;n nhiệm của nhiều kh&aacute;ch h&agrave;ng tr&ecirc;n cả nước với những dự &aacute;n, c&ocirc;ng tr&igrave;nh từ đơn giản tới cầu kỳ, phức tạp, đ&ograve;i hỏi những ti&ecirc;u ch&iacute; cao nhất. ALVA cam kết mang đến cho kh&aacute;ch h&agrave;ng c&aacute;c sản phẩm về đ&aacute; với chất lượng tốt nhất bằng ch&iacute;nh sự tr&acirc;n trọng, niềm vui v&agrave; tr&aacute;ch nhiệm của m&igrave;nh với kh&aacute;ch h&agrave;ng</p>\r\n\r\n<p><img alt=\"Đá tự nhiên xuyên sáng Alva được đối tác tin dùng trong công trình xây dựng\" src=\"/uploads/images/lat-nen-tu-nhien-2.jpg\" /></p>\r\n\r\n<h2>Đơn vị cung cấp đ&aacute; xuy&ecirc;n s&aacute;ng uy t&iacute;n</h2>\r\n\r\n<p>ALVA lu&ocirc;n cam kết cung cấp đ&aacute; Marble &ndash; thạch anh tự nhi&ecirc;n xuy&ecirc;n s&aacute;ng với chất lượng tốt nhất, gi&aacute; cả cạnh tranh, hỗ trợ kh&aacute;ch h&agrave;ng nhiệt t&igrave;nh, lu&ocirc;n đặt chất lượng sản phẩm l&ecirc;n h&agrave;ng đầu. Với mỏ đ&aacute; c&oacute; trữ lượng lớn, với hệ thống đại l&yacute; tr&ecirc;n to&agrave;n Quốc. Li&ecirc;n hệ với ch&uacute;ng t&ocirc;i ngay h&ocirc;m nay để nhận được b&aacute;o gi&aacute; tốt nhất cho bạn, sẵn s&agrave;ng tư vấn bất k&igrave; thời gian n&agrave;o cho qu&yacute; kh&aacute;ch</p>\r\n', '2021-07-13', '1,2', 0, 'don-vi-cung-cap-da-xuyen-sang-tai-hai-phong', 1),
(21, 'Cách bảo quản đá Marble', '2021-07-13-10-26-27bao-quan-vuong.jpg', '2021-07-13-10-26-27bao-quan-dai.jpg', '<p>Hiện nay do nhu cầu sử dụng đ&aacute; tự nhi&ecirc;n xuy&ecirc;n s&aacute;ng trong c&ocirc;ng tr&igrave;nh x&acirc;y dựng l&agrave; rất lớn. Gắn liền với qu&aacute; tr&igrave;nh x&acirc;y dựng l&agrave; qu&aacute; tr&igrave;nh bảo tr&igrave; bảo dưỡng m&agrave; người d&ugrave;ng ng&agrave;y c&agrave;ng đ&ograve;i hỏi độ bền đẹp theo thời gian của đ&aacute; tự nhi&ecirc;n xuy&ecirc;n s&aacute;ng</p>\r\n', '<h2>Nhu cầu sử dụng đ&aacute; tự nhi&ecirc;n xuy&ecirc;n s&aacute;ng</h2>\r\n\r\n<p>Hiện nay do nhu cầu sử dụng đ&aacute; tự nhi&ecirc;n xuy&ecirc;n s&aacute;ng trong c&ocirc;ng tr&igrave;nh x&acirc;y dựng l&agrave; rất lớn. Gắn liền với qu&aacute; tr&igrave;nh x&acirc;y dựng l&agrave; qu&aacute; tr&igrave;nh bảo tr&igrave; bảo dưỡng m&agrave; người d&ugrave;ng ng&agrave;y c&agrave;ng đ&ograve;i hỏi độ bền đẹp theo thời gian của đ&aacute; tự nhi&ecirc;n xuy&ecirc;n s&aacute;ng</p>\r\n\r\n<p><img alt=\"Đá tự nhiên xuyên sáng được sử dụng trong không gian phòng bếp\" src=\"/uploads/images/da-tu-nhien-phong-an.jpg\" style=\"height:400px; width:600px\" /></p>\r\n\r\n<h2>Đặc điểm đ&aacute; tự nhi&ecirc;n xuy&ecirc;n s&aacute;ng Marble</h2>\r\n\r\n<p>Đ&aacute; marble c&ograve;n c&oacute; c&aacute;c t&ecirc;n gọi kh&aacute;c đ&oacute; ch&iacute;nh l&agrave; đ&aacute; cẩm thạch, đ&aacute; tự nhi&ecirc;n xuy&ecirc;n s&aacute;ng. Được biến chất từ đ&aacute; v&ocirc;i v&agrave; c&oacute; cấu tạo kh&ocirc;ng ph&acirc;n phiến. Th&agrave;nh phần chủ yếu trong đ&aacute; l&agrave; canxit, dạng kết tinh của Caco3</p>\r\n\r\n<p>Đ&aacute; xuy&ecirc;n s&aacute;ng kh&ocirc;ng c&oacute; độ cứng cao như d&ograve;ng đ&aacute; Granite. Nhưng b&ugrave; lại th&igrave; đ&aacute; marble lại c&oacute; c&aacute;c v&acirc;n đ&aacute; rất tự nhi&ecirc;n v&agrave; sống động về m&agrave;u sắc m&agrave;u sắc khi kết hợp với &aacute;nh sang đ&egrave;n LED. Đ&aacute; c&oacute; t&iacute;nh chất xốp v&agrave; mềm n&ecirc;n khả năng chống thấm nước k&eacute;m. Ch&iacute;nh v&igrave; vậy cần xử l&yacute; chống thấm kỹ c&agrave;ng trước khi thi c&ocirc;ng</p>\r\n\r\n<p>Trong qu&aacute; tr&igrave;nh thi c&ocirc;ng cần cẩn thận tr&aacute;nh bị nứt vỡ, sứt mẻ. X&eacute;t về mặt thi c&ocirc;ng th&igrave; đ&aacute; marble kh&oacute; thi c&ocirc;ng hơn so với những loại đ&aacute; kh&aacute;c</p>\r\n\r\n<h2>Hướng dẫn c&aacute;ch bảo quản đ&aacute; tự nhi&ecirc;n Marble được bền đẹp</h2>\r\n\r\n<p>Cần chống thấm cho đ&aacute; marble trước khi đem đi thi c&ocirc;ng. Đ&acirc;y ch&iacute;nh l&agrave; quy tr&igrave;nh rất quan trọng quyết định đến chất lượng của c&ocirc;ng tr&igrave;nh sau n&agrave;y</p>\r\n\r\n<p><img alt=\"Không sử dụng xà phòng vệ sinh đá tự nhiên xuyên sáng\" src=\"/uploads/images/xa-phong.jpg\" style=\"height:357px; width:554px\" /></p>\r\n\r\n<p>Kh&ocirc;ng n&ecirc;n sử dụng x&agrave; ph&ograve;ng hay những chất c&oacute; t&iacute;nh tẩy rửa cao để đ&aacute;nh rửa. Bởi v&igrave; những chất tẩy rửa c&oacute; thể ăn m&ograve;n v&agrave; l&agrave;m cho bề mặt của đ&aacute; xấu đi rất nhiều</p>\r\n\r\n<p>H&atilde;y đọc kỹ c&aacute;c hướng dẫn cũng như nắm r&otilde; c&aacute;c quy tr&igrave;nh kỹ thuật chống thấm cho đ&aacute;. Tr&aacute;nh chống thấm sai c&aacute;ch sẽ l&agrave;m cho đ&aacute; marble xuống cấp nhanh ch&oacute;ng. L&agrave;m mất đi vẻ tự nhi&ecirc;n vốn c&oacute; của n&oacute;</p>\r\n\r\n<p>Khi c&oacute; những vết bẩn do c&agrave; ph&ecirc;, nước tr&aacute;i c&acirc;y, rượu vang g&acirc;y ra, c&aacute;c vệt ố v&agrave;ng, nấm mốc, địa y,&hellip; Bạn cần vệ sinh lu&ocirc;n tr&aacute;nh để l&acirc;u. Sử dụng nước v&agrave; vải mềm lau sạch ch&iacute;nh l&agrave; c&aacute;ch tốt nhất</p>\r\n\r\n<p><img alt=\"Vệ sinh đá tự nhiên xuyên sáng bằng vải mềm và nước\" src=\"/uploads/images/su-dung-vai-mem-nuoc-trang.jpg\" style=\"height:323px; width:600px\" /></p>\r\n\r\n<p>H&atilde;y thường xuy&ecirc;n d&ugrave;ng vải mềm lau bề mặt c&aacute;c c&ocirc;ng tr&igrave;nh đ&aacute; marble tự nhi&ecirc;n cao cấp để cho đ&aacute; lu&ocirc;n c&oacute; độ s&aacute;ng b&oacute;ng v&agrave; bền đẹp</p>\r\n\r\n<h2>Địa chỉ cung cấp đ&aacute; tự nhi&ecirc;n xuy&ecirc;n s&aacute;ng Marble</h2>\r\n\r\n<p>C&ocirc;ng ty TNHH ALVA l&agrave; Đơn vị khai th&aacute;c đ&aacute; tự nhi&ecirc;n. Từ việc cung cấp, ph&acirc;n phối đ&aacute;, tư vấn sản phẩm, thiết kế, đến gia c&ocirc;ng sản xuất, thi c&ocirc;ng lắp đặt ho&agrave;n thiện. Với đội ngũ nh&acirc;n sự chuy&ecirc;n nghiệp gồm c&aacute;c kỹ sư thiết kế &amp; thi c&ocirc;ng c&oacute; bề d&agrave;y kinh nghiệm, đội ngũ c&ocirc;ng nh&acirc;n l&agrave;nh nghề, trang thiết bị m&aacute;y m&oacute;c, nh&agrave; xưởng hiện đại</p>\r\n', '2021-07-13', '2', 0, 'cach-bao-quan-da-marble', 2),
(22, 'Ứng dụng đá xuyên sáng trong thiết kế nội thất', '2021-07-15-11-18-48ung-dung-vuong.jpg', '2021-07-15-11-18-48ung-dung-dai.jpg', '<p>Kh&ocirc;ng chỉ được sử dụng nhiều trong c&aacute;c c&ocirc;ng tr&igrave;nh kh&aacute;ch sạn, nh&agrave; h&agrave;ng, t&ograve;a nh&agrave; cao cấp, đ&aacute; xuy&ecirc;n s&aacute;ng hiện được ứng dụng kh&aacute; phổ biến trong thiết kế nội thất nh&agrave; ở bởi vẻ đẹp cuốn h&uacute;t, sang trọng v&agrave; ấn tượng m&agrave; n&oacute; mang lại</p>\r\n', '<p>Kh&ocirc;ng chỉ được sử dụng nhiều trong c&aacute;c c&ocirc;ng tr&igrave;nh kh&aacute;ch sạn, nh&agrave; h&agrave;ng, t&ograve;a nh&agrave; cao cấp, đ&aacute; xuy&ecirc;n s&aacute;ng hiện được ứng dụng kh&aacute; phổ biến trong thiết kế nội thất nh&agrave; ở bởi vẻ đẹp cuốn h&uacute;t, sang trọng v&agrave; ấn tượng m&agrave; n&oacute; mang lại</p>\r\n\r\n<h2>Đ&aacute; xuy&ecirc;n s&aacute;ng l&agrave; g&igrave;</h2>\r\n\r\n<p>T&ecirc;n gọi của đ&aacute; xuy&ecirc;n s&aacute;ng, đ&aacute; onyx hay đ&aacute; marble&nbsp;xuất ph&aacute;t từ đặc t&iacute;nh nổi bật của loại vật liệu n&agrave;y. Đ&aacute; xuy&ecirc;n s&aacute;ng l&agrave; loại đ&aacute; c&oacute; khả năng cho ph&eacute;p &aacute;nh s&aacute;ng xuy&ecirc;n qua, tạo hiệu ứng m&agrave;u sắc lung linh, huyền ảo cho kh&ocirc;ng gian m&agrave; n&oacute; hiện diện. Vật liệu n&agrave;y được ứng dụng trong nhiều lĩnh vực kh&aacute;c nhau như điện học, quang học, y tế, kiến tr&uacute;c v&agrave; trang tr&iacute; nội thất</p>\r\n\r\n<p><img alt=\"Đá xuyên sáng được sử trong xây dựng\" src=\"/uploads/images/cong-trinh-2.jpg\" style=\"height:960px; width:1280px\" /></p>\r\n\r\n<h2>Ph&acirc;n loại đ&aacute; xuy&ecirc;n s&aacute;ng</h2>\r\n\r\n<p>Đ&aacute; xuy&ecirc;n s&aacute;ng gồm hai loại ch&iacute;nh l&agrave; đ&aacute; xuy&ecirc;n s&aacute;ng tự nhi&ecirc;n v&agrave; đ&aacute; xuy&ecirc;n s&aacute;ng nh&acirc;n tạo, mỗi loại c&oacute; những ưu nhược điểm ri&ecirc;ng</p>\r\n\r\n<p>C&ocirc;ng ty TNHH ALVA l&agrave; Đơn vị khai th&aacute;c đ&aacute; tự nhi&ecirc;n xuy&ecirc;n s&aacute;ng. Từ việc cung cấp, ph&acirc;n phối đ&aacute;, tư vấn sản phẩm, thiết kế, đến gia c&ocirc;ng sản xuất, thi c&ocirc;ng lắp đặt ho&agrave;n thiện</p>\r\n\r\n<p><img alt=\"Alva chuyên phân phối sản phẩm đá xuyên sáng\" src=\"/uploads/images/mo-da-alva.jpg\" style=\"height:720px; width:960px\" /></p>\r\n\r\n<h2>Đ&aacute; xuy&ecirc;n s&aacute;ng tự nhi&ecirc;n</h2>\r\n\r\n<p>C&aacute;ch đ&acirc;y h&agrave;ng trăm triệu năm, những d&ograve;ng nham thạch n&oacute;ng từ l&otilde;i tr&aacute;i đất phun tr&agrave;o qua miệng n&uacute;i lửa, gặp kh&ocirc;ng kh&iacute; lạnh, bề mặt của ch&uacute;ng sẽ dần nguội đi v&agrave; se lại tạo th&agrave;nh lớp vỏ tr&aacute;i đất. Trong khi đ&oacute;, phần l&otilde;i b&ecirc;n trong vẫn &acirc;m ỉ chảy cho đến khi nguội hẳn, tạo th&agrave;nh c&aacute;c khối đặc, giữ nguy&ecirc;n m&agrave;u sắc như lửa. H&agrave;ng triệu năm sau đ&oacute;, những lớp kho&aacute;ng chất kết tủa bắt đầu biến đổi v&agrave; loang ra từng vệt với độ d&agrave;y từ v&agrave;i micromet tới v&agrave;i milimet, tạo th&agrave;nh c&aacute;c lớp v&acirc;n tr&ecirc;n đ&aacute; tự nhi&ecirc;n đẹp. Đ&acirc;y cũng l&agrave; l&yacute; do tại sao kh&ocirc;ng thể c&oacute; 2 tấm đ&aacute; xuy&ecirc;n s&aacute;ng tự nhi&ecirc;n giống hệt nhau</p>\r\n\r\n<p><img alt=\"Tranh đá xuyên sáng ứng dụng trong thiết kế nội thất\" src=\"/uploads/images/tranh-da-noi-that-1.jpg\" style=\"height:640px; width:960px\" /></p>\r\n\r\n<p>Độ xuy&ecirc;n s&aacute;ng của d&ograve;ng đ&aacute; n&agrave;y l&ecirc;n tới 92%, c&oacute; khả năng bắt s&aacute;ng cực tốt. Đ&aacute; onyx tự nhi&ecirc;n thường c&oacute; m&agrave;u v&agrave;ng n&acirc;u, v&agrave;ng đậm, v&agrave;ng nhạt, trắng, xanh đậm, đỏ hoặc hổ ph&aacute;ch. Số lượng c&aacute;c loại đ&aacute; n&agrave;y trong tự nhi&ecirc;n kh&aacute; hiếm ch&iacute;nh điều n&agrave;y tạo n&ecirc;n n&eacute;t đẹp độc đ&aacute;o kh&ocirc;ng thể lẫn v&agrave;o đ&acirc;u được của d&ograve;ng đ&aacute; tự nhi&ecirc;n xuy&ecirc;n s&aacute;ng</p>\r\n\r\n<p>Nhược điểm lớn nhất của đ&aacute; xuy&ecirc;n s&aacute;ng tự nhi&ecirc;n l&agrave; dễ bị nứt, vỡ khi chịu lực t&aacute;c động mạnh, g&acirc;y kh&oacute; khăn cho việc vận chuyển v&agrave; lắp đặt</p>\r\n\r\n<p>ALVA đ&atilde; v&agrave; đang l&agrave; một trong những đơn vị h&agrave;ng đầu l&agrave;m h&agrave;i l&ograve;ng kh&aacute;ch h&agrave;ng về chất lượng, kỹ thuật, mỹ thuật. Bằng năng lực v&agrave; t&acirc;m huyết nghề nghiệp c&ugrave;ng sự cầu thị, ALVA đ&atilde; nhận được sự t&iacute;n nhiệm của nhiều kh&aacute;ch h&agrave;ng tr&ecirc;n cả nước với những dự &aacute;n, c&ocirc;ng tr&igrave;nh từ đơn giản tới cầu kỳ, phức tạp, đ&ograve;i hỏi những ti&ecirc;u ch&iacute; cao nhất. ALVA cam kết mang đến cho kh&aacute;ch h&agrave;ng c&aacute;c sản phẩm về đ&aacute; với chất lượng tốt nhất bằng ch&iacute;nh sự tr&acirc;n trọng, niềm vui v&agrave; tr&aacute;ch nhiệm của m&igrave;nh với kh&aacute;ch h&agrave;ng</p>\r\n', '2021-07-15', '2', 0, 'ung-dung-da-xuyen-sang-trong-thiet-ke-noi-that', 2),
(23, 'Phân phối đá xuyên sáng Toàn Quốc', '2021-07-19-13-46-12phan-phoi-vuong.jpg', '2021-07-19-13-48-07phan-phoi.png', '<p>C&ocirc;ng ty TNHH ALVA l&agrave; Đơn vị khai th&aacute;c đ&aacute; tự nhi&ecirc;n xuy&ecirc;n s&aacute;ng. Từ việc cung cấp, ph&acirc;n phối đ&aacute;, tư vấn sản phẩm, thiết kế, đến gia c&ocirc;ng sản xuất, thi c&ocirc;ng lắp đặt ho&agrave;n thiện</p>\r\n', '<h2>Nh&agrave; cung cấp v&agrave; ph&acirc;n phối đ&aacute; xuy&ecirc;n s&aacute;ng Alva</h2>\r\n\r\n<p>C&ocirc;ng ty TNHH ALVA l&agrave; Đơn vị khai th&aacute;c đ&aacute; tự nhi&ecirc;n. Từ việc cung cấp, ph&acirc;n phối đ&aacute;, tư vấn sản phẩm, thiết kế, đến gia c&ocirc;ng sản xuất, thi c&ocirc;ng lắp đặt ho&agrave;n thiện. Với đội ngũ nh&acirc;n sự chuy&ecirc;n nghiệp gồm c&aacute;c kỹ sư thiết kế &amp; thi c&ocirc;ng c&oacute; bề d&agrave;y kinh nghiệm, đội ngũ c&ocirc;ng nh&acirc;n l&agrave;nh nghề, trang thiết bị m&aacute;y m&oacute;c, nh&agrave; xưởng hiện đại</p>\r\n\r\n<p><img alt=\"Alva nhà cung cấp phân phối đá tự nhiên xuyên sáng\" src=\"/uploads/images/mo-da-alva.jpg\" /></p>\r\n\r\n<h2>Sản phẩm đ&aacute; xuy&ecirc;n s&aacute;ng tự nhi&ecirc;n Alva chất lượng v&agrave; gi&aacute; cả tốt</h2>\r\n\r\n<p>ALVA đ&atilde; v&agrave; đang l&agrave; một trong những đơn vị h&agrave;ng đầu l&agrave;m h&agrave;i l&ograve;ng kh&aacute;ch h&agrave;ng về chất lượng, kỹ thuật, mỹ thuật. Bằng năng lực v&agrave; t&acirc;m huyết nghề nghiệp c&ugrave;ng sự cầu thị, ALVA đ&atilde; nhận được sự t&iacute;n nhiệm của nhiều kh&aacute;ch h&agrave;ng tr&ecirc;n cả nước với những dự &aacute;n, c&ocirc;ng tr&igrave;nh từ đơn giản tới cầu kỳ, phức tạp, đ&ograve;i hỏi những ti&ecirc;u ch&iacute; cao nhất. ALVA cam kết mang đến cho kh&aacute;ch h&agrave;ng c&aacute;c sản phẩm về đ&aacute; với chất lượng tốt nhất bằng ch&iacute;nh sự tr&acirc;n trọng, niềm vui v&agrave; tr&aacute;ch nhiệm của m&igrave;nh với kh&aacute;ch h&agrave;ng</p>\r\n\r\n<p><img alt=\"Đá tự nhiên xuyên sáng Alva được đối tác tin dùng trong công trình xây dựng\" src=\"/uploads/images/lat-nen-tu-nhien-2.jpg\" /></p>\r\n\r\n<h2>Đơn vị cung cấp đ&aacute; xuy&ecirc;n s&aacute;ng uy t&iacute;n</h2>\r\n\r\n<p>ALVA lu&ocirc;n cam kết cung cấp đ&aacute; Marble &ndash; thạch anh tự nhi&ecirc;n xuy&ecirc;n s&aacute;ng với chất lượng tốt nhất, gi&aacute; cả cạnh tranh, hỗ trợ kh&aacute;ch h&agrave;ng nhiệt t&igrave;nh, lu&ocirc;n đặt chất lượng sản phẩm l&ecirc;n h&agrave;ng đầu. Với mỏ đ&aacute; c&oacute; trữ lượng lớn, với hệ thống đại l&yacute; tr&ecirc;n to&agrave;n Quốc. Li&ecirc;n hệ với ch&uacute;ng t&ocirc;i ngay h&ocirc;m nay để nhận được b&aacute;o gi&aacute; tốt nhất cho bạn, sẵn s&agrave;ng tư vấn bất k&igrave; thời gian n&agrave;o cho qu&yacute; kh&aacute;ch</p>\r\n', '2021-07-19', '1,2', 1, 'phan-phoi-da-xuyen-sang-toan-quoc', 1),
(24, 'Địa chỉ mua đá xuyên sáng', '2021-07-19-13-59-31tranh-da-vuong.png', '2021-07-19-13-59-31tranh-da-dai.png', '<p>ALVA đ&atilde; v&agrave; đang l&agrave; một trong những đơn vị h&agrave;ng đầu l&agrave;m h&agrave;i l&ograve;ng kh&aacute;ch h&agrave;ng về chất lượng, kỹ thuật, mỹ thuật với sản phẩm đ&aacute; tự nhi&ecirc;n xuy&ecirc;n s&aacute;ng.</p>\r\n', '<h2>Đ&aacute; xuy&ecirc;n s&aacute;ng l&agrave; g&igrave;?</h2>\r\n\r\n<p>Đ&aacute; Marble &ndash; thạch anh tự nhi&ecirc;n xuy&ecirc;n s&aacute;ng của ALVA l&agrave; sự kết hợp giữa đ&aacute; cẩm thạch v&agrave; thạch anh c&oacute; khả năng xuy&ecirc;n s&aacute;ng được khai th&aacute;c từ mỏ đ&aacute; của c&ocirc;ng ty tại Lục Y&ecirc;n &ndash; Y&ecirc;n B&aacute;i. Với rất nhiều c&aacute;c loại v&acirc;n đ&aacute; kh&aacute;c nhau. Mỗi một blog lại cho ra một loại v&acirc;n đ&aacute; tự nhi&ecirc;n, m&agrave;u sắc tươi tắn hơn bất kỳ loại đ&aacute; n&agrave;o hiện nay. Mỗi một tấm đ&aacute; được cắt ra l&agrave; duy nhất, kh&ocirc;ng trộn lẫn v&igrave; chất v&acirc;n c&oacute; một kh&ocirc;ng hai. Chất v&acirc;n tự nhi&ecirc;n tr&ecirc;n từng phiến đ&aacute; l&uacute;c mềm mại như những n&eacute;t chấm ph&aacute; trong bức tranh thủy mặc, l&uacute;c quyến rũ như một d&ograve;ng s&ocirc;ng, khi lại c&oacute; h&igrave;nh th&ugrave; độc đ&aacute;o trừu tượng</p>\r\n\r\n<p><img alt=\"Tranh đá tự nhiên xuyên sáng\" src=\"/uploads/images/dac-diem-da-xuyen-sang-1.jpg\" style=\"height:521px; width:800px\" /></p>\r\n\r\n<h2>Đơn vị cung cấp đ&aacute; xuy&ecirc;n s&aacute;ng Alva</h2>\r\n\r\n<p>C&ocirc;ng ty TNHH ALVA l&agrave; Đơn vị khai th&aacute;c đ&aacute; tự nhi&ecirc;n. Từ việc cung cấp, ph&acirc;n phối đ&aacute;, tư vấn sản phẩm, thiết kế, đến gia c&ocirc;ng sản xuất, thi c&ocirc;ng lắp đặt ho&agrave;n thiện. Với đội ngũ nh&acirc;n sự chuy&ecirc;n nghiệp gồm c&aacute;c kỹ sư thiết kế &amp; thi c&ocirc;ng c&oacute; bề d&agrave;y kinh nghiệm, đội ngũ c&ocirc;ng nh&acirc;n l&agrave;nh nghề, trang thiết bị m&aacute;y m&oacute;c, nh&agrave; xưởng hiện đại</p>\r\n\r\n<p><img alt=\"Alva cung cấp và phân phối đá xuyên sáng Toàn Quốc\" src=\"/uploads/images/4Z6A7268.jpg\" style=\"height:1067px; width:1600px\" /></p>\r\n\r\n<p>Alva l&agrave; nh&agrave; cung cấp v&agrave; ph&acirc;n phối đ&aacute; tự nhi&ecirc;n xuy&ecirc;n s&aacute;ng uy t&iacute;n h&agrave;ng đầu hiện nay - H&atilde;y li&ecirc;n hệ với Alva để nhận được b&aacute;o gi&aacute; tốt nhất.</p>\r\n', '2021-07-19', '1', 0, 'dia-chi-mua-da-xuyen-sang', 2),
(25, 'Ứng dụng tuyệt vời đá xuyên sáng', '2021-07-24-10-05-10ung-dung-vuong.jpg', '2021-07-24-10-05-10ung-dung-dai.jpg', '<p>Đ&aacute; tự nhi&ecirc;n xuy&ecirc;n s&aacute;ng c&oacute; khả năng xuy&ecirc;n s&aacute;ng đặc biệt m&agrave; kh&ocirc;ng một loại đ&aacute; n&agrave;o c&oacute; được. Đ&aacute; xuy&ecirc;n s&aacute;ng c&oacute; m&agrave;u sắc tự nhi&ecirc;n kết hợp với v&acirc;n đ&aacute; tạo n&ecirc;n h&igrave;nh v&acirc;n đa dạng v&agrave; độc đ&aacute;o</p>\r\n', '<h2>Ứng dụng đ&aacute; xuy&ecirc;n s&aacute;ng</h2>\r\n\r\n<p>Đ&aacute; tự nhi&ecirc;n xuy&ecirc;n s&aacute;ng c&oacute; khả năng xuy&ecirc;n s&aacute;ng đặc biệt m&agrave; kh&ocirc;ng một loại đ&aacute; n&agrave;o c&oacute; được. Đ&aacute; xuy&ecirc;n s&aacute;ng c&oacute; m&agrave;u sắc tự nhi&ecirc;n kết hợp với v&acirc;n đ&aacute; tạo n&ecirc;n h&igrave;nh v&acirc;n đa dạng v&agrave; độc đ&aacute;o. Đ&aacute; tự nhi&ecirc;n xuy&ecirc;n s&aacute;ng được ứng dụng nhiều trong c&aacute;c lĩnh vực kh&aacute;c đặc biệt nhất l&agrave; lĩnh vực kiến tr&uacute;c v&agrave; trang tr&iacute; nội ngoại thất</p>\r\n\r\n<p><img alt=\"Ứng dụng đá xuyên sáng làm tranh đá\" src=\"/uploads/images/12.jpg\" style=\"height:522px; width:800px\" /></p>\r\n\r\n<h2>Ứng dụng đ&aacute; xuy&ecirc;n s&aacute;ng l&agrave;m tranh đ&aacute;</h2>\r\n\r\n<p>Tranh đ&aacute; xuy&ecirc;n s&aacute;ng l&agrave; một trong những ứng dụng phổ biến của tấm đ&aacute; xuy&ecirc;n s&aacute;ng. Với m&agrave;u sắc tự nhi&ecirc;n v&agrave; những đường v&acirc;n độc đ&aacute;o tranh đ&aacute; xuy&ecirc;n s&aacute;ng l&agrave; sự thay thế ho&agrave;n hảo cho những bức tường x&acirc;y đơn điệu. Tranh đ&aacute; xuy&ecirc;n s&aacute;ng với khả năng chống thấm nước gi&uacute;p ng&ocirc;i nh&agrave; bạn lu&ocirc;n kh&ocirc; r&aacute;o, tho&aacute;ng đ&atilde;ng, giảm bớt sự sinh s&ocirc;i của nấm mốc tr&ecirc;n bề mặt cho kh&ocirc;ng gian trong l&agrave;nh v&agrave; sang trọng</p>\r\n\r\n<p><img alt=\"Ứng dụng đá xuyên sáng làm tranh đá\" src=\"/uploads/images/dac-diem-da-xuyen-sang-2.jpg\" style=\"height:521px; width:800px\" /></p>\r\n\r\n<h2>Đ&aacute; xuy&ecirc;n s&aacute;ng d&ugrave;ng để l&aacute;t s&agrave;n</h2>\r\n\r\n<p>Mặt s&agrave;n phủ k&iacute;n bằng tấm đ&aacute; xuy&ecirc;n s&aacute;ng sẽ tạo n&ecirc;n vẻ đẹp bắt mắt v&agrave; sang trọng cho ng&ocirc;i nh&agrave; bạn. Đặc biệt, với t&iacute;nh năng chống ẩm v&agrave; c&aacute;ch nhiệt, tấm đ&aacute; xuy&ecirc;n s&aacute;ng c&ograve;n loại trừ nấm mốc, giữ cho nền nh&agrave; lu&ocirc;n kh&ocirc; r&aacute;o&nbsp;kh&ocirc;ng gian với việc lựa chọn tấm đ&aacute; xuy&ecirc;n s&aacute;ng sẽ tạo điểm nhấn theo c&aacute;ch đặc biệt. Để mang lại hiệu ứng thẩm mỹ bạn c&oacute; thể sử dụng đ&aacute; xuy&ecirc;n s&aacute;ng cho ốp trần, tủ bếp, bồn rửa, b&agrave;n ghế, kệ ti vi theo sở th&iacute;ch của m&igrave;nh</p>\r\n\r\n<p><img alt=\"Ứng dụng đá tự nhiên trong không gian nội thất\" src=\"/uploads/images/ban-da-trang-muoi.jpg\" style=\"height:598px; width:960px\" /></p>\r\n\r\n<p>ALVA đ&atilde; v&agrave; đang l&agrave; một trong những đơn vị h&agrave;ng đầu l&agrave;m h&agrave;i l&ograve;ng kh&aacute;ch h&agrave;ng về chất lượng, kỹ thuật, mỹ thuật. Bằng năng lực v&agrave; t&acirc;m huyết nghề nghiệp c&ugrave;ng sự cầu thị, ALVA đ&atilde; nhận được sự t&iacute;n nhiệm của nhiều kh&aacute;ch h&agrave;ng tr&ecirc;n cả nước với những dự &aacute;n, c&ocirc;ng tr&igrave;nh từ đơn giản tới cầu kỳ, phức tạp, đ&ograve;i hỏi những ti&ecirc;u ch&iacute; cao nhất</p>\r\n\r\n<p>ALVA cam kết mang đến cho kh&aacute;ch h&agrave;ng c&aacute;c sản phẩm về đ&aacute; với chất lượng tốt nhất bằng ch&iacute;nh sự tr&acirc;n trọng, niềm vui v&agrave; tr&aacute;ch nhiệm của m&igrave;nh với kh&aacute;ch h&agrave;ng</p>\r\n', '2021-07-24', '2', 0, 'ung-dung-tuyet-voi-da-xuyen-sang', 2),
(26, 'Ưu và nhược điểm đá tự nhiên trong xây dựng', '2021-07-26-14-08-21da-tu-nhien-vuong.jpg', '2021-07-26-14-08-21da-tu-nhien-dai.jpg', '<p>Đ&aacute; tự nhi&ecirc;n trong thi&ecirc;n nhi&ecirc;n c&oacute; rất nhiều chủng loại v&agrave; đa dạng. Tuy nhi&ecirc;n c&oacute; hai loại&nbsp;ch&iacute;nh l&agrave; đ&aacute; granite đ&aacute; hoa cương&nbsp; v&agrave; đ&aacute; marble hay c&ograve;n gọi l&agrave; đ&aacute; cẩm thạch&nbsp;l&agrave; hai d&ograve;ng đ&aacute; được sử dụng phổ biến hiện nay trong x&acirc;y dựng</p>\r\n', '<h2>Ph&acirc;n loại đ&aacute; tự nhi&ecirc;n</h2>\r\n\r\n<p>Đ&aacute; tự nhi&ecirc;n trong thi&ecirc;n nhi&ecirc;n c&oacute; rất nhiều chủng loại v&agrave; đa dạng. Tuy nhi&ecirc;n c&oacute; hai dạng ch&iacute;nh l&agrave; đ&aacute; granite hay đ&aacute; hoa cương v&agrave; đ&aacute; marble hay c&ograve;n gọi l&agrave; đ&aacute; cẩm thạch&nbsp;l&agrave; hai d&ograve;ng đ&aacute; được sử dụng phổ biến. Khi n&oacute;i đến c&aacute;c loại đ&aacute; trong x&acirc;y dựng th&igrave; chủ yếu ch&uacute;ng ta sẽ tập chung v&agrave;o hai loại đ&aacute; n&agrave;y.</p>\r\n\r\n<p><img alt=\"Đá tự nhiên trong xây dựng\" src=\"/uploads/images/do-cung-da-tu-nhien.jpg\" style=\"height:546px; width:800px\" /></p>\r\n\r\n<h2>Ưu điểm đ&aacute; tự nhi&ecirc;n&nbsp;Granite</h2>\r\n\r\n<p>Đ&aacute; granite l&agrave; loại đ&aacute; tự nhi&ecirc;n rất phong ph&uacute; về chủng loại c&oacute; c&aacute;c đặc t&iacute;nh:</p>\r\n\r\n<p>Độ bền cao, chịu được va đập mạnh do vậy ch&uacute;ng được sử dụng cho c&aacute;c hạng mục x&acirc;y dựng c&oacute; độ ma s&aacute;t lơn như s&agrave;n nh&agrave;, cầu thang bộ, bậc tam cấp</p>\r\n\r\n<p>Chịu được nhiệt độ cao kh&ocirc;ng bị nứt bể, th&iacute;ch hợp l&agrave;m c&aacute;c mặt b&agrave;n ăn hay mặt bếp</p>\r\n\r\n<p>Giữ nhiệt l&agrave; một t&iacute;nh năng ưu thế so với c&aacute;c loại vật liệu kh&aacute;c trong x&acirc;y dựng. Bề mặt đ&aacute; lu&ocirc;n m&aacute;t lạnh rất ph&ugrave; hợp với ở c&aacute;c nước c&oacute; nhiệt độ cao nhất l&agrave; ở nước ta hiện nay</p>\r\n\r\n<p>Khả năng chống thấm tốt</p>\r\n\r\n<p>Đ&aacute; kh&ocirc;ng c&oacute; t&iacute;nh bắt lửa, kh&ocirc;ng ch&aacute;y khi ở nhiệt độ cao</p>\r\n\r\n<p>Kh&ocirc;ng bị ẩm, mốc</p>\r\n\r\n<p>Dễ d&agrave;ng sử dụng, lau ch&ugrave;i, vệ sinh</p>\r\n\r\n<p><img alt=\"Đá tự nhiên Granite dùng lát sàn nhà\" src=\"/uploads/images/da-hoa-cuong-lat-nen.jpg\" style=\"height:525px; width:700px\" /></p>\r\n\r\n<h2>Nhược điểm của đ&aacute; tự nhi&ecirc;n Granite</h2>\r\n\r\n<p>Qu&aacute; tr&igrave;nh m&agrave;i b&oacute;ng phục hồi đ&aacute; bị sước sẽ l&acirc;u hơn, kh&oacute; hơn,&nbsp;chi ph&iacute; sẽ cao hơn marble.</p>\r\n\r\n<p>Qu&aacute;&nbsp;tr&igrave;nh gia c&ocirc;ng sẽ gặp nhiều kh&oacute; khăn hơn so với đ&aacute; marble như c&aacute;c đường cắt, đường m&ograve;i sẽ kh&ocirc;ng được mịn m&agrave;ng như d&ograve;ng đ&aacute; marble, đ&aacute; nh&acirc;n tạo</p>\r\n\r\n<p>Do đặc t&iacute;nh tự nhi&ecirc;n c&ugrave;ng một loại đ&aacute; nhưng theo từng khối đ&aacute; m&agrave;u sắc sẽ hơi kh&aacute;c biệt. Sau khi sử dụng một thời gian d&agrave;i nếu c&oacute; một vi&ecirc;n đ&aacute; bi hư hỏng cần thay thế th&igrave; vi&ecirc;n đ&aacute; mới sẽ c&oacute; m&agrave;u sắc hơi kh&aacute;c so với c&aacute;c vi&ecirc;n cũ</p>\r\n\r\n<p>Rất dễ bị ăn m&ograve;n bởi c&aacute;c h&oacute;a chất tẩy rửa c&oacute; t&iacute;nh axit như: nước lau kiếng, nước vệ sinh nh&agrave; tắm, nước lau s&agrave;n gạch men</p>\r\n\r\n<p>V&acirc;n đ&aacute; c&oacute; m&agrave;u sắc v&agrave; đường n&eacute;t mạnh mẽ, tươi tắn tương phản với những v&acirc;n đ&aacute; nhẹ nh&agrave;ng mềm mại của d&ograve;ng đ&aacute; marble</p>\r\n\r\n<p>Đ&aacute; granite rất nặng v&igrave; vậy n&ecirc;n đối với những hạng mục cần vi&ecirc;n đ&aacute; k&iacute;ch thước lớn ở những nơi cao tầng th&igrave; rất kh&oacute; vận chuyển</p>\r\n\r\n<p><img alt=\"Thi công đá tự nhiên Granite khó khăn hơn đá marble do đá nặng hơn\" src=\"/uploads/images/thi-cong-da-granite-kho-khan-do-nang.jpg\" style=\"height:650px; width:960px\" /></p>\r\n\r\n<h2>Ưu điểm của đ&aacute; ốp l&aacute;t tự nhi&ecirc;n Marble</h2>\r\n\r\n<p>Đ&aacute; marble thể hiện vẻ đẹp rất ri&ecirc;ng. Mỗi vi&ecirc;n đ&aacute; marble được cắt ra đều l&agrave; duy nhất, kh&ocirc;ng trộn lẫn v&igrave; chất v&acirc;n c&oacute; một kh&ocirc;ng hai. Chất v&acirc;n tự nhi&ecirc;n tr&ecirc;n từng phiến đ&aacute; l&uacute;c mềm mại như những n&eacute;t chấm ph&aacute; trong bức tranh thủy mặc, khi lại c&oacute; h&igrave;nh th&ugrave; độc đ&aacute;o, trừu tượng</p>\r\n\r\n<p>Đa dạng về m&agrave;u sắc. Ch&iacute;nh n&eacute;t độc đ&aacute;o n&agrave;y m&agrave; đ&aacute; marble trở th&agrave;nh độc nhất thể hiện sự sang trọng, độc đ&aacute;o trong c&ocirc;ng tr&igrave;nh của gia chủ</p>\r\n\r\n<p>Đ&aacute; cẩm thạch nằm trong số những loại vật liệu tự nhi&ecirc;n c&oacute; độ bền th&aacute;ch thức với thời gian. Độ d&agrave;y của đ&aacute; gi&uacute;p nền nh&agrave; chịu n&eacute;n, chịu được sự va đập mạnh</p>\r\n\r\n<p>T&iacute;nh chịu nhiệt l&agrave; một ưu thế so với c&aacute;c loại đ&aacute; tự nhi&ecirc;n kh&aacute;c. N&oacute; đảm bảo ng&ocirc;i nh&agrave; được ốp bằng loại đ&aacute; n&agrave;y c&oacute; nhiệt độ đồng nhất</p>\r\n\r\n<p>Chống lửa rất tốt, v&igrave; thế n&oacute; đảm bảo hơn cho ng&ocirc;i nh&agrave; trước mối nguy về an to&agrave;n ch&aacute;y nổ</p>\r\n\r\n<p>Đặc biệt với đ&aacute; Marble &ndash; Thạch anh tự nhi&ecirc;n xuy&ecirc;n s&aacute;ng của c&ocirc;ng ty ALVA l&agrave; loại đ&aacute; được pha trộn giữa đ&aacute; cẩm thạch v&agrave; thạch anh, do vậy ch&uacute;ng c&oacute; c&aacute;c v&acirc;n tự nhi&ecirc;n nhiều m&agrave;u sắc c&oacute; khả năng xuy&ecirc;n s&aacute;ng rất tốt n&ecirc;n được ứng dụng v&agrave;o rất nhiều hạng mục trong x&acirc;y dựng như tranh đ&aacute; xuy&ecirc;n s&aacute;ng, sản xuất đồ thủ c&ocirc;ng mỹ nghệ...</p>\r\n\r\n<p><img alt=\"Đá tự nhiên xuyên sáng làm tranh đá\" src=\"/uploads/images/12.jpg\" style=\"height:522px; width:800px\" /></p>\r\n\r\n<h2>Nhược điểm của đ&aacute; ốp l&aacute;t tự nhi&ecirc;n Marble</h2>\r\n\r\n<p>Đ&aacute; marble tự nhi&ecirc;n c&oacute; đọ cứng v&agrave; bền kh&aacute; cao, tuy nhi&ecirc;n do được h&igrave;nh th&agrave;nh từ đ&aacute; v&ocirc;i, c&oacute; t&iacute;nh bột xốp n&ecirc;n đ&aacute; marble c&oacute; độ cứng k&eacute;m hơn đ&aacute; granite</p>\r\n\r\n<p>Đ&aacute; marble chống thấm k&eacute;m hơn đ&aacute; granite, c&oacute; thể chuyển m&agrave;u v&agrave; d&iacute;nh bụi bẩn dễ g&acirc;y chuyển m&agrave;u l&agrave;m mất đi vẻ đẹp ban đầu</p>\r\n\r\n<p>Ch&iacute;nh v&igrave; vấn đề chống thấm k&eacute;m hơn đ&aacute; granite n&ecirc;n việc thi c&ocirc;ng cần cầu kỳ v&agrave; đầu tư hơn, gi&aacute; th&agrave;nh thi c&ocirc;ng cũng cao hơn tương ứng</p>\r\n', '2021-07-26', '2', 0, 'uu-va-nhuoc-diem-da-tu-nhien-trong-xay-dung', 2),
(27, 'Đá marble trắng muối Alva là gì?', '2021-09-28-16-04-008.png', '2021-09-28-16-04-004.jpg', '<p>Đ&aacute; marble trắng muối hay c&ograve;n gọi tắt l&agrave; đ&aacute; trắng muối tự nhi&ecirc;n l&agrave; một loại đ&aacute; v&ocirc;i biến thể, được tạo th&agrave;nh trong qu&aacute; tr&igrave;nh kiến tạo của vỏ tr&aacute;i đất.</p>\r\n', '<p><strong>Đ&aacute; Marble trắng muối l&agrave; g&igrave;?</strong></p>\r\n\r\n<p>Đ&aacute; marble trắng muối hay c&ograve;n gọi tắt l&agrave; đ&aacute; trắng muối tự nhi&ecirc;n l&agrave; một loại đ&aacute; v&ocirc;i biến thể, được tạo th&agrave;nh trong qu&aacute; tr&igrave;nh kiến tạo của vỏ tr&aacute;i đất.</p>\r\n\r\n<p><img alt=\"Đá trắng muối - Đá Xuyên Sáng ALVA\" src=\"/uploads/images/c%E1%BB%A7a%20hi%E1%BA%BFu/Marble%20tr%E1%BA%AFng%20mu%E1%BB%91i/S3.png\" style=\"border-style:solid; border-width:1px; height:450px; width:800px\" /></p>\r\n\r\n<p style=\"text-align:center\"><em>Tấm đ&aacute; sau khi gia c&ocirc;ng tại xưởng Alva</em></p>\r\n\r\n<p><em><img alt=\"Đá muối trắng - đá xuyên sáng alva\" src=\"/uploads/images/c%E1%BB%A7a%20hi%E1%BA%BFu/Marble%20tr%E1%BA%AFng%20mu%E1%BB%91i/A4.png\" style=\"border-style:solid; border-width:1px; height:450px; width:800px\" /></em></p>\r\n\r\n<p style=\"text-align:center\"><em>H&igrave;nh ảnh tấm đ&aacute; muối trắng sau khi gia c&ocirc;ng tại xưởng&nbsp;Alva</em></p>\r\n\r\n<p><strong>Giới thiệu về đ&aacute; trắng muối</strong></p>\r\n\r\n<p>Đ&aacute;&nbsp;trắng muối của ALVA được khai th&aacute;c tại mỏ đ&aacute; thuộc tỉnh Y&ecirc;n B&aacute;i. C&oacute; hai loại l&agrave; đ&aacute; trắng muối c&oacute; v&acirc;n v&agrave; đ&aacute; trắng muối kh&ocirc;ng c&oacute; v&acirc;n. Đ&aacute; c&oacute; m&agrave;u trắng tinh tế dễ d&agrave;ng phối m&agrave;u với c&aacute;c loại đ&aacute; hoa cương kh&aacute;c.</p>\r\n\r\n<p><img alt=\"Đá muối trắng - Đá xuyên sáng Alva\" src=\"/uploads/images/c%E1%BB%A7a%20hi%E1%BA%BFu/Marble%20tr%E1%BA%AFng%20mu%E1%BB%91i/A1.png\" style=\"border-style:solid; border-width:1px; height:450px; width:800px\" /></p>\r\n\r\n<p style=\"text-align:center\"><em>H&igrave;nh ảnh sản phẩm cầu thang l&aacute;t đ&aacute; Marble trắng muối</em></p>\r\n\r\n<p><strong>T&iacute;nh năng của đ&aacute; Marble trắng muối</strong></p>\r\n\r\n<p>Đ&aacute; c&oacute; độ bền cao, khả năng chịu nhiệt tốt, chống trầy xước, chống thấm, dễ d&agrave;ng vệ sinh với bề mặt nhẵn b&oacute;ng n&ecirc;n được sử dụng trong ốp l&aacute;t mặt tiền, cầu thang, mặt b&agrave;n bếp, ốp tường, quầy bar...</p>\r\n\r\n<p><img alt=\"Đá trắng muối - đá xuyên sáng alva\" src=\"/uploads/images/c%E1%BB%A7a%20hi%E1%BA%BFu/Marble%20tr%E1%BA%AFng%20mu%E1%BB%91i/A2.png\" style=\"border-style:solid; border-width:1px; height:450px; width:800px\" /></p>\r\n\r\n<p style=\"text-align:center\"><em>H&igrave;nh ảnh sản phẩm nh&agrave; bếp bằng đ&aacute; Marble trắng muối</em></p>\r\n\r\n<p>H&atilde;y li&ecirc;n hệ với Alva để nhận được hỗ trợ v&agrave; b&aacute;o gi&aacute; ch&iacute;nh x&aacute;c nhất.</p>\r\n', '2021-09-28', '1', 1, 'da-marble-trang-muoi-la-gi', 1),
(28, 'Ưu điểm của đá Marble đen tia chớp', '2021-10-01-11-33-522.png', '2021-10-01-11-33-523.png', '<p>Sử dụng đ&aacute; tự nhi&ecirc;n Marble đen tia chớp với nhiều c&ocirc;ng tr&igrave;nh trong nh&agrave; như: Cầu thang, b&agrave;n đ&aacute;, kệ bếp,... Vậy đ&aacute; Marble đen tia chớp c&oacute; ưu điểm g&igrave; cho nội thất c&ocirc;ng tr&igrave;nh của bạn. H&atilde;y c&ugrave;ng Alva t&igrave;m hiểu về ưu điểm của đ&aacute; Marble đen tia chớp nh&eacute;!</p>\r\n', '<p><strong>Dễ bảo tr&igrave;</strong></p>\r\n\r\n<p>Do đ&aacute; c&oacute; t&iacute;nh chất của đ&aacute; Marble tự nhi&ecirc;n cộng th&ecirc;m độ b&oacute;ng tốt n&ecirc;n bảo tr&igrave; n&oacute; kh&ocirc;ng cần nỗ lực nhiều. bạn chỉ cần thỉnh thoảng ch&uacute; &yacute; đến mặt đ&aacute; đen tia chớp qua mỗi th&aacute;ng khi lau tr&ugrave;i bụ bẩn b&aacute;m v&agrave;o, như vậy sẽ gi&uacute;p &iacute;ch đến tuổi thọ của tấm đ&aacute;.</p>\r\n\r\n<p><img alt=\"Dễ bảo trì - Đá xuyên sáng alva\" src=\"/uploads/images/tia-chop-cau-thang.jpg\" style=\"border-style:solid; border-width:1px; height:450px; width:800px\" /></p>\r\n\r\n<p style=\"text-align:center\"><em>H&igrave;nh ảnh cầu thang sử dụng đ&aacute; Marble đen tia chớp thuộc Alva</em></p>\r\n\r\n<p><strong>Kh&ocirc;ng ảnh hưởng đến m&ocirc;i trường</strong></p>\r\n\r\n<p><strong>Đ&aacute; Marble đen tia</strong>&nbsp;chớp th&iacute;ch nghi với mọi điều kiện kh&iacute; hậu. Đặc biệt khi sử n&oacute; l&agrave;m s&agrave;n nh&agrave;, sẽ mang lạ cảm gi&aacute;c tươi m&aacute;t v&agrave; khỏe mạnh ở những v&ugrave;ng c&oacute; khi hậu n&oacute;ng lạnh phổ biến.</p>\r\n\r\n<p><img alt=\"Không ảnh hưởng đến môi trường - Đá xuyên sáng Alva\" src=\"/uploads/images/tia-chop-quay.jpg\" style=\"border-style:solid; border-width:1px; height:450px; width:800px\" /></p>\r\n\r\n<p style=\"text-align:center\"><em>H&igrave;nh ảnh chỉ mang t&iacute;nh chất minh họa</em></p>\r\n\r\n<p><strong>M&agrave;u đen tia chớp rất ấn tượng</strong></p>\r\n\r\n<p>Bề mặt kh&ocirc;ng gian sử dụng đ&aacute; Marble đen tia chớp phản &aacute;nh sức mạnh, qu&yacute; tộc, nh&acirc;n phẩm, tham vọng v&agrave; niềm đam m&ecirc; c&ugrave;ng một l&uacute;c. M&agrave;u đen l&agrave; một dấu hiệu của sự thanh lịch khi được sử dụng trong phong c&aacute;ch, v&agrave; trong trang tr&iacute;. N&oacute; tạo ra một sự tương phản rất tốt với m&agrave;u sắc tươi s&aacute;ng.</p>\r\n\r\n<p><img alt=\"Màu đen tia chớp ấn tượng - Đá xuyên sáng Alva\" src=\"/uploads/images/Untitled-1.png\" style=\"border-style:solid; border-width:1px; height:450px; width:800px\" /></p>\r\n\r\n<p style=\"text-align:center\"><em>H&igrave;nh ảnh chỉ mang t&iacute;nh chất minh họa</em></p>\r\n\r\n<p>C&oacute; thể n&oacute;i rằng, ưu điểm lớn nhất của đ&aacute; đen chỉ trắng đ&oacute; l&agrave; n&eacute;t bề ngo&agrave;i lẫn m&agrave;u sắc v&agrave; v&acirc;n đ&aacute; của n&oacute;. M&agrave;u đen sử dụng cho phần cứng kh&ocirc;ng gian để tạo ra điểm thanh lịch. Nếu bạn muốn th&ecirc;m một cảm gi&aacute;c t&aacute;o bạo nhưng s&aacute;ng tạo cho trang tr&iacute; của bạn, tấm đ&aacute; Marble đen tia chớp l&agrave; sự thay thế ho&agrave;n hảo cho bạn.</p>\r\n\r\n<p><img alt=\"\" src=\"/uploads/images/3.jpg\" style=\"border-style:solid; border-width:1px; height:450px; width:800px\" /></p>\r\n\r\n<p style=\"text-align:center\"><em>H&igrave;nh ảnh chỉ mang t&iacute;nh chất minh họa</em></p>\r\n', '2021-10-01', '1', 1, 'Uu-diem-cua-da-den-tia-chop', 1),
(29, 'Tranh đá tự nhiên xuyên sáng ban ngày Alva', '2021-10-05-09-46-151.png', '2021-10-05-09-46-152.png', '<p>Tranh đ&aacute; xuy&ecirc;n s&aacute;ng Alva được sử dụng bằng đ&aacute; onyx thuộc họ đ&aacute; thạch qu&yacute; hiếm, c&oacute; khả năng bắt s&aacute;ng tốt. Để tạo l&ecirc;n 1 bức tranh đ&aacute; xuy&ecirc;n s&aacute;ng sang trọng, cao cấp l&agrave; sự k&igrave; c&ocirc;ng của cả một đội ngũ kỹ thuật d&agrave;y dặn kinh nghiệm nhiều năm trong nghề.</p>\r\n', '<h2><strong>Đ&aacute; tự nhi&ecirc;n xuy&ecirc;n s&aacute;ng l&agrave; g&igrave;?</strong></h2>\r\n\r\n<p>Đ&aacute; tự nhi&ecirc;n xuy&ecirc;n s&aacute;ng l&agrave; đ&aacute;&nbsp;tự nhi&ecirc;n onyx thuộc họ đ&aacute; thạch anh qu&yacute; hiếm, c&oacute; khả năng bắt s&aacute;ng tốt. Với khả năng xuy&ecirc;n s&aacute;ng l&ecirc;n đến 90%, đ&aacute; onyx gi&uacute;p cho c&ocirc;ng tr&igrave;nh kiến tr&uacute;c to&aacute;t l&ecirc;n một vẻ đep lung linh, b&iacute; ẩn, sang trọng v&agrave; v&ocirc; c&ugrave;ng độc đ&aacute;o.</p>\r\n\r\n<p><img alt=\"Đá xuyên sáng - Đá xuyên sáng alva\" src=\"/uploads/images/156768187_4054156874596819_4230806682836708982_n.jpg\" style=\"height:450px; width:800px\" /></p>\r\n\r\n<h2><strong>Tranh đ&aacute; tự nhi&ecirc;n xuy&ecirc;n s&aacute;ng Alva ban ng&agrave;y</strong></h2>\r\n\r\n<p>Tranh đ&aacute; tự nhi&ecirc;n xuy&ecirc;n s&aacute;ng Alva l&agrave; những tấm đ&aacute;&nbsp;được khai th&aacute;c v&agrave; thi c&ocirc;ng bởi những chuy&ecirc;n gia kỹ thuật về đ&aacute; nhiều năm kinh nghiệm. Tấm đ&aacute; sau khi được khai th&aacute;c phải trải qua nhiều giai đoạn tạo h&igrave;nh để l&agrave;m l&ecirc;n được 1 tấm tranh đ&aacute; c&oacute; c&aacute;c đường v&acirc;n tự nhi&ecirc;n, cao cấp v&agrave; sang trọng.</p>\r\n\r\n<p><img alt=\"Tranh đá tự nhiên xuyên sáng - Đá xuyên sáng Alva\" src=\"/uploads/images/ky-bi-1.jpg\" style=\"height:450px; width:800px\" /></p>\r\n\r\n<p>Tranh đ&aacute; xuy&ecirc;n s&aacute;ng&nbsp;Alva ban ng&agrave;y kh&ocirc;ng chỉ mang đến sự độc đ&aacute;o v&agrave; sang trọng cho ng&ocirc;i nh&agrave; của bạn, m&agrave; tranh đ&aacute; Alva bởi v&igrave; l&agrave;&nbsp;d&ograve;ng&nbsp;đ&aacute; tự nhi&ecirc;n c&ograve;n mang lại gi&aacute; trị&nbsp;lợi &iacute;ch về sức khỏe&nbsp;cho gia đ&igrave;nh của bạn.</p>\r\n\r\n<p><img alt=\"Giá trị sức khỏe khi sử dụng đá tự nhiên Alva - đá xuyên sáng Alva\" src=\"/uploads/images/ky-bi-3.jpg\" style=\"height:450px; width:800px\" /></p>\r\n\r\n<p>H&atilde;y li&ecirc;n hệ với ch&uacute;ng t&ocirc;i để nhận được tư vấn v&agrave; b&aacute;o gi&aacute; tốt nhất cho sản phẩm tranh đ&aacute; ban ng&agrave;y Alva</p>\r\n', '2021-10-05', '1', 0, 'tranh-da-tu-nhien-xuyen-sang-ban-ngay-alva', 1),
(30, '3 lí do nên chọn đá xuyên sáng cho công trình của bạn', '2021-10-07-15-40-45untitled-1.png', '2021-10-07-15-40-452.png', '<p>Alva l&agrave; một&nbsp;trong những nh&agrave; cung cấp, thi c&ocirc;ng&nbsp;đ&aacute; cho nhiều c&ocirc;ng tr&igrave;nh nh&agrave; h&agrave;ng - kh&aacute;ch sạn&nbsp;cao cấp, sang trọng&nbsp;&nbsp;bậc nhất trong nước.</p>\r\n', '<h2><strong>Đ&aacute; xuy&ecirc;n s&aacute;ng Alva&nbsp;được khai th&aacute;c tự nhi&ecirc;n</strong></h2>\r\n\r\n<p>V&igrave;&nbsp;đ&aacute; xuy&ecirc;n s&aacute;ng Alva&nbsp;được khai th&aacute;c từ tự nhi&ecirc;n n&ecirc;n những tấm&nbsp;đ&aacute; của Alva sau khi thi c&ocirc;ng th&igrave; kh&ocirc;ng c&oacute; v&acirc;n&nbsp;đ&aacute; n&agrave;o giống v&acirc;n&nbsp;đ&aacute; n&agrave;o. Tạo&nbsp;được sự&nbsp;độc&nbsp;đ&aacute;o, qu&yacute; hiếm của&nbsp;đ&aacute; xuy&ecirc;n s&aacute;ng.</p>\r\n\r\n<p><img alt=\"Đá xuyên sáng Alva - đá xuyên sáng alva\" src=\"/uploads/images/cong-trinh-1.jpg\" style=\"height:450px; width:800px\" /></p>\r\n\r\n<p style=\"text-align:center\"><em>H&igrave;nh&nbsp;ảnh mẫu tranh ban&nbsp;đ&ecirc;m thuộc Alva</em></p>\r\n\r\n<h2><strong>Đ&aacute; xuy&ecirc;n s&aacute;ng Alva c&oacute; khả năng bắt s&aacute;ng tốt</strong></h2>\r\n\r\n<p>Đ&aacute; xuy&ecirc;n s&aacute;ng tự nhi&ecirc;n onyx thuộc họ đ&aacute; thạch anh qu&yacute; hiếm, c&oacute; khả năng bắt s&aacute;ng tốt. Với khả năng xuy&ecirc;n s&aacute;ng l&ecirc;n đến 90%, đ&aacute; xuy&ecirc;n s&aacute;ng gi&uacute;p cho c&ocirc;ng tr&igrave;nh kiến tr&uacute;c to&aacute;t l&ecirc;n một vẻ đep lung linh, b&iacute; ẩn, sang trọng v&agrave; v&ocirc; c&ugrave;ng độc đ&aacute;o.</p>\r\n\r\n<p><img alt=\"Đá xuyên sáng alva bắt sáng tốt - Đá xuyên sáng Alva\" src=\"/uploads/images/tranh-da-xuyen-sang-12.jpg\" style=\"height:450px; width:800px\" /></p>\r\n\r\n<p style=\"text-align:center\"><em>Tranh&nbsp;đ&aacute; xuy&ecirc;n s&aacute;ng thuộc Alva</em></p>\r\n\r\n<h2><strong>Đ&aacute; xuy&ecirc;n s&aacute;ng Alva c&oacute; gi&aacute; trị lợi&nbsp;&iacute;ch về sức khỏe gia chủ</strong></h2>\r\n\r\n<p>V&igrave; l&agrave;&nbsp;đ&aacute;&nbsp;được khai th&aacute;c trong tự nhi&ecirc;n n&ecirc;n c&oacute; gi&aacute; trị sức khỏe cao cho gia chủ sử dụng đ&aacute;.Trong phong thủy, đ&aacute; tự nhi&ecirc;n đ&aacute; xuy&ecirc;n s&aacute;ng onyx mang rất nhiều năng lượng t&iacute;ch cực c&oacute; t&aacute;c dụng gi&uacute;p con người được mạnh mẽ hơn về thể chất lẫn tinh thần.</p>\r\n\r\n<p><img alt=\"Giá trị lợi ích sức khỏe gia chủ - Đá xuyên sáng Alva\" src=\"/uploads/images/1(1).jpg\" style=\"border-style:solid; border-width:1px; height:450px; width:800px\" /></p>\r\n\r\n<p style=\"text-align:center\"><em>H&igrave;nh&nbsp;ảnh sập&nbsp;đ&aacute; tự nhi&ecirc;n thuộc Alva</em></p>\r\n', '2021-10-07', '1', 1, 'cac-li-do-nen-chon-da-xuyen-sang-cho-cong-trinh-cua-ban', 1);
INSERT INTO `tintuc` (`id`, `ten`, `vuong`, `dai`, `mota`, `noidung`, `ngay`, `tag`, `noibat`, `slug`, `loai`) VALUES
(31, 'Tranh đá tự nhiên xuyên sáng ban đêm Alva', '2021-10-13-17-03-502.png', '2021-10-13-17-03-5026.png', '<p>Tranh đ&aacute; xuy&ecirc;n s&aacute;ng Alva được sử dụng bằng đ&aacute; onyx thuộc họ đ&aacute; thạch qu&yacute; hiếm, c&oacute; khả năng bắt s&aacute;ng tốt. Để tạo l&ecirc;n 1 bức tranh đ&aacute; xuy&ecirc;n s&aacute;ng sang trọng, cao cấp l&agrave; sự k&igrave; c&ocirc;ng của cả một đội ngũ kỹ thuật d&agrave;y dặn kinh nghiệm nhiều năm trong nghề.</p>\r\n', '<h2><strong>Đ&aacute; tự nhi&ecirc;n xuy&ecirc;n s&aacute;ng l&agrave; g&igrave;?</strong></h2>\r\n\r\n<p>Đ&aacute; tự nhi&ecirc;n xuy&ecirc;n s&aacute;ng l&agrave; đ&aacute;&nbsp;tự nhi&ecirc;n onyx thuộc họ đ&aacute; thạch anh qu&yacute; hiếm, c&oacute; khả năng bắt s&aacute;ng tốt. Với khả năng xuy&ecirc;n s&aacute;ng l&ecirc;n đến 90%, đ&aacute; onyx gi&uacute;p cho c&ocirc;ng tr&igrave;nh kiến tr&uacute;c to&aacute;t l&ecirc;n một vẻ đep lung linh, b&iacute; ẩn, sang trọng v&agrave; v&ocirc; c&ugrave;ng độc đ&aacute;o.</p>\r\n\r\n<p><img alt=\"\" src=\"/uploads/images/c%E1%BB%A7a%20hi%E1%BA%BFu/Tranh%20%C4%91%C3%A1%20ban%20%C4%91%C3%AAm/2(1).jpg\" style=\"border-style:solid; border-width:1px; height:450px; width:800px\" /></p>\r\n\r\n<p style=\"text-align:center\"><em>H&igrave;nh ảnh thi c&ocirc;ng&nbsp;tranh đ&aacute; ban đ&ecirc;m thuộc Alva</em></p>\r\n\r\n<p>Đ&aacute; sau khi khai th&aacute;c tự nhi&ecirc;n sẽ được đưa sang qu&aacute; tr&igrave;nh thi c&ocirc;ng m&agrave;i dũa, đ&aacute;nh b&oacute;ng&nbsp;để trở th&agrave;nh 1 tấm đ&aacute;, 1 tấm tranh đẹp</p>\r\n\r\n<p><img alt=\"tranh đá ban đêm - đá xuyên sáng Alva\" src=\"/uploads/images/c%E1%BB%A7a%20hi%E1%BA%BFu/Tranh%20%C4%91%C3%A1%20ban%20%C4%91%C3%AAm/6.jpg\" style=\"height:450px; width:800px\" /></p>\r\n\r\n<p style=\"text-align:center\"><em>H&igrave;nh ảnh tranh đ&aacute; ban đ&ecirc;m thuộc&nbsp;Alva</em></p>\r\n\r\n<p><em><img alt=\"tranh đá ban đêm - đá xuyên sáng Alva\" src=\"/uploads/images/c%E1%BB%A7a%20hi%E1%BA%BFu/Tranh%20%C4%91%C3%A1%20ban%20%C4%91%C3%AAm/5.jpg\" style=\"height:450px; width:800px\" /></em></p>\r\n\r\n<p style=\"text-align:center\"><em>H&igrave;nh ảnh tranh đ&aacute; ban đ&ecirc;m thuộc&nbsp;Alva</em></p>\r\n\r\n<h2><strong>Tranh đ&aacute; tự nhi&ecirc;n xuy&ecirc;n s&aacute;ng Alva ban đ&ecirc;m</strong></h2>\r\n\r\n<p>Tranh đ&aacute; tự nhi&ecirc;n xuy&ecirc;n s&aacute;ng Alva l&agrave; những tấm đ&aacute;&nbsp;được khai th&aacute;c v&agrave; thi c&ocirc;ng bởi những chuy&ecirc;n gia kỹ thuật về đ&aacute; nhiều năm kinh nghiệm. Tấm đ&aacute; sau khi được khai th&aacute;c phải trải qua nhiều giai đoạn tạo h&igrave;nh để l&agrave;m l&ecirc;n được 1 tấm tranh đ&aacute; c&oacute; c&aacute;c đường v&acirc;n tự nhi&ecirc;n, cao cấp v&agrave; sang trọng.</p>\r\n\r\n<p><img alt=\"Tranh đá ban đêm xuyên sáng Alva - đá xuyên sáng Alva\" src=\"/uploads/images/1.jpg\" style=\"height:450px; width:800px\" /></p>\r\n\r\n<h2><strong>C&aacute;ch bảo quản tranh đ&aacute; xuy&ecirc;n s&aacute;ng Alva</strong></h2>\r\n\r\n<p>Cần chống thấm cho đ&aacute; marble trước khi đem đi thi c&ocirc;ng. Đ&acirc;y ch&iacute;nh l&agrave; quy tr&igrave;nh rất quan trọng quyết định đến chất lượng của c&ocirc;ng tr&igrave;nh sau n&agrave;y</p>\r\n\r\n<p><img alt=\"Không sử dụng xà phòng vệ sinh đá tự nhiên xuyên sáng\" src=\"/uploads/images/xa-phong.jpg\" /></p>\r\n\r\n<p style=\"text-align:center\"><em>H&igrave;nh ảnh chỉ mang t&iacute;nh chất minh họa</em></p>\r\n\r\n<p>Kh&ocirc;ng n&ecirc;n sử dụng x&agrave; ph&ograve;ng hay những chất c&oacute; t&iacute;nh tẩy rửa cao để đ&aacute;nh rửa. Bởi v&igrave; những chất tẩy rửa c&oacute; thể ăn m&ograve;n v&agrave; l&agrave;m cho bề mặt của đ&aacute; xấu đi rất nhiều</p>\r\n\r\n<p>H&atilde;y đọc kỹ c&aacute;c hướng dẫn cũng như nắm r&otilde; c&aacute;c quy tr&igrave;nh kỹ thuật chống thấm cho đ&aacute;. Tr&aacute;nh chống thấm sai c&aacute;ch sẽ l&agrave;m cho đ&aacute; marble xuống cấp nhanh ch&oacute;ng. L&agrave;m mất đi vẻ tự nhi&ecirc;n vốn c&oacute; của n&oacute;</p>\r\n\r\n<p>Khi c&oacute; những vết bẩn do c&agrave; ph&ecirc;, nước tr&aacute;i c&acirc;y, rượu vang g&acirc;y ra, c&aacute;c vệt ố v&agrave;ng, nấm mốc, địa y,&hellip; Bạn cần vệ sinh lu&ocirc;n tr&aacute;nh để l&acirc;u. Sử dụng nước v&agrave; vải mềm lau sạch ch&iacute;nh l&agrave; c&aacute;ch tốt nhất</p>\r\n\r\n<p>H&atilde;y thường xuy&ecirc;n d&ugrave;ng vải mềm lau bề mặt c&aacute;c c&ocirc;ng tr&igrave;nh đ&aacute; marble tự nhi&ecirc;n cao cấp để cho đ&aacute; lu&ocirc;n c&oacute; độ s&aacute;ng b&oacute;ng v&agrave; bền đẹp.</p>\r\n\r\n<p><img alt=\"Vệ sinh đá tự nhiên xuyên sáng bằng vải mềm và nước\" src=\"/uploads/images/su-dung-vai-mem-nuoc-trang.jpg\" /></p>\r\n\r\n<p style=\"text-align:center\"><em>H&igrave;nh ảnh chỉ mang t&iacute;nh chất minh họa</em></p>\r\n\r\n<p><strong>Li&ecirc;n hệ ngay với Alva để nhận tư vấn v&agrave; b&aacute;o gi&aacute; tốt nhất cho nội thất ng&ocirc;i nh&agrave; của bạn!</strong></p>\r\n', '2021-10-13', '1', 1, 'tranh-da-tu-nhien-xuyen-sang-ban-dem-alva', 1),
(32, 'Alva - Cung cấp và phân phối đá tự nhiên xuyên sáng toàn quốc', '2021-10-15-09-09-071.png', '2021-10-15-09-09-072.png', '<p>C&ocirc;ng ty TNHH ALVA&nbsp;l&agrave; đơn vị khai th&aacute;c đ&aacute; tự nhi&ecirc;n. Từ việc cung cấp, ph&acirc;n phối đ&aacute;, tư vấn sản phẩm, thiết kế, đến gia c&ocirc;ng sản xuất, thi c&ocirc;ng lắp đặt ho&agrave;n thiện. Với đội ngũ nh&acirc;n sự chuy&ecirc;n nghiệp gồm c&aacute;c kỹ sư thiết kế &amp; thi c&ocirc;ng c&oacute; bề d&agrave;y kinh nghiệm, đội ngũ c&ocirc;ng nh&acirc;n l&agrave;nh nghề, trang thiết bị m&aacute;y m&oacute;c, nh&agrave; xưởng hiện đại.</p>\r\n', '<h2>Nh&agrave; cung cấp v&agrave; ph&acirc;n phối đ&aacute; xuy&ecirc;n s&aacute;ng Alva</h2>\r\n\r\n<p>C&ocirc;ng ty TNHH ALVA l&agrave; Đơn vị khai th&aacute;c đ&aacute; tự nhi&ecirc;n. Từ việc cung cấp, ph&acirc;n phối đ&aacute;, tư vấn sản phẩm, thiết kế, đến gia c&ocirc;ng sản xuất, thi c&ocirc;ng lắp đặt ho&agrave;n thiện. Với đội ngũ nh&acirc;n sự chuy&ecirc;n nghiệp gồm c&aacute;c kỹ sư thiết kế &amp; thi c&ocirc;ng c&oacute; bề d&agrave;y kinh nghiệm, đội ngũ c&ocirc;ng nh&acirc;n l&agrave;nh nghề, trang thiết bị m&aacute;y m&oacute;c, nh&agrave; xưởng hiện đại</p>\r\n\r\n<p><img alt=\"Nhà cung cấp và phân phối đá xuyên sáng Alva - đá xuyên sáng alva\" src=\"/uploads/images/mo-da-alva.jpg\" style=\"height:720px; width:960px\" /></p>\r\n\r\n<h2>Sản phẩm đ&aacute; tự nhi&ecirc;n xuy&ecirc;n s&aacute;ng Alva đạt chuẩn v&agrave; gi&aacute; cả tốt</h2>\r\n\r\n<p>ALVA lu&ocirc;n cam kết cung cấp đ&aacute; Marble &ndash; thạch anh tự nhi&ecirc;n xuy&ecirc;n s&aacute;ng với chất lượng tốt nhất, gi&aacute; cả cạnh tranh, hỗ trợ kh&aacute;ch h&agrave;ng nhiệt t&igrave;nh, lu&ocirc;n đặt chất lượng sản phẩm l&ecirc;n h&agrave;ng đầu</p>\r\n\r\n<p><img alt=\"sản phẩm đá tự nhiên xuyên sáng đạt chuẩn - đá xuyên sáng Alva\" src=\"/uploads/images/ve-sinh-2.jpg\" style=\"height:833px; width:1000px\" /></p>\r\n\r\n<p>ALVA đ&atilde; v&agrave; đang l&agrave; một trong những đơn vị h&agrave;ng đầu l&agrave;m h&agrave;i l&ograve;ng kh&aacute;ch h&agrave;ng về chất lượng, kỹ thuật, mỹ thuật. Bằng năng lực v&agrave; t&acirc;m huyết nghề nghiệp c&ugrave;ng sự cầu thị, ALVA đ&atilde; nhận được sự t&iacute;n nhiệm của nhiều kh&aacute;ch h&agrave;ng tr&ecirc;n cả nước với những dự &aacute;n, c&ocirc;ng tr&igrave;nh từ đơn giản tới cầu kỳ, phức tạp, đ&ograve;i hỏi những ti&ecirc;u ch&iacute; cao nhất</p>\r\n\r\n<p><img alt=\"Alva nhà cung cấp và phân phối đá xuyên sáng toàn quốc - đá xuyên sáng alva\" src=\"/uploads/images/ky-bi-1.jpg\" style=\"height:603px; width:859px\" /></p>\r\n\r\n<p>ALVA cam kết mang đến cho kh&aacute;ch h&agrave;ng c&aacute;c sản phẩm về đ&aacute; với chất lượng tốt nhất bằng ch&iacute;nh sự tr&acirc;n trọng, niềm vui v&agrave; tr&aacute;ch nhiệm của m&igrave;nh với kh&aacute;ch h&agrave;ng.</p>\r\n', '2021-10-15', '1', 1, 'alva-cung-cap-va-phan-phoi-da-tu-nhien-xuyen-sang-toan-quoc', 1),
(33, 'Tranh đá tự nhiên xuyên sáng Alva', '2021-10-23-15-58-154.png', '2021-10-23-15-58-153.png', '<p>Tranh đ&aacute; xuy&ecirc;n s&aacute;ng Alva được sử dụng bằng đ&aacute; onyx thuộc họ đ&aacute; thạch qu&yacute; hiếm, c&oacute; khả năng bắt s&aacute;ng tốt. Để tạo l&ecirc;n 1 bức tranh đ&aacute; xuy&ecirc;n s&aacute;ng sang trọng, cao cấp l&agrave; sự k&igrave; c&ocirc;ng của cả một đội ngũ kỹ thuật d&agrave;y dặn kinh nghiệm nhiều năm trong nghề.</p>\r\n', '<h2>Tranh đ&aacute; tự nhi&ecirc;n xuy&ecirc;n s&aacute;ng l&agrave; g&igrave;?</h2>\r\n\r\n<p>Tranh đ&aacute; tự nhi&ecirc;n xuy&ecirc;n s&aacute;ng Alva được khai th&aacute;c trong tự nhi&ecirc;n v&agrave; được thi c&ocirc;ng để trở th&agrave;nh một tấm tranh đ&aacute; tuyệt phẩm. Đ&aacute; tự nhi&ecirc;n xuy&ecirc;n s&aacute;ng l&agrave; đ&aacute;&nbsp;tự nhi&ecirc;n onyx thuộc họ đ&aacute; thạch anh qu&yacute; hiếm, c&oacute; khả năng bắt s&aacute;ng tốt. Với khả năng xuy&ecirc;n s&aacute;ng l&ecirc;n đến 90%, đ&aacute; onyx gi&uacute;p cho c&ocirc;ng tr&igrave;nh kiến tr&uacute;c to&aacute;t l&ecirc;n một vẻ đep lung linh, b&iacute; ẩn, sang trọng v&agrave; v&ocirc; c&ugrave;ng độc đ&aacute;o.</p>\r\n\r\n<p><img alt=\"Tranh đá tự nhiên xuyên sáng - đá xuyên sáng Alva\" src=\"/uploads/images/ve-sinh-1.jpg\" style=\"height:635px; width:1000px\" /></p>\r\n\r\n<h2>Thi c&ocirc;ng tranh đ&aacute; xuy&ecirc;n s&aacute;ng To&agrave;n Quốc</h2>\r\n\r\n<p>Tranh đ&aacute; xuy&ecirc;n s&aacute;ng c&oacute; thể ứng dụng ốp l&aacute;t ở nhiều vị tr&iacute; kh&aacute;c nhau như: ốp l&aacute;t trần nh&agrave; xuy&ecirc;n s&aacute;ng, ốp tường nh&agrave; xuy&ecirc;n s&aacute;ng, cầu thang xuy&ecirc;n s&aacute;ng, mặt b&agrave;n xuy&ecirc;n s&aacute;ng, mặt quầy xuy&ecirc;n s&aacute;ng&hellip;&nbsp;</p>\r\n\r\n<p><img alt=\"Thi công tranh đá xuyên sáng toàn quốc - đá xuyên sáng Alva\" src=\"/uploads/images/dac-diem-da-xuyen-sang-2.jpg\" style=\"height:521px; width:800px\" /></p>\r\n\r\n<p>Tranh đ&aacute; tự nhi&ecirc;n xuy&ecirc;n s&aacute;ng thường l&agrave; tranh gh&eacute;p đối xứng 2 tấm, sự phối trộn h&agrave;i h&ograve;a về m&agrave;u sắc, ấn tượng trong từng đường v&acirc;n, nghệ nh&acirc;n thi&ecirc;n nhi&ecirc;n đ&atilde; vẽ n&ecirc;n những bức tranh đầy b&iacute; ẩn lu&ocirc;n khiến người xem phải tưởng tượng h&igrave;nh dung.</p>\r\n\r\n<p><img alt=\"Tranh đá tự nhiên xuyên sáng alva - đá xuyên sáng Alva\" src=\"/uploads/images/ky-bi-2.jpg\" style=\"height:1031px; width:1280px\" /></p>\r\n\r\n<p>H&atilde;y li&ecirc;n hệ với Alva để nhận được tư vấn v&agrave; b&aacute;o gi&aacute; ch&iacute;nh x&aacute;c nhất cho c&ocirc;ng tr&igrave;nh của bạn!</p>\r\n', '2021-10-23', '2', 1, 'tranh-da-tu-nhien-xuyen-sang-alva', 1),
(34, 'Đá Tự Nhiên Xuyên Sáng Thường Được Sử Dụng Để Làm Gì?', '2021-10-29-10-53-27v1.png', '2021-10-29-10-53-27v2.png', '<p>Đ&aacute; tự nhi&ecirc;n xuy&ecirc;n s&aacute;ng l&agrave; loại đ&aacute; tự v&agrave; c&oacute; gi&aacute; trị nhiều về mặt sức khỏe của gia chủ sử dụng. Vậy đ&aacute; tự nhi&ecirc;n xuy&ecirc;n s&aacute;ng thường được sử dụng v&agrave;o những c&ocirc;ng tr&igrave;nh n&agrave;o. Ch&uacute;ng ta h&atilde;y c&ugrave;ng Đ&aacute; Xuy&ecirc;n S&aacute;ng Alva t&igrave;m hiểu về điều n&agrave;y nh&eacute;!</p>\r\n', '<h2>Đ&aacute; Tự Nhi&ecirc;n Xuy&ecirc;n S&aacute;ng Của Alva L&agrave; G&igrave;?</h2>\r\n\r\n<p>Đ&aacute; xuy&ecirc;n s&aacute;ng tự nhi&ecirc;n được biết đến chủ yếu với d&ograve;ng đ&aacute; ngọc Onyx. Sản phẩm được cấu tạo từ những loại đ&aacute; qu&yacute; hiếm, c&oacute; khả năng bắt s&aacute;ng tốt như Onyx, Granit,&hellip; Từ h&agrave;ng trăm triệu năm trước, những d&ograve;ng nham thạch n&oacute;ng từ l&otilde;i của đất phun tr&agrave;o qua những miệng n&uacute;i lửa khổng lồ, khi gặp kh&ocirc;ng kh&iacute; lạnh b&ecirc;n ngo&agrave;i, bề mặt của ch&uacute;ng sẽ dần nguội đi v&agrave; se lại, tạo n&ecirc;n lớp vỏ tr&aacute;i đất. Theo thời gian phần l&otilde;i b&ecirc;n trong vẫn t&iacute;ch tụ năng lượng v&agrave; &acirc;m &iacute;t cảy cho đến khi nguội hẳn. Sản phẩm cuối c&ugrave;ng sẽ l&agrave; những khối đặc vẫn c&ograve;n giữ nguy&ecirc;n m&agrave;u sắc như lửa. Trải qua h&agrave;ng tri&ecirc;u năm sau đ&oacute;, c&aacute;c lớp kho&aacute;ng chất kết tủa bắt đầu biến đổi, loang ra th&agrave;nh từng vệt c&oacute; độ d&agrave;y từ v&agrave;i micromet đến v&agrave;i milimet, tạo th&agrave;nh những lớp v&acirc;n tr&ecirc;n đ&aacute; tự nhi&ecirc;n m&agrave; tuyệt đẹp. Cũng ch&iacute;nh v&igrave; thế m&agrave; kh&ocirc;ng tồn tại&nbsp;bất kỳ 2 vi&ecirc;n đ&aacute; xuy&ecirc;n s&aacute;ng tự nhi&ecirc;n onyx n&agrave;o giống nhau cả.</p>\r\n\r\n<p><img alt=\"Đá tự nhiên xuyên sáng Alva\" src=\"/uploads/images/ky-bi-1.jpg\" style=\"height:603px; width:859px\" /></p>\r\n\r\n<h2>Đ&aacute; Tự Nhi&ecirc;n Xuy&ecirc;n S&aacute;ng Được Sử Dụng L&agrave;m G&igrave;?</h2>\r\n\r\n<p>Với kết cấu đặc biệt l&agrave; li&ecirc;n kết dạng tinh thể c&oacute; t&iacute;nh đồng nhất cao, nhiều m&agrave;u sắc kh&aacute;c nhau v&agrave; c&oacute; thể xuy&ecirc;n s&aacute;ng, đ&aacute; xuy&ecirc;n s&aacute;ng tự nhi&ecirc;n được ứng dụng rất nhiều trong kiến tr&uacute;c nội, ngoại thất c&aacute;c c&ocirc;ng tr&igrave;nh, từ ốp mặt tiền, sảnh, l&aacute;t h&agrave;nh lang, cầu thang đến trang tr&iacute; nh&agrave; tắm, nh&agrave; bếp, v.v&hellip; Tuy nhi&ecirc;n v&igrave; l&agrave; loại đ&aacute; cao cấp, gi&aacute; th&agrave;nh kh&ocirc;ng hề rẻ n&ecirc;n đ&aacute; onyx thường được sử dụng nhiều nhất cho c&aacute;c vị tr&iacute; cần sự sang trọng, tinh tế hoặc tạo điểm nhấn cho to&agrave;n kh&ocirc;ng gian kiến tr&uacute;c, như sảnh ch&iacute;nh v&agrave;o t&ograve;a nh&agrave;, quầy lễ t&acirc;n, quầy ba, b&agrave;n ăn, trang tr&iacute; ph&ograve;ng kh&aacute;ch, h&agrave;nh lang kh&aacute;ch sạn &hellip;</p>\r\n\r\n<p><img alt=\"Ứng dụng trong làm sàn\" src=\"/uploads/images/phan-phoi-vuong.jpg\" style=\"height:600px; width:600px\" /></p>\r\n\r\n<p style=\"text-align:center\"><em>Đ&aacute; tự nhi&ecirc;n xuy&ecirc;n s&aacute;ng Alva ứng dụng trong l&agrave;m s&agrave;n</em></p>\r\n\r\n<p><img alt=\"Ứng dụng trong công trình - đá xuyên sáng alva\" src=\"/uploads/images/tia-chop-cau-thang-2.jpg\" style=\"height:1110px; width:760px\" /></p>\r\n\r\n<p style=\"text-align:center\"><em>Đ&aacute; tự nhi&ecirc;n xuy&ecirc;n s&aacute;ng Alva&nbsp;ứng dụng trong cầu thang</em></p>\r\n\r\n<p><em><img alt=\"Đá lát sàn Alva - đá xuyên sáng alva\" src=\"/uploads/images/ve-sinh-2.jpg\" style=\"height:833px; width:1000px\" /></em></p>\r\n\r\n<p style=\"text-align:center\"><em>Đ&aacute; tự nhi&ecirc;n xuy&ecirc;n s&aacute;ng &aacute;p dụng v&agrave;o l&aacute;t s&agrave;n Alva</em></p>\r\n\r\n<p><img alt=\"đá lát sàn alva - đá xuyên sáng alva\" src=\"/uploads/images/lat-nen-tu-nhien-2.jpg\" style=\"height:960px; width:1152px\" /></p>\r\n\r\n<p style=\"text-align:center\"><em>Đ&aacute; tự nhi&ecirc;n xuy&ecirc;n s&aacute;ng &aacute;p dụng v&agrave;o l&aacute;t s&agrave;n Alva</em></p>\r\n\r\n<p><em><img alt=\"đá xuyên sáng alva\" src=\"/uploads/images/tia-chop-vach.jpg\" style=\"height:960px; width:1440px\" /></em></p>\r\n\r\n<p style=\"text-align:center\"><em>Đ&aacute; xuy&ecirc;n s&aacute;ng Alva ứng dụng ốp l&aacute;t thang m&aacute;y</em></p>\r\n\r\n<h2>Những tấm&nbsp;tranh đ&aacute; nghệ thuật xa hoa v&agrave; cao cấp Alva</h2>\r\n\r\n<p><img alt=\"Tranh đá alva - đá xuyên sáng alva\" src=\"/uploads/images/ky-bi-3.jpg\" style=\"height:800px; width:1200px\" /></p>\r\n\r\n<p style=\"text-align:center\"><em>Tranh đ&aacute; tự nhi&ecirc;n xuy&ecirc;n s&aacute;ng Alva</em></p>\r\n\r\n<p><em><img alt=\"tranh đá tự nhiên xuyên sáng alva - đá xuyên sáng alva\" src=\"/uploads/images/tranh-da-khi-khong-bat-den.jpg\" style=\"height:521px; width:800px\" /></em></p>\r\n\r\n<p style=\"text-align:center\"><em>Tranh đ&aacute; tự nhi&ecirc;n xuy&ecirc;n s&aacute;ng Alva</em></p>\r\n\r\n<p><em><img alt=\"tranh đá xuyên sáng alva - đá xuyên sáng alva\" src=\"/uploads/images/ky-bi-2.jpg\" style=\"height:1031px; width:1280px\" /></em></p>\r\n\r\n<p style=\"text-align:center\"><em>Tranh đ&aacute; tự nhi&ecirc;n xuy&ecirc;n s&aacute;ng Alva</em></p>\r\n\r\n<p><strong>H&atilde;y li&ecirc;n hệ Alva để nhận tư vấn v&agrave; b&aacute;o gi&aacute; ch&iacute;nh x&aacute;c cho c&ocirc;ng tr&igrave;nh của bạn</strong></p>\r\n', '2021-10-29', '1', 1, 'da-tu-nhien-xuyen-sang-thuong-duoc-su-dung-de-lam-gi', 1),
(35, 'Alva - Đơn vị phân phối và thi công lắp đặt tại Hải Phòng', '2021-11-03-08-53-192.png', '2021-11-03-08-53-191.png', '<p>Đ&aacute; xuy&ecirc;n s&aacute;ng Alva - Đơn vị thi c&ocirc;ng lắp đặt v&agrave; ph&acirc;n phối đ&aacute; tự nhi&ecirc;n xuy&ecirc;n s&aacute;ng To&agrave;n Quốc. Hiện nay, Alva đ&atilde; c&oacute; kho đ&aacute; v&agrave; đội ngũ kỹ thuật kỹ sư tại Hải Ph&ograve;ng để phục vụ c&aacute;c c&ocirc;ng tr&igrave;nh v&agrave; đại l&yacute; đ&aacute; b&aacute;n lẻ.</p>\r\n', '<h2>Nh&agrave; cung cấp v&agrave; ph&acirc;n phối đ&aacute; xuy&ecirc;n s&aacute;ng Alva</h2>\r\n\r\n<p>C&ocirc;ng ty TNHH ALVA l&agrave; Đơn vị khai th&aacute;c đ&aacute; tự nhi&ecirc;n. Từ việc cung cấp, ph&acirc;n phối đ&aacute;, tư vấn sản phẩm, thiết kế, đến gia c&ocirc;ng sản xuất, thi c&ocirc;ng lắp đặt ho&agrave;n thiện. Với đội ngũ nh&acirc;n sự chuy&ecirc;n nghiệp gồm c&aacute;c kỹ sư thiết kế &amp; thi c&ocirc;ng c&oacute; bề d&agrave;y kinh nghiệm, đội ngũ c&ocirc;ng nh&acirc;n l&agrave;nh nghề, trang thiết bị m&aacute;y m&oacute;c, nh&agrave; xưởng hiện đại</p>\r\n\r\n<p><img alt=\"Đá xuyên sáng alva tại hải phòng\" src=\"/uploads/images/c%E1%BB%A7a%20hi%E1%BA%BFu/%E1%BA%A3nh%20kho%20%C4%91%C3%A1/5ffd319ce2c82a9673d9.jpg\" style=\"height:1200px; width:900px\" /></p>\r\n\r\n<p style=\"text-align:center\"><em>Ảnh thực tế tại kho Alva tại Hải Ph&ograve;ng</em></p>\r\n\r\n<h2>Đội ngũ thi c&ocirc;ng chuy&ecirc;n nghiệp tại Hải Ph&ograve;ng</h2>\r\n\r\n<p>Hiện nay, Alva đ&atilde; c&oacute; đội ngũ thi c&ocirc;ng v&agrave; lắp đặt tại Hải Ph&ograve;ng để kịp cung ứng cho thị trường Hải Ph&ograve;ng. Với mẫu m&atilde; đa dạng như đ&aacute; marble, Đ&aacute; ngọc,... Đ&aacute; xuy&ecirc;n s&aacute;ng Alva&nbsp;với chiến lược trong 3 năm tới sẽ l&agrave; nh&agrave; ph&acirc;n phối v&agrave; thi c&ocirc;ng số 1 về đ&aacute; tự nhi&ecirc;n xuy&ecirc;n s&aacute;ng tại Hải Ph&ograve;ng.</p>\r\n\r\n<p><a href=\"https://daxuyensang.vn/da-xuyen-sang-alva/da-ngoc-tu-nhien-xuyen-sang-avb09\"><em>Xem th&ecirc;m: Đ&aacute; ngọc AVB09 - Thuộc c&ocirc;ng ty TNHH Alva</em></a></p>\r\n\r\n<p><img alt=\"Đá xuyên sáng Alva tại Hải Phòng\" src=\"/uploads/images/c%E1%BB%A7a%20hi%E1%BA%BFu/AVB09/18.png\" style=\"height:800px; width:800px\" /></p>\r\n\r\n<p style=\"text-align:center\"><em>Tranh đ&aacute; AVB09 - Thuộc c&ocirc;ng ty TNHH ALVA</em></p>\r\n\r\n<p><a href=\"https://daxuyensang.vn/phan-phoi-da-xuyen-sang-toan-quoc\"><em>Xem th&ecirc;m: C&ocirc;ng ty TNHH&nbsp;Alva - Ph&acirc;n phối đ&aacute; xuy&ecirc;n s&aacute;ng To&agrave;n Quốc</em></a></p>\r\n\r\n<p><em><img alt=\"Đá xuyên sáng Alva tại Hải Phòng\" src=\"/uploads/images/c%E1%BB%A7a%20hi%E1%BA%BFu/AVB09/19.png\" style=\"height:800px; width:800px\" /></em></p>\r\n\r\n<p style=\"text-align:center\"><em>Đ&aacute; ốp nền AVB09 - Thuộc c&ocirc;ng ty TNHH Alva</em></p>\r\n\r\n<p>H&atilde;y li&ecirc;n hệ ngay với Alva để nhận tư vấn v&agrave; b&aacute;o gi&aacute; tốt nhất!</p>\r\n', '2021-11-03', '1', 1, 'thi-cong-da-tu-nhien-tai-hai-phong', 1),
(36, 'Công ty TNHH Alva thi công đá xuyên sáng tại Hải Phòng', '2021-11-09-14-47-02untitled-1.png', '2021-11-09-14-47-02untitled-2.png', '<p>C&ocirc;ng ty TNHH Alva chuy&ecirc;n thi c&ocirc;ng v&agrave; ph&acirc;n phối đ&aacute; xuy&ecirc;n s&aacute;ng tại Hải Ph&ograve;ng. Sản phẩm đ&aacute; thuộc Alva l&agrave; đ&aacute; khai th&aacute;c trong tự nhi&ecirc;n n&ecirc;n c&oacute; nhiều lợi &iacute;ch về mặt độc lạ v&agrave; sức khỏe đổi với gia chủ sử dụng.</p>\r\n', '<h2>Thi c&ocirc;ng đ&aacute; tự nhi&ecirc;n xuy&ecirc;n s&aacute;ng tại Hải Ph&ograve;ng</h2>\r\n\r\n<p>C&ocirc;ng ty TNHH Alva chuy&ecirc;n thi c&ocirc;ng v&agrave; ph&acirc;n phối đ&aacute; tự nhi&ecirc;n xuy&ecirc;n s&aacute;ng To&agrave;n Quốc. Hiện nay, Alva đ&atilde; c&oacute; kho đ&aacute; tại Hải Ph&ograve;ng để cung cấp v&agrave; ph&acirc;n phối đ&aacute; cho thị trường Hải Ph&ograve;ng được tốt hơn.</p>\r\n\r\n<p><a href=\"https://daxuyensang.vn/tranh-da-tu-nhien-xuyen-sang-alva\"><em>Xem th&ecirc;m: Tranh đ&aacute; tự nhi&ecirc;n Alva l&agrave; g&igrave;?</em></a></p>\r\n\r\n<p><img alt=\"Đá xuyên sáng tại hải phòng - đá xuyên sáng alva\" src=\"/uploads/images/c%E1%BB%A7a%20hi%E1%BA%BFu/AVB16/12.png\" style=\"height:1200px; width:1600px\" /></p>\r\n\r\n<p style=\"text-align:center\"><em>Kho đ&aacute; tổng c&ocirc;ng ty TNHH Alva Tại Hải Ph&ograve;ng</em></p>\r\n\r\n<h2>Đội ngũ thi c&ocirc;ng chuy&ecirc;n nghiệp tại Hải Ph&ograve;ng</h2>\r\n\r\n<p>Alva đ&atilde; đưa đội ngũ kỹ thuật v&agrave; chuy&ecirc;n vi&ecirc;n tư vấn nhiều năm kinh nghiệm để mở rộng&nbsp;quy m&ocirc;&nbsp;thị trường đ&aacute; tại Hải Ph&ograve;ng. Với ch&acirc;m ng&ocirc;n một kh&aacute;ch h&agrave;ng một chuy&ecirc;n vi&ecirc;n, Alva sẽ đi c&ugrave;ng bạn từ bước tư vấn đến khi ho&agrave;n thiện y&ecirc;u cầu v&agrave; được sự h&agrave;i l&ograve;ng của bạn.</p>\r\n\r\n<p><img alt=\"Đội ngũ thi công chuyên nghiệp - đá xuyên sáng alva\" src=\"/uploads/images/c%E1%BB%A7a%20hi%E1%BA%BFu/AVB16/6(2).png\" style=\"height:1200px; width:1600px\" /></p>\r\n\r\n<p style=\"text-align:center\"><em>H&igrave;nh ảnh thợ đ&aacute; Alva đang m&agrave;i đ&aacute;</em></p>\r\n\r\n<h2>Ph&acirc;n phối đ&aacute; tự nhi&ecirc;n xuy&ecirc;n s&aacute;ng To&agrave;n Quốc</h2>\r\n\r\n<p>Hiện nay, Alva vẫn đang l&agrave; c&ocirc;ng ty ph&acirc;n phối đ&aacute; tự nhi&ecirc;n xuy&ecirc;n s&aacute;ng cho nhiều đại l&yacute; đ&aacute; To&agrave;n Quốc. Đại l&yacute; của Alva trải d&agrave;i từ Bắc - Trung - Nam, chỉ cần c&oacute; Alva mọi nhu cầu của c&aacute;c đơn vị, đối t&aacute;c, kh&aacute;ch h&agrave;ng đều được đ&aacute;p ứng mọi y&ecirc;u cầu về đ&aacute; tự nhi&ecirc;n của Alva.</p>\r\n\r\n<p><a href=\"https://daxuyensang.vn/da-xuyen-sang-alva/da-ngoc-tu-nhien-avb16\"><em>Xem th&ecirc;m: Đ&aacute; ngọc tự nhi&ecirc;n xuy&ecirc;n s&aacute;ng Alva AVB16</em></a></p>\r\n\r\n<p><img alt=\"đá xuyên sáng Alva\" src=\"/uploads/images/c%E1%BB%A7a%20hi%E1%BA%BFu/AVB16/6(3).png\" style=\"height:1050px; width:1500px\" /></p>\r\n\r\n<p style=\"text-align:center\"><em>H&igrave;nh ảnh sản phẩm tranh đ&aacute; Alva</em></p>\r\n\r\n<p>H&atilde;y li&ecirc;n hệ với Alva để nhận tư vấn v&agrave; b&aacute;o gi&aacute; tốt nhất!</p>\r\n', '2021-11-09', '1', 1, 'thi-cong-da-xuyen-sang-tai-hai-phong', 1),
(37, 'Đá Marble Trắng Muối Tự Nhiên Thuộc Công Ty TNHH Alva', '2021-11-13-17-41-23tm1.png', '2021-11-13-17-41-23tm2.png', '<p>C&ocirc;ng ty TNHH Alva ph&acirc;n phối v&agrave; thi c&ocirc;ng đ&aacute; xuy&ecirc;n s&aacute;ng To&agrave;n Quốc. Đ&aacute; Marble trắng muối thuộc Alva được khai th&aacute;c từ tự nhi&ecirc;n n&ecirc;n c&oacute; gi&aacute; trị cao về gi&aacute; trị sức khỏe đổi với gia chủ, gi&aacute; cả cạnh tranh.</p>\r\n', '<h2>Đ&aacute; Marble Trắng Muối L&agrave; G&igrave;?</h2>\r\n\r\n<p>Đ&aacute; marble trắng muối hay c&ograve;n gọi tắt l&agrave; đ&aacute; trắng muối tự nhi&ecirc;n l&agrave; một loại đ&aacute; v&ocirc;i biến thể, được tạo th&agrave;nh trong qu&aacute; tr&igrave;nh kiến tạo của vỏ tr&aacute;i đất.</p>\r\n\r\n<p><img alt=\"Đá Marble Trắng muối - Đá xuyên sáng Alva\" src=\"/uploads/images/c%E1%BB%A7a%20hi%E1%BA%BFu/Marble%20tr%E1%BA%AFng%20mu%E1%BB%91i/A4.png\" style=\"height:450px; width:800px\" /></p>\r\n\r\n<h2>Đ&aacute; Marble Trắng Muối Được Khai Th&aacute;c Ở Đ&acirc;u?</h2>\r\n\r\n<p>Đ&aacute; marble trắng muối của ALVA được khai th&aacute;c tại mỏ đ&aacute; thuộc tỉnh Y&ecirc;n B&aacute;i. C&oacute; hai loại l&agrave; đ&aacute; trắng muối c&oacute; v&acirc;n v&agrave; đ&aacute; trắng muối kh&ocirc;ng c&oacute; v&acirc;n. Đ&aacute; c&oacute; m&agrave;u trắng tinh tế dễ d&agrave;ng phối m&agrave;u với c&aacute;c loại đ&aacute; hoa cương kh&aacute;c.</p>\r\n\r\n<p><img alt=\"Khai thác đá tự nhiên - Đá xuyên sáng Alva\" src=\"/uploads/images/mo-da-alva.jpg\" style=\"height:720px; width:960px\" /></p>\r\n\r\n<h2>Ứng Dụng Của Đ&aacute; Trắng Marble&nbsp;Muối Alva</h2>\r\n\r\n<p>Đ&aacute; c&oacute; độ bền cao, khả năng chịu nhiệt tốt, chống trầy xước, chống thấm, dễ d&agrave;ng vệ sinh với bề mặt nhẵn b&oacute;ng n&ecirc;n được sử dụng trong ốp l&aacute;t mặt tiền, cầu thang, mặt b&agrave;n bếp, ốp tường, quầy bar...</p>\r\n\r\n<p><img alt=\"Đá xuyên sáng Alva\" src=\"/uploads/images/c%E1%BB%A7a%20hi%E1%BA%BFu/Marble%20tr%E1%BA%AFng%20mu%E1%BB%91i/A1.png\" style=\"height:450px; width:800px\" /></p>\r\n\r\n<p style=\"text-align:center\"><em>Đ&aacute; Marble trắng muối ốp cầu thang</em></p>\r\n\r\n<p><em><img alt=\"Tranh đá trắng muối - Đá Xuyên Sáng Alva\" src=\"/uploads/images/c%E1%BB%A7a%20hi%E1%BA%BFu/Marble%20tr%E1%BA%AFng%20mu%E1%BB%91i/TM1.png\" style=\"height:1500px; width:1500px\" /></em></p>\r\n\r\n<p style=\"text-align:center\"><em>Tranh đ&aacute; Marble trắng muối Alva</em></p>\r\n\r\n<p>H&atilde;y li&ecirc;n hệ với Alva để nhận tư vấn v&agrave; b&aacute;o gi&aacute; tốt nhất!</p>\r\n', '2021-11-13', '1', 1, 'da-trang-muoi', 1),
(38, 'Phân Phối Đá Xuyên Sáng Tại Hải Phòng', '2021-11-18-17-13-081.1.png', '2021-11-18-17-13-08untitled-1.png', '<p>Đ&aacute; xuy&ecirc;n s&aacute;ng Alva - Ph&acirc;n phối v&agrave; thi c&ocirc;ng đ&aacute; xuy&ecirc;n s&aacute;ng To&agrave;n Quốc nay đ&atilde; c&oacute; kho đ&aacute; tại Hải Ph&ograve;ng nhằm đ&aacute;p ứng nhu cầu về đ&aacute; tự nhi&ecirc;n tại thị trường Hải Ph&ograve;ng.</p>\r\n', '<p>C&ocirc;ng ty TNHH ALVA l&agrave; Đơn vị khai th&aacute;c đ&aacute; tự nhi&ecirc;n. Từ việc cung cấp, ph&acirc;n phối đ&aacute;, tư vấn sản phẩm, thiết kế, đến gia c&ocirc;ng sản xuất, thi c&ocirc;ng lắp đặt ho&agrave;n thiện. Với đội ngũ nh&acirc;n sự chuy&ecirc;n nghiệp gồm c&aacute;c kỹ sư thiết kế &amp; thi c&ocirc;ng c&oacute; bề d&agrave;y kinh nghiệm, đội ngũ c&ocirc;ng nh&acirc;n l&agrave;nh nghề, trang thiết bị m&aacute;y m&oacute;c, nh&agrave; xưởng hiện đại.</p>\r\n\r\n<p><img alt=\"kho đá hải phòng - đá xuyên sáng\" src=\"/uploads/images/c%E1%BB%A7a%20hi%E1%BA%BFu/%E1%BA%A3nh%20kho%20%C4%91%C3%A1/12.jpg\" style=\"height:1200px; width:1600px\" /></p>\r\n\r\n<p style=\"text-align:center\"><em>H&igrave;nh ảnh kho đ&aacute; Alva tại Hải Ph&ograve;ng</em></p>\r\n\r\n<h2>Tại sao n&ecirc;n sử dụng đ&aacute; xuy&ecirc;n s&aacute;ng v&agrave;o c&ocirc;ng tr&igrave;nh của bạn</h2>\r\n\r\n<p>V&igrave;&nbsp;đ&aacute; xuy&ecirc;n s&aacute;ng Alva&nbsp;được khai th&aacute;c từ tự nhi&ecirc;n n&ecirc;n những tấm&nbsp;đ&aacute; của Alva sau khi thi c&ocirc;ng th&igrave; kh&ocirc;ng c&oacute; v&acirc;n&nbsp;đ&aacute; n&agrave;o giống v&acirc;n&nbsp;đ&aacute; n&agrave;o. Tạo&nbsp;được sự&nbsp;độc&nbsp;đ&aacute;o, qu&yacute; hiếm của&nbsp;đ&aacute; xuy&ecirc;n s&aacute;ng.</p>\r\n\r\n<p><img alt=\"Đá xuyên sáng tại Hải Phòng - Đá xuyên sáng alva\" src=\"/uploads/images/c%E1%BB%A7a%20hi%E1%BA%BFu/BV/3.png\" style=\"height:1050px; width:1500px\" /></p>\r\n\r\n<p style=\"text-align:center\"><em>H&igrave;nh ảnh tranh đ&aacute; xuy&ecirc;n s&aacute;ng Alva đ&atilde; được gh&eacute;p</em></p>\r\n\r\n<p>Đ&aacute; xuy&ecirc;n s&aacute;ng tự nhi&ecirc;n onyx thuộc họ đ&aacute; thạch anh qu&yacute; hiếm, c&oacute; khả năng bắt s&aacute;ng tốt. Với khả năng xuy&ecirc;n s&aacute;ng l&ecirc;n đến 90%, đ&aacute; xuy&ecirc;n s&aacute;ng gi&uacute;p cho c&ocirc;ng tr&igrave;nh kiến tr&uacute;c to&aacute;t l&ecirc;n một vẻ đep lung linh, b&iacute; ẩn, sang trọng v&agrave; v&ocirc; c&ugrave;ng độc đ&aacute;o.</p>\r\n\r\n<p><img alt=\"đá xuyên sáng bắt sáng tốt - đá xuyên sáng alva\" src=\"/uploads/images/c%E1%BB%A7a%20hi%E1%BA%BFu/BV/1.png\" style=\"height:1050px; width:1500px\" /></p>\r\n\r\n<p style=\"text-align:center\"><em>H&igrave;nh ảnh tranh đ&aacute; xuy&ecirc;n s&aacute;ng Alva đ&atilde; được gh&eacute;p</em></p>\r\n\r\n<p>V&igrave; l&agrave;&nbsp;đ&aacute;&nbsp;được khai th&aacute;c trong tự nhi&ecirc;n n&ecirc;n c&oacute; gi&aacute; trị sức khỏe cao cho gia chủ sử dụng đ&aacute;.Trong phong thủy, đ&aacute; tự nhi&ecirc;n đ&aacute; xuy&ecirc;n s&aacute;ng onyx mang rất nhiều năng lượng t&iacute;ch cực c&oacute; t&aacute;c dụng gi&uacute;p con người được mạnh mẽ hơn về thể chất lẫn tinh thần.</p>\r\n\r\n<p><img alt=\"nền nhà đá alva - đá xuyên sáng alva\" src=\"/uploads/images/c%E1%BB%A7a%20hi%E1%BA%BFu/BV/4.png\" style=\"height:1050px; width:1500px\" /></p>\r\n\r\n<p style=\"text-align:center\"><em>Nền nh&agrave; &ocirc;p đ&aacute; tự nhi&ecirc;n Alva</em></p>\r\n\r\n<p>H&atilde;y li&ecirc;n hệ với Alva để nhận b&aacute;o gi&aacute; ch&iacute;nh x&aacute;c nhất!</p>\r\n', '2021-11-18', '1', 1, 'phan-phoi-da-xuyen-sang-tai-hai-phong', 1),
(39, 'Titan Stone - Thi Công Đá Tự Nhiên Xuyên Sáng Tại Hải Phòng', '2021-12-14-15-53-53untitled-1.png', '2021-12-14-15-53-53untitled-2.png', '<p>Titan Stone thi c&ocirc;ng đ&aacute; tự nhi&ecirc;n xuy&ecirc;n s&aacute;ng tại Hải Ph&ograve;ng. Với đội ngũ chuy&ecirc;n vi&ecirc;n tư vấn v&agrave; những kỹ sư l&acirc;u năm trong ng&agrave;nh đ&aacute;, Titan Stone đang dần trở th&agrave;nh một phần tất yếu trong thi c&ocirc;ng - lắp đặt đ&aacute; xuy&ecirc;n s&aacute;ng tại Hải Ph&ograve;ng</p>\r\n', '<h2>Titan Stone - Thi C&ocirc;ng Đ&aacute; Tự Nhi&ecirc;n Xuy&ecirc;n S&aacute;ng Tại Hải Ph&ograve;ng</h2>\r\n\r\n<p>Hiện nay,Titan Stone đang dần mở rộng kho đ&aacute; tại Hải Ph&ograve;ng nhằm cung ứng cho nhu cầu của người sử dụng. Titan Stone đ&atilde; c&oacute; kho đ&aacute; tại Dương kinh với diện t&iacute;ch l&ecirc;n đến 10.000m2 cung cấp đ&aacute; v&agrave; thi c&ocirc;ng lắp đặt đ&aacute; xuy&ecirc;n s&aacute;ng&nbsp;cho thị trường tại Hải Ph&ograve;ng.</p>\r\n\r\n<p><img alt=\"Đá xuyên sáng Hải Phòng - Tian Stone\" src=\"/uploads/images/hieu/B38-M4/Untitled-2.png\" style=\"height:500px; width:800px\" /></p>\r\n\r\n<p style=\"text-align:center\"><em>Tranh đ&aacute; ban đ&ecirc;m tự nhi&ecirc;n xuy&ecirc;n s&aacute;ng Titan Stone</em></p>\r\n\r\n<p>Với đội ngũ nh&acirc;n vi&ecirc;n thi c&ocirc;ng v&agrave; những kỹ sư bề d&agrave;y kinh nghiệm trong ng&agrave;nh đ&aacute;. Với những c&ocirc;ng tr&igrave;nh đ&atilde; đi qua v&agrave; đ&aacute;nh gi&aacute; của người sử dụng, Titan Stone mục ti&ecirc;u trong 3 năm tới sẽ l&agrave; nh&agrave; cung cấp - thi c&ocirc;ng đ&aacute; số một Hải Ph&ograve;ng.</p>\r\n\r\n<p><img alt=\"thi công đá xuyên sáng hải phong - Titan Stone\" src=\"/uploads/images/hieu/AVB38-4/Untitled-3.png\" style=\"height:500px; width:800px\" /></p>\r\n\r\n<p style=\"text-align:center\"><em>Tranh đ&aacute; ban ng&agrave;y&nbsp;tự nhi&ecirc;n xuy&ecirc;n s&aacute;ng Titan Stone</em></p>\r\n\r\n<p>Đến với Titann Stone l&agrave; bạn đang đến với thi&ecirc;n đường về đ&aacute; tự nhi&ecirc;n, những tấm đ&aacute; được khai th&aacute;c v&agrave; thi c&ocirc;ng dưới b&agrave;n tay đi&ecirc;u luyện của đội ngũ chuy&ecirc;n nghiệp từ Titan Stone</p>\r\n\r\n<p><img alt=\"đá xuyên sáng Hải Phòng - Titan Stone\" src=\"/uploads/images/hieu/B38-M4/Untitled-5.jpg\" style=\"height:960px; width:1280px\" /></p>\r\n\r\n<p style=\"text-align:center\"><em>H&igrave;nh ảnh đ&aacute; l&ecirc;n đ&egrave;n của Titan Stone</em></p>\r\n\r\n<p>H&atilde;y li&ecirc;n hệ với Titan Stone&nbsp;để nhận tư vấn v&agrave; b&aacute;o gi&aacute; ch&iacute;nh x&aacute;c nhất!</p>\r\n', '2021-11-25', '1', 1, 'thi-cong-tu-nhien-da-xuyen-sang-hai-phong', 1),
(40, 'Tranh Đá Ngọc Tự Nhiên Xuyên Sáng ANN', '2021-12-14-17-38-05w1.png', '2021-12-14-17-38-05w2.png', '<p>Titan Stone chuy&ecirc;n thi c&ocirc;ng lắp đặt đ&aacute; tự nhi&ecirc;n xuy&ecirc;n s&aacute;ng tại Hải Ph&ograve;ng. Đ&aacute; ngọc tự nhi&ecirc;n xuy&ecirc;n s&aacute;ng ANN được khai th&aacute;c từ tự nhi&ecirc;n n&ecirc;n khi thi c&ocirc;ng tranh sẽ kh&ocirc;ng c&oacute; bức tranh thứ 2, duy tr&igrave; sự độc t&ocirc;n v&agrave; sang trọng cho ng&ocirc;i nh&agrave; của bạn.</p>\r\n', '<h2>Đ&aacute; ngọc xuy&ecirc;n s&aacute;ng l&agrave; g&igrave;?</h2>\r\n\r\n<p>Đ&aacute; ngọc xuy&ecirc;n s&aacute;ng l&agrave; loại đ&aacute; thạch anh được khai th&aacute;c từ tự nhi&ecirc;n v&agrave; c&oacute; thể xuy&ecirc;n s&aacute;ng l&ecirc;n đến 90%.</p>\r\n\r\n<p><img alt=\"Đá xuyên sáng Titan Stone \" src=\"/uploads/images/hieu/ANN/4.png\" style=\"height:800px; width:800px\" /></p>\r\n\r\n<p style=\"text-align:center\"><em>H&igrave;nh ảnh tranh đ&aacute; xuy&ecirc;n s&aacute;ng ANN ban ng&agrave;y thuộc Titan Stone</em></p>\r\n\r\n<h2>Tranh đ&aacute; ngọc xuy&ecirc;n s&aacute;ng ANN c&oacute; g&igrave; h&oacute;t?</h2>\r\n\r\n<p>V&igrave; độ xuy&ecirc;n s&aacute;ng của đ&aacute; l&ecirc;n đến 90% xuy&ecirc;n s&aacute;ng n&ecirc;n d&ograve;ng tranh đ&aacute; ngọc ANN thường được sử dụng chạy đ&egrave;n sau tranh để ph&aacute;t huy tối đa vẻ đẹp huyền b&iacute;.</p>\r\n\r\n<p><img alt=\"Đá ngọc xuyên sáng ANN - Titan Stone\" src=\"/uploads/images/hieu/ANN/5.png\" style=\"height:800px; width:800px\" /></p>\r\n\r\n<p style=\"text-align:center\"><em>H&igrave;nh ảnh tranh đ&aacute; xuy&ecirc;n s&aacute;ng ban đ&ecirc;m thuộc Titan Stone</em></p>\r\n\r\n<p>Th&ocirc;ng thường trong nghệ thuật gh&eacute;p tranh đ&aacute;, tối thiếu c&aacute;c kỹ sư l&acirc;u năm kinh nghiệm trong nghề sẽ chọn lọc ra 2 đến 4 tấm tranh c&ugrave;ng một vi&ecirc;n đ&aacute; cắt ra giống nhau để tạo th&agrave;nh một bức. N&ecirc;n thường mỗi bức tranh được tạo th&agrave;nh th&igrave; sẽ kh&ocirc;ng c&oacute; bức thứ 2 c&oacute; v&acirc;n đ&aacute; giống nhau.</p>\r\n\r\n<p><img alt=\"đá xuyên sáng Titan Stone\" src=\"/uploads/images/hieu/ANN/6.png\" style=\"height:800px; width:800px\" /></p>\r\n\r\n<p style=\"text-align:center\"><em>H&igrave;nh ảnh tấm đ&aacute; khi qua gia c&ocirc;ng tại Titan Stone trước khi đi c&ocirc;ng tr&igrave;nh</em></p>\r\n\r\n<p>H&atilde;y li&ecirc;n hệ đến Titan Stone để nhận tư vấn v&agrave; b&aacute;o gi&aacute; ch&iacute;nh x&aacute;c nhất</p>\r\n', '2021-12-14', '1', 1, 'da-tu-nhien-xuyen-sang-ann', 1),
(41, 'Vẻ Đẹp Độc Và Huyền Bí Đến Từ Thiên Nhiên', '2021-12-17-16-20-03b1.png', '2021-12-17-16-20-03untitled-2.png', '<p>Titan Stone đơn vị thi c&ocirc;ng lắp đặt đ&aacute; tự nhi&ecirc;n xuy&ecirc;n s&aacute;ng uy t&iacute;n tại Hải Ph&ograve;ng. Hiện nay,&nbsp;đ&aacute; tự nhi&ecirc;n&nbsp;được &aacute;p dụng trong nhiều loại c&ocirc;ng tr&igrave;nh phổ biến: nh&agrave; h&agrave;ng, kh&aacute;ch sạn, ph&ograve;ng kh&aacute;ch,... Vậy đ&aacute; tự nhi&ecirc;n c&oacute; g&igrave; hot h&atilde;y c&ugrave;ng Titan Stone t&igrave;m hiểu nh&eacute;!</p>\r\n', '<h2>Vẻ đẹp độc lạ v&agrave; huyền b&iacute; của đ&aacute; tự nhi&ecirc;n từ đ&acirc;u m&agrave; c&oacute;?</h2>\r\n\r\n<p>Đ&aacute; tự nhi&ecirc;n xuy&ecirc;n s&aacute;ng được khai th&aacute;c trong c&aacute;c mỏ tự nhi&ecirc;n. Sau khi xẻ đ&aacute; v&agrave; đ&aacute;nh b&oacute;ng đ&aacute; để th&agrave;nh những tấm đ&aacute; gh&eacute;p th&agrave;nh tranh th&igrave; thường sẽ kh&ocirc;ng c&oacute; bức tranh c&oacute; v&acirc;n đ&aacute; giống nhau thứ 2 v&igrave; thế n&ecirc;n đảm bảo được sự &quot;Độc&quot; của đ&aacute; tự nhi&ecirc;n.</p>\r\n\r\n<p><em>Xem th&ecirc;m: <a href=\"http://v\">Sản phẩm tranh đ&aacute; tự nhi&ecirc;n xuy&ecirc;n s&aacute;ng AVB38-M5 thuộc Titan Stone</a></em></p>\r\n\r\n<p><img alt=\"đá xuyên sáng Titan Stone\" src=\"/uploads/images/BAIVIET/g4.png\" style=\"height:1050px; width:1500px\" /></p>\r\n\r\n<p style=\"text-align:center\"><em>H&igrave;nh ảnh tranh đ&aacute; ngọc tự nhi&ecirc;n xuy&ecirc;n s&aacute;ng ban đ&ecirc;m AVB38 thuộc Titan Stone</em></p>\r\n\r\n<p><em><img alt=\"Tranh đá xuyên sáng ban ngày - Titan Stone\" src=\"/uploads/images/BAIVIET/g1.png\" style=\"height:1092px; width:1500px\" /></em></p>\r\n\r\n<p style=\"text-align:center\"><em>H&igrave;nh ảnh tranh đ&aacute; ngọc tự nhi&ecirc;n xuy&ecirc;n s&aacute;ng ban ng&agrave;y AVB38 thuộc Titan Stone</em></p>\r\n\r\n<p>V&igrave; l&agrave; đ&aacute; thạch anh từ tự nhi&ecirc;n n&ecirc;n c&oacute; khả năng xuy&ecirc;n s&aacute;ng l&ecirc;n đến 90%. Nh&igrave;n b&igrave;nh thường th&igrave; những v&acirc;n đ&aacute; kh&ocirc;ng c&oacute; g&igrave; nổi bật, nhưng sau khi sử dụng đ&egrave;n ph&aacute;t huy tối ưu khả năng xuy&ecirc;n s&aacute;ng th&igrave; bạn c&oacute; thể cảm nhận được vẻ đẹp huyền b&iacute; của từng bức tranh thật vi diệu.</p>\r\n\r\n<p><em>Xem th&ecirc;m: <a href=\"https://titanstone.vn/da-xuyen-sang/da-ngoc-tu-nhien-xuyen-sang-ann\">Sản phẩm tranh đ&aacute; ngọc xuy&ecirc;n s&aacute;ng AVANN</a></em></p>\r\n\r\n<p><img alt=\"tranh đá ngọc tự nhiên xuyên sáng - Titan Stone\" src=\"/uploads/images/BAIVIET/1.png\" style=\"height:1050px; width:1500px\" /></p>\r\n\r\n<p style=\"text-align:center\"><em>H&igrave;nh ảnh tranh đ&aacute; ngọc tự nhi&ecirc;n xuy&ecirc;n s&aacute;ng AVANN thuộc Titan Stone</em></p>\r\n\r\n<p><em><img alt=\"Sản phẩm đá tự nhiên xuyên sáng AVANN - Titan Stone\" src=\"/uploads/images/BAIVIET/2.png\" style=\"height:1050px; width:1500px\" /></em></p>\r\n\r\n<p style=\"text-align:center\"><em>H&igrave;nh ảnh tranh đ&aacute; ngọc tự nhi&ecirc;n xuy&ecirc;n s&aacute;ng AVANN thuộc Titan Stone</em></p>\r\n\r\n<h2>Đ&aacute; tự nhi&ecirc;n xuy&ecirc;n s&aacute;ng thuộc Titan Stone thường sử dụng cho c&ocirc;ng tr&igrave;nh n&agrave;o?</h2>\r\n\r\n<p>V&igrave; l&agrave; đ&aacute; được khai th&aacute;c từ tự nhi&ecirc;n n&ecirc;n đ&aacute; thuộc Titan Stone thường đa dạng về: K&iacute;ch thước, v&acirc;n đ&aacute;, m&agrave;u đ&aacute;. N&ecirc;n thường c&oacute; thể sử dụng cho rất nhiều loại c&ocirc;ng tr&igrave;nh như: Tranh đ&aacute;, ph&ograve;ng kh&aacute;ch, ph&ograve;ng l&agrave;m việc, ốp nền, ốp quầy kệ, ốp bếp, ốp trụ cột,...</p>\r\n\r\n<p><em>Xem th&ecirc;m: <a href=\"https://titanstone.vn/da-xuyen-sang/da-ngoc-tu-nhien-xuyen-sang-avb09\">Sản Phẩm đ&aacute; ngọc&nbsp;tự nhi&ecirc;n xuy&ecirc;n s&aacute;ng AVB09</a></em></p>\r\n\r\n<p><img alt=\"Tranh đá xuyên sáng Titan Stone\" src=\"/uploads/images/BAIVIET/G1.png\" style=\"height:1050px; width:1500px\" /></p>\r\n\r\n<p style=\"text-align:center\"><em>H&igrave;nh ảnh tranh đ&aacute; xuy&ecirc;n s&aacute;ng AVB09 thuộc Titan Stone</em></p>\r\n\r\n<p>H&atilde;y li&ecirc;n hệ đến Titan Stone để nhận tư vấn v&agrave; b&aacute;o gi&aacute; ch&iacute;nh x&aacute;c!</p>\r\n', '2021-12-17', '1', 1, 've-dep-huyen-bi-den-tu-thien-nhien', 1),
(42, 'Titan Stone - Đơn Vị Thi Công Đá Tự Nhiên Xuyên Sáng Tại Hải Phòng', '2022-01-06-17-34-581.png', '2022-01-06-17-34-582.png', '<p>Titan Stone l&agrave; đơn vị thi c&ocirc;ng đ&aacute; tự nhi&ecirc;n xuy&ecirc;n s&aacute;ng tại Hải Ph&ograve;ng. Với hơn 100+ mẫu đ&aacute; tự nhi&ecirc;n v&agrave; nhiều loại v&acirc;n đ&aacute;, đ&aacute;, k&iacute;ch thước đa dạng ph&ugrave; hợp với mọi c&ocirc;ng tr&igrave;nh.&nbsp;</p>\r\n', '<h2>Đ&aacute; ngọc&nbsp;tự nhi&ecirc;n xuy&ecirc;n s&aacute;ng thuộc Titan Stone l&agrave; g&igrave;?</h2>\r\n\r\n<p>L&agrave; loại đ&aacute; c&oacute; tỷ lệ ngọc cao, c&oacute; khả năng xuy&ecirc;n s&aacute;ng l&ecirc;n đến 90%, v&acirc;n đ&aacute; đa m&agrave;u sắc v&agrave; trừu tượng độc đ&aacute;o, rất th&iacute;ch hợp l&agrave;m tranh đ&aacute;.</p>\r\n\r\n<p><img alt=\"Titan Stone\" src=\"/uploads/images/c%E1%BB%A7a%20hi%E1%BA%BFu/BV/1_0_1.png\" style=\"height:800px; width:800px\" /></p>\r\n\r\n<p style=\"text-align:center\"><a href=\"https://bit.ly/TitanStone-ATB-M14\"><em>Tranh đ&aacute; ngọc xuy&ecirc;n s&aacute;ng ban đ&ecirc;m ATB-M14&nbsp;thuộc Titan Stone</em></a></p>\r\n\r\n<h2>Tại sao n&ecirc;n chọn đ&aacute; tự nhi&ecirc;n xuy&ecirc;n s&aacute;ng v&agrave;o c&ocirc;ng tr&igrave;nh nh&agrave; ở?</h2>\r\n\r\n<p>V&igrave; được sinh ra từ tự nhi&ecirc;n n&ecirc;n đ&aacute; tự nhi&ecirc;n xuy&ecirc;n s&aacute;ng thuộc Titan Stone thường được biết đến:</p>\r\n\r\n<p>- Dễ d&agrave;ng vệ sinh.</p>\r\n\r\n<p>- Đảm bảo được sự độc v&agrave; lạ của sản phẩm đ&aacute;.</p>\r\n\r\n<p>- Đa dạng k&iacute;ch thươc, chủng loại l&agrave;m được mọi c&ocirc;ng tr&igrave;nh.</p>\r\n\r\n<p>- Độ d&agrave;y khắt khe (2cm) để đảm bảo t&iacute;nh bền của sản phẩm</p>\r\n\r\n<p><img alt=\"Titan Stone\" src=\"/uploads/images/c%E1%BB%A7a%20hi%E1%BA%BFu/BV/1_2.png\" style=\"height:800px; width:800px\" /></p>\r\n\r\n<p style=\"text-align:center\"><em>Tranh đ&aacute; ngọc ban đ&ecirc;m thuộc TItan Stone - <a href=\"https://titanstone.vn/da-xuyen-sang/da-ngoc-tu-nhien-xuyen-sang-atb-m13\">M&atilde; ATB-M13</a></em></p>\r\n\r\n<p>H&atilde;y li&ecirc;n hệ ngay đến Titan Stone để nhận tư vấn v&agrave; b&aacute;o gi&aacute; ch&iacute;nh x&aacute;c!</p>\r\n', '2022-01-06', '1', 1, 'don-vi-thi-cong-da-xuyen-sang-tai-hai-phong', 1),
(43, 'Mẫu Đá Ngọc ATV27 Mới Năm 2022 ', '2022-02-17-19-03-001.png', '2022-02-17-19-03-002.png', '<p>Titan Stone - Đơn vị thi c&ocirc;ng đ&aacute; tự nhi&ecirc;n xuy&ecirc;n s&aacute;ng uy t&iacute;n tại Hải Ph&ograve;ng. Với đội ngũ nh&acirc;n vi&ecirc;n nhiều năm kinh nghiệm trong ng&agrave;nh đ&aacute; c&ugrave;ng hơn 100+ mẫu đ&aacute; đa dạng k&iacute;ch thước, v&acirc;n đ&aacute;. Titan Stone lu&ocirc;n l&agrave;m h&agrave;i l&ograve;ng mọi qu&yacute; kh&aacute;ch h&agrave;ng.</p>\r\n', '<h2>Đ&aacute; ngọc ATV27 l&agrave; g&igrave;?</h2>\r\n\r\n<p>L&agrave; loại đ&aacute; thuộc họ nh&agrave; đ&aacute; thạch anh, c&oacute; độ xuy&ecirc;n s&aacute;ng l&ecirc;n đến 90% . Đ&aacute; ngọc tự nhi&ecirc;n xuy&ecirc;n s&aacute;ng ATV27 được khai th&aacute;c từ c&aacute;c mỏ, sau khi được m&agrave;i giũa th&agrave;nh những tấm v&acirc;n đ&aacute; ho&agrave;n chỉnh được vận chuyển về kho.&nbsp;<br />\r\n<img alt=\"ảnh tranh đá xuyên sáng ATV27 - thuộc titan stone\" src=\"/uploads/images/c%E1%BB%A7a%20hi%E1%BA%BFu/ATV27/3.png\" style=\"height:1005px; width:1500px\" /></p>\r\n\r\n<p style=\"text-align:center\"><em>Ảnh minh họa tranh đ&aacute; tự nhi&ecirc;n xuy&ecirc;n s&aacute;ng ATV27 thuộc Titan Stone</em></p>\r\n\r\n<p>Như đ&atilde; biết về khả năng xuy&ecirc;n s&aacute;ng của đ&aacute; tự nhi&ecirc;n ATV27 c&oacute; thể l&ecirc;n đến 90%. N&ecirc;n sản phẩm c&oacute; thể gh&eacute;p th&ecirc;m đ&egrave;n để tạo n&ecirc;n bức tranh ban đ&ecirc;m cực đẹp.</p>\r\n\r\n<p><img alt=\"Đá ngọc xuyên sáng ATV27 - thuộc Titan Stone\" src=\"/uploads/images/c%E1%BB%A7a%20hi%E1%BA%BFu/ATV27/4.png\" style=\"height:1005px; width:1500px\" /></p>\r\n\r\n<p style=\"text-align:center\"><em>Ảnh minh họa tranh ban đ&ecirc;m ATV27 thuộc Titan Stone</em></p>\r\n\r\n<p>Ngo&agrave;i ra, được biết đến cũng như độ bền của đ&aacute; tự nhi&ecirc;n rất cao. V&agrave; ngo&agrave;i ra đ&aacute; tự nhi&ecirc;n rất &iacute;t khi b&aacute;m bụi n&ecirc;n vệ sinh bề mặt rất dễ d&agrave;ng. Th&iacute;ch hợp l&agrave;m th&ecirc;m như: Ốp cột trụ, mặt b&agrave;n ghế, quầy kệ,...</p>\r\n\r\n<h2>Dưới đ&acirc;y l&agrave; một số c&ocirc;ng tr&igrave;nh c&oacute; thể l&agrave;m được</h2>\r\n\r\n<p>L&agrave;m được bồn rửa tay Lavabo bằng đ&aacute; sang xịn mịn</p>\r\n\r\n<p><img alt=\"ứng dụng làm bồn rửa tay lavabo\" src=\"/uploads/images/c%E1%BB%A7a%20hi%E1%BA%BFu/ATV27/5.png\" style=\"height:1005px; width:1500px\" /></p>\r\n\r\n<p style=\"text-align:center\"><em>H&igrave;nh ảnh minh họa bồn rửa tay bằng đ&aacute; ATV27 Lavabo thuộc Titan Stone</em></p>\r\n\r\n<p>Ốp trụ cột nh&agrave; hoặc cửa ch&iacute;nh, đại sảnh</p>\r\n\r\n<p><img alt=\"hình ảnh ốp trụ cột\" src=\"/uploads/images/c%E1%BB%A7a%20hi%E1%BA%BFu/ATV27/6.png\" style=\"height:1005px; width:1500px\" /></p>\r\n\r\n<p style=\"text-align:center\"><em>H&igrave;nh ảnh minh họa ốp trụ cột cổng ch&iacute;nh bằng đ&aacute; ATV27 thuộc TItan Stone</em></p>\r\n\r\n<p>C&ograve;n đợi g&igrave; m&agrave; kh&ocirc;ng nhắc m&aacute;y gọi ngay đến Titan Stone để nhận tư vấn ch&iacute;nh x&aacute;c nhất!!!!!!</p>\r\n', '2022-02-17', '1', 1, 'mau-da-ngoc-atv27-nam-2022', 1),
(44, 'Thi Công Đá Xuyên Sáng Tại Hải Phòng & Hà Nội', '2022-02-26-16-25-27untitled-1.png', '2022-02-26-16-25-27untitled-2.png', '<p>Titan Stone - Đơn vị thi c&ocirc;ng đ&aacute; xuy&ecirc;n s&aacute;ng tại Hải Ph&ograve;ng &amp; H&agrave; Nội. Với hơn 100+ mẫu đ&aacute; tự tự nhi&ecirc;n đa dạng về k&iacute;ch thước, v&acirc;n đ&aacute;. Titan Stone đang sở hữu đội thi c&ocirc;ng c&oacute; kinh nghiệm nhiều năm trong ng&agrave;nh đ&aacute; v&agrave; đ&atilde; được chứng thực qua nhiều c&ocirc;ng tr&igrave;nh. H&atilde;y li&ecirc;n hệ đến Titan Stone để nhận tư vấn v&agrave; b&aacute;o gi&aacute; ch&iacute;nh x&aacute;c nhất.</p>\r\n', '<p>Titan Stone hiện đang l&agrave; đơn vị thi c&ocirc;ng đi đầu tại thị trường Hải Ph&ograve;ng &amp; H&agrave; Nội về ng&agrave;nh đ&aacute; tự nhi&ecirc;n xuy&ecirc;n s&aacute;ng. Kh&aacute;ch h&agrave;ng t&igrave;m đến Titan Stone l&agrave; t&igrave;m đến sự mới mẻ trong cấu tr&uacute;c c&ocirc;ng tr&igrave;nh nh&agrave; ở. Với niềm tự h&agrave;o đem lại cho qu&yacute; kh&aacute;ch h&agrave;ng cảm gi&aacute;c sang trọng, cao cấp từ những c&ocirc;ng tr&igrave;nh Titan Stone đi qua.</p>\r\n\r\n<p><img alt=\"ảnh kho đá thực tế Titan Stone\" src=\"/uploads/images/c%E1%BB%A7a%20hi%E1%BA%BFu/%E1%BA%A3nh%20kho%20%C4%91%C3%A1/Untitled-3.png\" style=\"height:800px; width:800px\" /></p>\r\n\r\n<p style=\"text-align:center\"><em>H&igrave;nh ảnh thực tế một phần của kho đ&aacute; Titan Stone</em></p>\r\n\r\n<h2>Thi C&ocirc;ng Tranh Đ&aacute; Tại Hải Ph&ograve;ng &amp; H&agrave; Nội</h2>\r\n\r\n<p>Hiện nay, Titan Stone c&oacute; hơn 100+ mẫu đ&aacute; tự nhi&ecirc;n xuy&ecirc;n s&aacute;ng đa dạng về k&iacute;ch thước v&agrave; v&acirc;n đ&aacute; cho việc sử dụng v&agrave;o c&ocirc;ng tr&igrave;nh Tranh đ&aacute;. Tranh đ&aacute; thường được sử dụng trong những c&ocirc;ng tr&igrave;nh như: Ph&ograve;ng kh&aacute;ch, ph&ograve;ng ăn, ph&ograve;ng l&agrave;m việc,...</p>\r\n\r\n<p><img alt=\"\" src=\"/uploads/images/c%E1%BB%A7a%20hi%E1%BA%BFu/T2-2022/AT22/0_0_0.png\" style=\"height:800px; width:800px\" /></p>\r\n\r\n<p style=\"text-align:center\"><a href=\"https://titanstone.vn/da-xuyen-sang/da-ngoc-tu-nhien-xuyen-sang-at22\"><em>H&igrave;nh ảnh minh họa mẫu tranh đ&aacute; ban đ&ecirc;m đ&aacute; AT22 thuộc TItan Stone</em></a></p>\r\n\r\n<p><em><img alt=\"ảnh tranh đá ban đêm\" src=\"/uploads/images/c%E1%BB%A7a%20hi%E1%BA%BFu/T2-2022/AT23/0_0_0_01.png\" style=\"height:800px; width:800px\" /></em></p>\r\n\r\n<p style=\"text-align:center\"><a href=\"https://titanstone.vn/da-xuyen-sang/da-ngoc-tu-nhien-xuyen-sang-at23\"><em>H&igrave;nh ảnh minh họa tranh đ&aacute; ban đ&ecirc;m đ&aacute; AT23 thuộc Titan Stone</em></a></p>\r\n\r\n<p><em><img alt=\"tranh đá ban đêm\" src=\"/uploads/images/c%E1%BB%A7a%20hi%E1%BA%BFu/T2-2022/ATB23/0_01.png\" style=\"height:800px; width:800px\" /></em></p>\r\n\r\n<p style=\"text-align:center\"><a href=\"https://titanstone.vn/da-xuyen-sang/da-ngoc-tu-nhien-xuyen-sang-atb23\"><em>H&igrave;nh ảnh minh họa tranh đ&aacute; ban đ&ecirc;m đ&aacute; ATB23 thuộc Titan Stone</em></a></p>\r\n\r\n<p><em><img alt=\"tranh đá ban đêm\" src=\"/uploads/images/c%E1%BB%A7a%20hi%E1%BA%BFu/T2-2022/ATB32/0_0_0.png\" style=\"height:800px; width:800px\" /></em></p>\r\n\r\n<p style=\"text-align:center\"><a href=\"https://titanstone.vn/da-xuyen-sang/da-ngoc-tu-nhien-xuyen-sang-atb32\"><em>H&igrave;nh ảnh minh họa tranh đ&aacute; ban đ&ecirc;m đ&aacute; ATB32 thuộc TItan Stone</em></a></p>\r\n\r\n<p>B&ecirc;n tr&ecirc;n l&agrave; những mẫu tranh đ&aacute; mới nhất năm 2022. Titan Stone c&ograve;n rất nhiều những mẫu tranh đ&aacute; đẹp - phong thủy - đa dạng.</p>\r\n\r\n<p>H&atilde;y li&ecirc;n hệ ngay đến Titan Stone để nhận tư vấn v&agrave; b&aacute;o gi&aacute; ch&iacute;nh x&aacute;c!</p>\r\n', '2022-02-26', '1', 1, 'thi-cong-da-xuyen-sang-tai-hai-phong-ha-noi', 1),
(45, 'Dự án tranh đá Vin Hải Phòng', '2022-03-09-09-20-26vuong.png', '2022-03-09-09-20-26dai.png', '<p>Tranh đ&aacute; tự nhi&ecirc;n xuy&ecirc;n s&aacute;ng tại Vin con</p>\r\n', '<p>nội dung</p>\r\n', '2022-03-09', NULL, 1, 'tranh-da-vin-tai-hai-phong', 1);

-- --------------------------------------------------------

--
-- Table structure for table `tuyendung`
--

CREATE TABLE `tuyendung` (
  `id` int(11) NOT NULL,
  `ten` text DEFAULT NULL,
  `hinh` text DEFAULT NULL,
  `mota` text DEFAULT NULL,
  `noidung` text DEFAULT NULL,
  `ngay` date DEFAULT NULL,
  `slug` text DEFAULT NULL
) ENGINE=InnoDB DEFAULT CHARSET=utf8;

--
-- Dumping data for table `tuyendung`
--

INSERT INTO `tuyendung` (`id`, `ten`, `hinh`, `mota`, `noidung`, `ngay`, `slug`) VALUES
(1, 'Tuyển nhân viên Kinh Doanh đá tự nhiên xuyên sáng', '2021-08-13-10-26-30viec-lam.png', '<p>C&ocirc;ng ty TNHH Alva tuyển nh&acirc;n vi&ecirc;n chuy&ecirc;n kinh doanh sản phẩm đ&aacute; tự nhi&ecirc;n xuy&ecirc;n s&aacute;ng</p>\r\n', '<h2>Th&ocirc;ng tin</h2>\r\n\r\n<p>Mức lương: 15 - 30 triệu</p>\r\n\r\n<p>Kinh nghiệm: Dưới 1 năm</p>\r\n\r\n<p>Tr&igrave;nh độ: Trung cấp</p>\r\n\r\n<p>Tỉnh/Th&agrave;nh phố: Hải Ph&ograve;ng</p>\r\n\r\n<p>Ng&agrave;nh nghề: Kinh doanh, B&aacute;n h&agrave;ng, Chăm s&oacute;c kh&aacute;ch h&agrave;ng</p>\r\n\r\n<p>Số lượng tuyển dụng: 2</p>\r\n\r\n<p>Giới t&iacute;nh: Kh&ocirc;ng y&ecirc;u cầu</p>\r\n\r\n<p>T&iacute;nh chất c&ocirc;ng việc: Giờ h&agrave;nh ch&iacute;nh</p>\r\n\r\n<p>H&igrave;nh thức l&agrave;m việc: Nh&acirc;n vi&ecirc;n ch&iacute;nh thức</p>\r\n\r\n<p>Thời gian thử việc: Nhận việc ngay</p>\r\n\r\n<p>Hạn nộp: 16-08-2021</p>\r\n\r\n<h2>M&ocirc; tả</h2>\r\n\r\n<p>T&igrave;m kiếm kh&aacute;ch h&agrave;ng</p>\r\n\r\n<p>Tiếp cận, chăm s&oacute;c, giới thiệu sản phẩm, tư vấn b&aacute;n h&agrave;ng</p>\r\n\r\n<p>Chịu tr&aacute;ch nhiệm ho&agrave;n th&agrave;nh c&aacute;c chỉ ti&ecirc;u KPI được</p>\r\n\r\n<p>Định kỳ chăm s&oacute;c, hỗ trợ c&aacute;c đại l&yacute;, nh&agrave; ph&acirc;n phối</p>\r\n\r\n<p>Lập danh s&aacute;ch kh&aacute;ch h&agrave;ng, l&ecirc;n kế hoạch chăm s&oacute;c kh&aacute;ch h&agrave;ng</p>\r\n\r\n<p>Đảm bảo việc nhận diện thương hiệu Alva th&ocirc;ng qua việc trưng b&agrave;y tại đại l&yacute;</p>\r\n\r\n<p>Thực hiện c&aacute;c c&ocirc;ng việc thu thập h&igrave;nh ảnh, tư liệu cần thiết cho hoạt động MKT của c&ocirc;ng ty</p>\r\n\r\n<p>Thực hiện c&aacute;c b&aacute;o c&aacute;o li&ecirc;n quan đến hoạt động kinh doanh theo y&ecirc;u cầu của c&ocirc;ng ty</p>\r\n\r\n<h2>Y&ecirc;u cầu</h2>\r\n\r\n<p>Nam giới</p>\r\n\r\n<p>Tuổi 25-40</p>\r\n\r\n<p>C&oacute; Smartphone, c&oacute; phương tiện đi lại</p>\r\n\r\n<p>C&oacute; thể đi c&ocirc;ng t&aacute;c ngo&agrave;i tỉnh (khu vực miền Bắc)</p>\r\n\r\n<p>Giao tiếp tốt</p>\r\n\r\n<p>Mong muốn cống hiến c&ocirc;ng việc để c&oacute; thu nhập cao</p>\r\n\r\n<p>C&oacute; kinh nghiệm ph&aacute;t triển thị trường gạch men l&agrave; 1 lợi thế</p>\r\n\r\n<h2>Quyền lợi</h2>\r\n\r\n<p>Lương cứng + % doanh số: từ 15 triệu đến 30 triệu.</p>\r\n\r\n<p>Nghỉ CN, ng&agrave;y lễ</p>\r\n\r\n<p>Thưởng &ocirc; t&ocirc; nếu đạt KPI</p>\r\n\r\n<p>Thưởng cuối năm nếu đạt chỉ ti&ecirc;u doanh số</p>\r\n\r\n<p>BHXH, thất nghiệp theo quy định</p>\r\n\r\n<p>Được hỗ trợ: Sales Kit b&aacute;n h&agrave;ng, c&ocirc;ng t&aacute;c ph&iacute;</p>\r\n\r\n<p>C&oacute; cơ hội thăng tiến trong c&ocirc;ng việc</p>\r\n', '2021-08-13', 'tuyen-nhan-vien-kinh-doanh-da-tu-nhien-xuyen-sang');

-- --------------------------------------------------------

--
-- Table structure for table `vungmien`
--

CREATE TABLE `vungmien` (
  `id` int(11) NOT NULL,
  `ten` text DEFAULT NULL,
  `slug` text DEFAULT NULL
) ENGINE=InnoDB DEFAULT CHARSET=utf8;

--
-- Dumping data for table `vungmien`
--

INSERT INTO `vungmien` (`id`, `ten`, `slug`) VALUES
(1, 'Miền Bắc', 'dai-ly-mien-bac'),
(2, 'Miền Trung', 'dai-ly-mien-trung'),
(3, 'Miền Nam', 'dai-ly-mien-nam');

--
-- Indexes for dumped tables
--

--
-- Indexes for table `banner`
--
ALTER TABLE `banner`
  ADD PRIMARY KEY (`id`);

--
-- Indexes for table `bannerdanhmuc`
--
ALTER TABLE `bannerdanhmuc`
  ADD PRIMARY KEY (`id`);

--
-- Indexes for table `catalog`
--
ALTER TABLE `catalog`
  ADD PRIMARY KEY (`id`);

--
-- Indexes for table `chinhsach`
--
ALTER TABLE `chinhsach`
  ADD PRIMARY KEY (`id`);

--
-- Indexes for table `company`
--
ALTER TABLE `company`
  ADD PRIMARY KEY (`id`);

--
-- Indexes for table `da`
--
ALTER TABLE `da`
  ADD PRIMARY KEY (`id`);

--
-- Indexes for table `daily`
--
ALTER TABLE `daily`
  ADD PRIMARY KEY (`id`);

--
-- Indexes for table `danhmuc`
--
ALTER TABLE `danhmuc`
  ADD PRIMARY KEY (`id`);

--
-- Indexes for table `doitac`
--
ALTER TABLE `doitac`
  ADD PRIMARY KEY (`id`);

--
-- Indexes for table `donhang`
--
ALTER TABLE `donhang`
  ADD PRIMARY KEY (`id`);

--
-- Indexes for table `duan`
--
ALTER TABLE `duan`
  ADD PRIMARY KEY (`id`);

--
-- Indexes for table `landing`
--
ALTER TABLE `landing`
  ADD PRIMARY KEY (`id`);

--
-- Indexes for table `loai`
--
ALTER TABLE `loai`
  ADD PRIMARY KEY (`id`);

--
-- Indexes for table `loaitin`
--
ALTER TABLE `loaitin`
  ADD PRIMARY KEY (`id`);

--
-- Indexes for table `lydohuy`
--
ALTER TABLE `lydohuy`
  ADD PRIMARY KEY (`id`);

--
-- Indexes for table `tenmien`
--
ALTER TABLE `tenmien`
  ADD PRIMARY KEY (`id`);

--
-- Indexes for table `thanhvien`
--
ALTER TABLE `thanhvien`
  ADD PRIMARY KEY (`id`);

--
-- Indexes for table `thongso`
--
ALTER TABLE `thongso`
  ADD PRIMARY KEY (`id`);

--
-- Indexes for table `tinhthanh`
--
ALTER TABLE `tinhthanh`
  ADD PRIMARY KEY (`id`);

--
-- Indexes for table `tintuc`
--
ALTER TABLE `tintuc`
  ADD PRIMARY KEY (`id`);

--
-- Indexes for table `tuyendung`
--
ALTER TABLE `tuyendung`
  ADD PRIMARY KEY (`id`);

--
-- Indexes for table `vungmien`
--
ALTER TABLE `vungmien`
  ADD PRIMARY KEY (`id`);

--
-- AUTO_INCREMENT for dumped tables
--

--
-- AUTO_INCREMENT for table `banner`
--
ALTER TABLE `banner`
  MODIFY `id` int(11) NOT NULL AUTO_INCREMENT, AUTO_INCREMENT=6;

--
-- AUTO_INCREMENT for table `bannerdanhmuc`
--
ALTER TABLE `bannerdanhmuc`
  MODIFY `id` int(11) NOT NULL AUTO_INCREMENT, AUTO_INCREMENT=3;

--
-- AUTO_INCREMENT for table `catalog`
--
ALTER TABLE `catalog`
  MODIFY `id` int(11) NOT NULL AUTO_INCREMENT, AUTO_INCREMENT=22;

--
-- AUTO_INCREMENT for table `chinhsach`
--
ALTER TABLE `chinhsach`
  MODIFY `id` int(11) NOT NULL AUTO_INCREMENT, AUTO_INCREMENT=5;

--
-- AUTO_INCREMENT for table `company`
--
ALTER TABLE `company`
  MODIFY `id` int(11) NOT NULL AUTO_INCREMENT, AUTO_INCREMENT=2;

--
-- AUTO_INCREMENT for table `da`
--
ALTER TABLE `da`
  MODIFY `id` int(11) NOT NULL AUTO_INCREMENT, AUTO_INCREMENT=73;

--
-- AUTO_INCREMENT for table `daily`
--
ALTER TABLE `daily`
  MODIFY `id` int(11) NOT NULL AUTO_INCREMENT, AUTO_INCREMENT=26;

--
-- AUTO_INCREMENT for table `danhmuc`
--
ALTER TABLE `danhmuc`
  MODIFY `id` int(11) NOT NULL AUTO_INCREMENT, AUTO_INCREMENT=6;

--
-- AUTO_INCREMENT for table `doitac`
--
ALTER TABLE `doitac`
  MODIFY `id` int(11) NOT NULL AUTO_INCREMENT, AUTO_INCREMENT=7;

--
-- AUTO_INCREMENT for table `donhang`
--
ALTER TABLE `donhang`
  MODIFY `id` int(11) NOT NULL AUTO_INCREMENT, AUTO_INCREMENT=150;

--
-- AUTO_INCREMENT for table `duan`
--
ALTER TABLE `duan`
  MODIFY `id` int(11) NOT NULL AUTO_INCREMENT, AUTO_INCREMENT=5;

--
-- AUTO_INCREMENT for table `landing`
--
ALTER TABLE `landing`
  MODIFY `id` int(11) NOT NULL AUTO_INCREMENT, AUTO_INCREMENT=3;

--
-- AUTO_INCREMENT for table `loai`
--
ALTER TABLE `loai`
  MODIFY `id` int(11) NOT NULL AUTO_INCREMENT, AUTO_INCREMENT=7;

--
-- AUTO_INCREMENT for table `loaitin`
--
ALTER TABLE `loaitin`
  MODIFY `id` int(11) NOT NULL AUTO_INCREMENT, AUTO_INCREMENT=4;

--
-- AUTO_INCREMENT for table `lydohuy`
--
ALTER TABLE `lydohuy`
  MODIFY `id` int(11) NOT NULL AUTO_INCREMENT, AUTO_INCREMENT=10;

--
-- AUTO_INCREMENT for table `tenmien`
--
ALTER TABLE `tenmien`
  MODIFY `id` int(11) NOT NULL AUTO_INCREMENT, AUTO_INCREMENT=11;

--
-- AUTO_INCREMENT for table `thanhvien`
--
ALTER TABLE `thanhvien`
  MODIFY `id` int(11) NOT NULL AUTO_INCREMENT, AUTO_INCREMENT=5;

--
-- AUTO_INCREMENT for table `thongso`
--
ALTER TABLE `thongso`
  MODIFY `id` int(11) NOT NULL AUTO_INCREMENT, AUTO_INCREMENT=32;

--
-- AUTO_INCREMENT for table `tinhthanh`
--
ALTER TABLE `tinhthanh`
  MODIFY `id` int(11) NOT NULL AUTO_INCREMENT, AUTO_INCREMENT=15;

--
-- AUTO_INCREMENT for table `tintuc`
--
ALTER TABLE `tintuc`
  MODIFY `id` int(11) NOT NULL AUTO_INCREMENT, AUTO_INCREMENT=46;

--
-- AUTO_INCREMENT for table `tuyendung`
--
ALTER TABLE `tuyendung`
  MODIFY `id` int(11) NOT NULL AUTO_INCREMENT, AUTO_INCREMENT=2;

--
-- AUTO_INCREMENT for table `vungmien`
--
ALTER TABLE `vungmien`
  MODIFY `id` int(11) NOT NULL AUTO_INCREMENT, AUTO_INCREMENT=4;
COMMIT;

/*!40101 SET CHARACTER_SET_CLIENT=@OLD_CHARACTER_SET_CLIENT */;
/*!40101 SET CHARACTER_SET_RESULTS=@OLD_CHARACTER_SET_RESULTS */;
/*!40101 SET COLLATION_CONNECTION=@OLD_COLLATION_CONNECTION */;
